asset_id,folder,filename,type,status,target_size,description
MM-00001,Art/Characters/Workers/Miners,worker_miner_lv01_idle_01.png,PNG,planned,512x512,character animation frame
MM-00002,Art/Characters/Workers/Miners,worker_miner_lv01_idle_02.png,PNG,planned,512x512,character animation frame
MM-00003,Art/Characters/Workers/Miners,worker_miner_lv01_idle_03.png,PNG,planned,512x512,character animation frame
MM-00004,Art/Characters/Workers/Miners,worker_miner_lv01_idle_04.png,PNG,planned,512x512,character animation frame
MM-00005,Art/Characters/Workers/Miners,worker_miner_lv01_idle_05.png,PNG,planned,512x512,character animation frame
MM-00006,Art/Characters/Workers/Miners,worker_miner_lv01_idle_06.png,PNG,planned,512x512,character animation frame
MM-00007,Art/Characters/Workers/Miners,worker_miner_lv01_idle_07.png,PNG,planned,512x512,character animation frame
MM-00008,Art/Characters/Workers/Miners,worker_miner_lv01_idle_08.png,PNG,planned,512x512,character animation frame
MM-00009,Art/Characters/Workers/Miners,worker_miner_lv01_idle_09.png,PNG,planned,512x512,character animation frame
MM-00010,Art/Characters/Workers/Miners,worker_miner_lv01_idle_10.png,PNG,planned,512x512,character animation frame
MM-00011,Art/Characters/Workers/Miners,worker_miner_lv01_idle_11.png,PNG,planned,512x512,character animation frame
MM-00012,Art/Characters/Workers/Miners,worker_miner_lv01_idle_12.png,PNG,planned,512x512,character animation frame
MM-00013,Art/Characters/Workers/Miners,worker_miner_lv01_walk_01.png,PNG,planned,512x512,character animation frame
MM-00014,Art/Characters/Workers/Miners,worker_miner_lv01_walk_02.png,PNG,planned,512x512,character animation frame
MM-00015,Art/Characters/Workers/Miners,worker_miner_lv01_walk_03.png,PNG,planned,512x512,character animation frame
MM-00016,Art/Characters/Workers/Miners,worker_miner_lv01_walk_04.png,PNG,planned,512x512,character animation frame
MM-00017,Art/Characters/Workers/Miners,worker_miner_lv01_walk_05.png,PNG,planned,512x512,character animation frame
MM-00018,Art/Characters/Workers/Miners,worker_miner_lv01_walk_06.png,PNG,planned,512x512,character animation frame
MM-00019,Art/Characters/Workers/Miners,worker_miner_lv01_walk_07.png,PNG,planned,512x512,character animation frame
MM-00020,Art/Characters/Workers/Miners,worker_miner_lv01_walk_08.png,PNG,planned,512x512,character animation frame
MM-00021,Art/Characters/Workers/Miners,worker_miner_lv01_walk_09.png,PNG,planned,512x512,character animation frame
MM-00022,Art/Characters/Workers/Miners,worker_miner_lv01_walk_10.png,PNG,planned,512x512,character animation frame
MM-00023,Art/Characters/Workers/Miners,worker_miner_lv01_walk_11.png,PNG,planned,512x512,character animation frame
MM-00024,Art/Characters/Workers/Miners,worker_miner_lv01_walk_12.png,PNG,planned,512x512,character animation frame
MM-00025,Art/Characters/Workers/Miners,worker_miner_lv01_work_01.png,PNG,planned,512x512,character animation frame
MM-00026,Art/Characters/Workers/Miners,worker_miner_lv01_work_02.png,PNG,planned,512x512,character animation frame
MM-00027,Art/Characters/Workers/Miners,worker_miner_lv01_work_03.png,PNG,planned,512x512,character animation frame
MM-00028,Art/Characters/Workers/Miners,worker_miner_lv01_work_04.png,PNG,planned,512x512,character animation frame
MM-00029,Art/Characters/Workers/Miners,worker_miner_lv01_work_05.png,PNG,planned,512x512,character animation frame
MM-00030,Art/Characters/Workers/Miners,worker_miner_lv01_work_06.png,PNG,planned,512x512,character animation frame
MM-00031,Art/Characters/Workers/Miners,worker_miner_lv01_work_07.png,PNG,planned,512x512,character animation frame
MM-00032,Art/Characters/Workers/Miners,worker_miner_lv01_work_08.png,PNG,planned,512x512,character animation frame
MM-00033,Art/Characters/Workers/Miners,worker_miner_lv01_work_09.png,PNG,planned,512x512,character animation frame
MM-00034,Art/Characters/Workers/Miners,worker_miner_lv01_work_10.png,PNG,planned,512x512,character animation frame
MM-00035,Art/Characters/Workers/Miners,worker_miner_lv01_work_11.png,PNG,planned,512x512,character animation frame
MM-00036,Art/Characters/Workers/Miners,worker_miner_lv01_work_12.png,PNG,planned,512x512,character animation frame
MM-00037,Art/Characters/Workers/Miners,worker_miner_lv01_carry_01.png,PNG,planned,512x512,character animation frame
MM-00038,Art/Characters/Workers/Miners,worker_miner_lv01_carry_02.png,PNG,planned,512x512,character animation frame
MM-00039,Art/Characters/Workers/Miners,worker_miner_lv01_carry_03.png,PNG,planned,512x512,character animation frame
MM-00040,Art/Characters/Workers/Miners,worker_miner_lv01_carry_04.png,PNG,planned,512x512,character animation frame
MM-00041,Art/Characters/Workers/Miners,worker_miner_lv01_carry_05.png,PNG,planned,512x512,character animation frame
MM-00042,Art/Characters/Workers/Miners,worker_miner_lv01_carry_06.png,PNG,planned,512x512,character animation frame
MM-00043,Art/Characters/Workers/Miners,worker_miner_lv01_carry_07.png,PNG,planned,512x512,character animation frame
MM-00044,Art/Characters/Workers/Miners,worker_miner_lv01_carry_08.png,PNG,planned,512x512,character animation frame
MM-00045,Art/Characters/Workers/Miners,worker_miner_lv01_carry_09.png,PNG,planned,512x512,character animation frame
MM-00046,Art/Characters/Workers/Miners,worker_miner_lv01_carry_10.png,PNG,planned,512x512,character animation frame
MM-00047,Art/Characters/Workers/Miners,worker_miner_lv01_carry_11.png,PNG,planned,512x512,character animation frame
MM-00048,Art/Characters/Workers/Miners,worker_miner_lv01_carry_12.png,PNG,planned,512x512,character animation frame
MM-00049,Art/Characters/Workers/Miners,worker_miner_lv02_idle_01.png,PNG,planned,512x512,character animation frame
MM-00050,Art/Characters/Workers/Miners,worker_miner_lv02_idle_02.png,PNG,planned,512x512,character animation frame
MM-00051,Art/Characters/Workers/Miners,worker_miner_lv02_idle_03.png,PNG,planned,512x512,character animation frame
MM-00052,Art/Characters/Workers/Miners,worker_miner_lv02_idle_04.png,PNG,planned,512x512,character animation frame
MM-00053,Art/Characters/Workers/Miners,worker_miner_lv02_idle_05.png,PNG,planned,512x512,character animation frame
MM-00054,Art/Characters/Workers/Miners,worker_miner_lv02_idle_06.png,PNG,planned,512x512,character animation frame
MM-00055,Art/Characters/Workers/Miners,worker_miner_lv02_idle_07.png,PNG,planned,512x512,character animation frame
MM-00056,Art/Characters/Workers/Miners,worker_miner_lv02_idle_08.png,PNG,planned,512x512,character animation frame
MM-00057,Art/Characters/Workers/Miners,worker_miner_lv02_idle_09.png,PNG,planned,512x512,character animation frame
MM-00058,Art/Characters/Workers/Miners,worker_miner_lv02_idle_10.png,PNG,planned,512x512,character animation frame
MM-00059,Art/Characters/Workers/Miners,worker_miner_lv02_idle_11.png,PNG,planned,512x512,character animation frame
MM-00060,Art/Characters/Workers/Miners,worker_miner_lv02_idle_12.png,PNG,planned,512x512,character animation frame
MM-00061,Art/Characters/Workers/Miners,worker_miner_lv02_walk_01.png,PNG,planned,512x512,character animation frame
MM-00062,Art/Characters/Workers/Miners,worker_miner_lv02_walk_02.png,PNG,planned,512x512,character animation frame
MM-00063,Art/Characters/Workers/Miners,worker_miner_lv02_walk_03.png,PNG,planned,512x512,character animation frame
MM-00064,Art/Characters/Workers/Miners,worker_miner_lv02_walk_04.png,PNG,planned,512x512,character animation frame
MM-00065,Art/Characters/Workers/Miners,worker_miner_lv02_walk_05.png,PNG,planned,512x512,character animation frame
MM-00066,Art/Characters/Workers/Miners,worker_miner_lv02_walk_06.png,PNG,planned,512x512,character animation frame
MM-00067,Art/Characters/Workers/Miners,worker_miner_lv02_walk_07.png,PNG,planned,512x512,character animation frame
MM-00068,Art/Characters/Workers/Miners,worker_miner_lv02_walk_08.png,PNG,planned,512x512,character animation frame
MM-00069,Art/Characters/Workers/Miners,worker_miner_lv02_walk_09.png,PNG,planned,512x512,character animation frame
MM-00070,Art/Characters/Workers/Miners,worker_miner_lv02_walk_10.png,PNG,planned,512x512,character animation frame
MM-00071,Art/Characters/Workers/Miners,worker_miner_lv02_walk_11.png,PNG,planned,512x512,character animation frame
MM-00072,Art/Characters/Workers/Miners,worker_miner_lv02_walk_12.png,PNG,planned,512x512,character animation frame
MM-00073,Art/Characters/Workers/Miners,worker_miner_lv02_work_01.png,PNG,planned,512x512,character animation frame
MM-00074,Art/Characters/Workers/Miners,worker_miner_lv02_work_02.png,PNG,planned,512x512,character animation frame
MM-00075,Art/Characters/Workers/Miners,worker_miner_lv02_work_03.png,PNG,planned,512x512,character animation frame
MM-00076,Art/Characters/Workers/Miners,worker_miner_lv02_work_04.png,PNG,planned,512x512,character animation frame
MM-00077,Art/Characters/Workers/Miners,worker_miner_lv02_work_05.png,PNG,planned,512x512,character animation frame
MM-00078,Art/Characters/Workers/Miners,worker_miner_lv02_work_06.png,PNG,planned,512x512,character animation frame
MM-00079,Art/Characters/Workers/Miners,worker_miner_lv02_work_07.png,PNG,planned,512x512,character animation frame
MM-00080,Art/Characters/Workers/Miners,worker_miner_lv02_work_08.png,PNG,planned,512x512,character animation frame
MM-00081,Art/Characters/Workers/Miners,worker_miner_lv02_work_09.png,PNG,planned,512x512,character animation frame
MM-00082,Art/Characters/Workers/Miners,worker_miner_lv02_work_10.png,PNG,planned,512x512,character animation frame
MM-00083,Art/Characters/Workers/Miners,worker_miner_lv02_work_11.png,PNG,planned,512x512,character animation frame
MM-00084,Art/Characters/Workers/Miners,worker_miner_lv02_work_12.png,PNG,planned,512x512,character animation frame
MM-00085,Art/Characters/Workers/Miners,worker_miner_lv02_carry_01.png,PNG,planned,512x512,character animation frame
MM-00086,Art/Characters/Workers/Miners,worker_miner_lv02_carry_02.png,PNG,planned,512x512,character animation frame
MM-00087,Art/Characters/Workers/Miners,worker_miner_lv02_carry_03.png,PNG,planned,512x512,character animation frame
MM-00088,Art/Characters/Workers/Miners,worker_miner_lv02_carry_04.png,PNG,planned,512x512,character animation frame
MM-00089,Art/Characters/Workers/Miners,worker_miner_lv02_carry_05.png,PNG,planned,512x512,character animation frame
MM-00090,Art/Characters/Workers/Miners,worker_miner_lv02_carry_06.png,PNG,planned,512x512,character animation frame
MM-00091,Art/Characters/Workers/Miners,worker_miner_lv02_carry_07.png,PNG,planned,512x512,character animation frame
MM-00092,Art/Characters/Workers/Miners,worker_miner_lv02_carry_08.png,PNG,planned,512x512,character animation frame
MM-00093,Art/Characters/Workers/Miners,worker_miner_lv02_carry_09.png,PNG,planned,512x512,character animation frame
MM-00094,Art/Characters/Workers/Miners,worker_miner_lv02_carry_10.png,PNG,planned,512x512,character animation frame
MM-00095,Art/Characters/Workers/Miners,worker_miner_lv02_carry_11.png,PNG,planned,512x512,character animation frame
MM-00096,Art/Characters/Workers/Miners,worker_miner_lv02_carry_12.png,PNG,planned,512x512,character animation frame
MM-00097,Art/Characters/Workers/Miners,worker_miner_lv03_idle_01.png,PNG,planned,512x512,character animation frame
MM-00098,Art/Characters/Workers/Miners,worker_miner_lv03_idle_02.png,PNG,planned,512x512,character animation frame
MM-00099,Art/Characters/Workers/Miners,worker_miner_lv03_idle_03.png,PNG,planned,512x512,character animation frame
MM-00100,Art/Characters/Workers/Miners,worker_miner_lv03_idle_04.png,PNG,planned,512x512,character animation frame
MM-00101,Art/Characters/Workers/Miners,worker_miner_lv03_idle_05.png,PNG,planned,512x512,character animation frame
MM-00102,Art/Characters/Workers/Miners,worker_miner_lv03_idle_06.png,PNG,planned,512x512,character animation frame
MM-00103,Art/Characters/Workers/Miners,worker_miner_lv03_idle_07.png,PNG,planned,512x512,character animation frame
MM-00104,Art/Characters/Workers/Miners,worker_miner_lv03_idle_08.png,PNG,planned,512x512,character animation frame
MM-00105,Art/Characters/Workers/Miners,worker_miner_lv03_idle_09.png,PNG,planned,512x512,character animation frame
MM-00106,Art/Characters/Workers/Miners,worker_miner_lv03_idle_10.png,PNG,planned,512x512,character animation frame
MM-00107,Art/Characters/Workers/Miners,worker_miner_lv03_idle_11.png,PNG,planned,512x512,character animation frame
MM-00108,Art/Characters/Workers/Miners,worker_miner_lv03_idle_12.png,PNG,planned,512x512,character animation frame
MM-00109,Art/Characters/Workers/Miners,worker_miner_lv03_walk_01.png,PNG,planned,512x512,character animation frame
MM-00110,Art/Characters/Workers/Miners,worker_miner_lv03_walk_02.png,PNG,planned,512x512,character animation frame
MM-00111,Art/Characters/Workers/Miners,worker_miner_lv03_walk_03.png,PNG,planned,512x512,character animation frame
MM-00112,Art/Characters/Workers/Miners,worker_miner_lv03_walk_04.png,PNG,planned,512x512,character animation frame
MM-00113,Art/Characters/Workers/Miners,worker_miner_lv03_walk_05.png,PNG,planned,512x512,character animation frame
MM-00114,Art/Characters/Workers/Miners,worker_miner_lv03_walk_06.png,PNG,planned,512x512,character animation frame
MM-00115,Art/Characters/Workers/Miners,worker_miner_lv03_walk_07.png,PNG,planned,512x512,character animation frame
MM-00116,Art/Characters/Workers/Miners,worker_miner_lv03_walk_08.png,PNG,planned,512x512,character animation frame
MM-00117,Art/Characters/Workers/Miners,worker_miner_lv03_walk_09.png,PNG,planned,512x512,character animation frame
MM-00118,Art/Characters/Workers/Miners,worker_miner_lv03_walk_10.png,PNG,planned,512x512,character animation frame
MM-00119,Art/Characters/Workers/Miners,worker_miner_lv03_walk_11.png,PNG,planned,512x512,character animation frame
MM-00120,Art/Characters/Workers/Miners,worker_miner_lv03_walk_12.png,PNG,planned,512x512,character animation frame
MM-00121,Art/Characters/Workers/Miners,worker_miner_lv03_work_01.png,PNG,planned,512x512,character animation frame
MM-00122,Art/Characters/Workers/Miners,worker_miner_lv03_work_02.png,PNG,planned,512x512,character animation frame
MM-00123,Art/Characters/Workers/Miners,worker_miner_lv03_work_03.png,PNG,planned,512x512,character animation frame
MM-00124,Art/Characters/Workers/Miners,worker_miner_lv03_work_04.png,PNG,planned,512x512,character animation frame
MM-00125,Art/Characters/Workers/Miners,worker_miner_lv03_work_05.png,PNG,planned,512x512,character animation frame
MM-00126,Art/Characters/Workers/Miners,worker_miner_lv03_work_06.png,PNG,planned,512x512,character animation frame
MM-00127,Art/Characters/Workers/Miners,worker_miner_lv03_work_07.png,PNG,planned,512x512,character animation frame
MM-00128,Art/Characters/Workers/Miners,worker_miner_lv03_work_08.png,PNG,planned,512x512,character animation frame
MM-00129,Art/Characters/Workers/Miners,worker_miner_lv03_work_09.png,PNG,planned,512x512,character animation frame
MM-00130,Art/Characters/Workers/Miners,worker_miner_lv03_work_10.png,PNG,planned,512x512,character animation frame
MM-00131,Art/Characters/Workers/Miners,worker_miner_lv03_work_11.png,PNG,planned,512x512,character animation frame
MM-00132,Art/Characters/Workers/Miners,worker_miner_lv03_work_12.png,PNG,planned,512x512,character animation frame
MM-00133,Art/Characters/Workers/Miners,worker_miner_lv03_carry_01.png,PNG,planned,512x512,character animation frame
MM-00134,Art/Characters/Workers/Miners,worker_miner_lv03_carry_02.png,PNG,planned,512x512,character animation frame
MM-00135,Art/Characters/Workers/Miners,worker_miner_lv03_carry_03.png,PNG,planned,512x512,character animation frame
MM-00136,Art/Characters/Workers/Miners,worker_miner_lv03_carry_04.png,PNG,planned,512x512,character animation frame
MM-00137,Art/Characters/Workers/Miners,worker_miner_lv03_carry_05.png,PNG,planned,512x512,character animation frame
MM-00138,Art/Characters/Workers/Miners,worker_miner_lv03_carry_06.png,PNG,planned,512x512,character animation frame
MM-00139,Art/Characters/Workers/Miners,worker_miner_lv03_carry_07.png,PNG,planned,512x512,character animation frame
MM-00140,Art/Characters/Workers/Miners,worker_miner_lv03_carry_08.png,PNG,planned,512x512,character animation frame
MM-00141,Art/Characters/Workers/Miners,worker_miner_lv03_carry_09.png,PNG,planned,512x512,character animation frame
MM-00142,Art/Characters/Workers/Miners,worker_miner_lv03_carry_10.png,PNG,planned,512x512,character animation frame
MM-00143,Art/Characters/Workers/Miners,worker_miner_lv03_carry_11.png,PNG,planned,512x512,character animation frame
MM-00144,Art/Characters/Workers/Miners,worker_miner_lv03_carry_12.png,PNG,planned,512x512,character animation frame
MM-00145,Art/Characters/Workers/Miners,worker_miner_lv04_idle_01.png,PNG,planned,512x512,character animation frame
MM-00146,Art/Characters/Workers/Miners,worker_miner_lv04_idle_02.png,PNG,planned,512x512,character animation frame
MM-00147,Art/Characters/Workers/Miners,worker_miner_lv04_idle_03.png,PNG,planned,512x512,character animation frame
MM-00148,Art/Characters/Workers/Miners,worker_miner_lv04_idle_04.png,PNG,planned,512x512,character animation frame
MM-00149,Art/Characters/Workers/Miners,worker_miner_lv04_idle_05.png,PNG,planned,512x512,character animation frame
MM-00150,Art/Characters/Workers/Miners,worker_miner_lv04_idle_06.png,PNG,planned,512x512,character animation frame
MM-00151,Art/Characters/Workers/Miners,worker_miner_lv04_idle_07.png,PNG,planned,512x512,character animation frame
MM-00152,Art/Characters/Workers/Miners,worker_miner_lv04_idle_08.png,PNG,planned,512x512,character animation frame
MM-00153,Art/Characters/Workers/Miners,worker_miner_lv04_idle_09.png,PNG,planned,512x512,character animation frame
MM-00154,Art/Characters/Workers/Miners,worker_miner_lv04_idle_10.png,PNG,planned,512x512,character animation frame
MM-00155,Art/Characters/Workers/Miners,worker_miner_lv04_idle_11.png,PNG,planned,512x512,character animation frame
MM-00156,Art/Characters/Workers/Miners,worker_miner_lv04_idle_12.png,PNG,planned,512x512,character animation frame
MM-00157,Art/Characters/Workers/Miners,worker_miner_lv04_walk_01.png,PNG,planned,512x512,character animation frame
MM-00158,Art/Characters/Workers/Miners,worker_miner_lv04_walk_02.png,PNG,planned,512x512,character animation frame
MM-00159,Art/Characters/Workers/Miners,worker_miner_lv04_walk_03.png,PNG,planned,512x512,character animation frame
MM-00160,Art/Characters/Workers/Miners,worker_miner_lv04_walk_04.png,PNG,planned,512x512,character animation frame
MM-00161,Art/Characters/Workers/Miners,worker_miner_lv04_walk_05.png,PNG,planned,512x512,character animation frame
MM-00162,Art/Characters/Workers/Miners,worker_miner_lv04_walk_06.png,PNG,planned,512x512,character animation frame
MM-00163,Art/Characters/Workers/Miners,worker_miner_lv04_walk_07.png,PNG,planned,512x512,character animation frame
MM-00164,Art/Characters/Workers/Miners,worker_miner_lv04_walk_08.png,PNG,planned,512x512,character animation frame
MM-00165,Art/Characters/Workers/Miners,worker_miner_lv04_walk_09.png,PNG,planned,512x512,character animation frame
MM-00166,Art/Characters/Workers/Miners,worker_miner_lv04_walk_10.png,PNG,planned,512x512,character animation frame
MM-00167,Art/Characters/Workers/Miners,worker_miner_lv04_walk_11.png,PNG,planned,512x512,character animation frame
MM-00168,Art/Characters/Workers/Miners,worker_miner_lv04_walk_12.png,PNG,planned,512x512,character animation frame
MM-00169,Art/Characters/Workers/Miners,worker_miner_lv04_work_01.png,PNG,planned,512x512,character animation frame
MM-00170,Art/Characters/Workers/Miners,worker_miner_lv04_work_02.png,PNG,planned,512x512,character animation frame
MM-00171,Art/Characters/Workers/Miners,worker_miner_lv04_work_03.png,PNG,planned,512x512,character animation frame
MM-00172,Art/Characters/Workers/Miners,worker_miner_lv04_work_04.png,PNG,planned,512x512,character animation frame
MM-00173,Art/Characters/Workers/Miners,worker_miner_lv04_work_05.png,PNG,planned,512x512,character animation frame
MM-00174,Art/Characters/Workers/Miners,worker_miner_lv04_work_06.png,PNG,planned,512x512,character animation frame
MM-00175,Art/Characters/Workers/Miners,worker_miner_lv04_work_07.png,PNG,planned,512x512,character animation frame
MM-00176,Art/Characters/Workers/Miners,worker_miner_lv04_work_08.png,PNG,planned,512x512,character animation frame
MM-00177,Art/Characters/Workers/Miners,worker_miner_lv04_work_09.png,PNG,planned,512x512,character animation frame
MM-00178,Art/Characters/Workers/Miners,worker_miner_lv04_work_10.png,PNG,planned,512x512,character animation frame
MM-00179,Art/Characters/Workers/Miners,worker_miner_lv04_work_11.png,PNG,planned,512x512,character animation frame
MM-00180,Art/Characters/Workers/Miners,worker_miner_lv04_work_12.png,PNG,planned,512x512,character animation frame
MM-00181,Art/Characters/Workers/Miners,worker_miner_lv04_carry_01.png,PNG,planned,512x512,character animation frame
MM-00182,Art/Characters/Workers/Miners,worker_miner_lv04_carry_02.png,PNG,planned,512x512,character animation frame
MM-00183,Art/Characters/Workers/Miners,worker_miner_lv04_carry_03.png,PNG,planned,512x512,character animation frame
MM-00184,Art/Characters/Workers/Miners,worker_miner_lv04_carry_04.png,PNG,planned,512x512,character animation frame
MM-00185,Art/Characters/Workers/Miners,worker_miner_lv04_carry_05.png,PNG,planned,512x512,character animation frame
MM-00186,Art/Characters/Workers/Miners,worker_miner_lv04_carry_06.png,PNG,planned,512x512,character animation frame
MM-00187,Art/Characters/Workers/Miners,worker_miner_lv04_carry_07.png,PNG,planned,512x512,character animation frame
MM-00188,Art/Characters/Workers/Miners,worker_miner_lv04_carry_08.png,PNG,planned,512x512,character animation frame
MM-00189,Art/Characters/Workers/Miners,worker_miner_lv04_carry_09.png,PNG,planned,512x512,character animation frame
MM-00190,Art/Characters/Workers/Miners,worker_miner_lv04_carry_10.png,PNG,planned,512x512,character animation frame
MM-00191,Art/Characters/Workers/Miners,worker_miner_lv04_carry_11.png,PNG,planned,512x512,character animation frame
MM-00192,Art/Characters/Workers/Miners,worker_miner_lv04_carry_12.png,PNG,planned,512x512,character animation frame
MM-00193,Art/Characters/Workers/Loggers,worker_logger_lv01_idle_01.png,PNG,planned,512x512,character animation frame
MM-00194,Art/Characters/Workers/Loggers,worker_logger_lv01_idle_02.png,PNG,planned,512x512,character animation frame
MM-00195,Art/Characters/Workers/Loggers,worker_logger_lv01_idle_03.png,PNG,planned,512x512,character animation frame
MM-00196,Art/Characters/Workers/Loggers,worker_logger_lv01_idle_04.png,PNG,planned,512x512,character animation frame
MM-00197,Art/Characters/Workers/Loggers,worker_logger_lv01_idle_05.png,PNG,planned,512x512,character animation frame
MM-00198,Art/Characters/Workers/Loggers,worker_logger_lv01_idle_06.png,PNG,planned,512x512,character animation frame
MM-00199,Art/Characters/Workers/Loggers,worker_logger_lv01_idle_07.png,PNG,planned,512x512,character animation frame
MM-00200,Art/Characters/Workers/Loggers,worker_logger_lv01_idle_08.png,PNG,planned,512x512,character animation frame
MM-00201,Art/Characters/Workers/Loggers,worker_logger_lv01_idle_09.png,PNG,planned,512x512,character animation frame
MM-00202,Art/Characters/Workers/Loggers,worker_logger_lv01_idle_10.png,PNG,planned,512x512,character animation frame
MM-00203,Art/Characters/Workers/Loggers,worker_logger_lv01_idle_11.png,PNG,planned,512x512,character animation frame
MM-00204,Art/Characters/Workers/Loggers,worker_logger_lv01_idle_12.png,PNG,planned,512x512,character animation frame
MM-00205,Art/Characters/Workers/Loggers,worker_logger_lv01_walk_01.png,PNG,planned,512x512,character animation frame
MM-00206,Art/Characters/Workers/Loggers,worker_logger_lv01_walk_02.png,PNG,planned,512x512,character animation frame
MM-00207,Art/Characters/Workers/Loggers,worker_logger_lv01_walk_03.png,PNG,planned,512x512,character animation frame
MM-00208,Art/Characters/Workers/Loggers,worker_logger_lv01_walk_04.png,PNG,planned,512x512,character animation frame
MM-00209,Art/Characters/Workers/Loggers,worker_logger_lv01_walk_05.png,PNG,planned,512x512,character animation frame
MM-00210,Art/Characters/Workers/Loggers,worker_logger_lv01_walk_06.png,PNG,planned,512x512,character animation frame
MM-00211,Art/Characters/Workers/Loggers,worker_logger_lv01_walk_07.png,PNG,planned,512x512,character animation frame
MM-00212,Art/Characters/Workers/Loggers,worker_logger_lv01_walk_08.png,PNG,planned,512x512,character animation frame
MM-00213,Art/Characters/Workers/Loggers,worker_logger_lv01_walk_09.png,PNG,planned,512x512,character animation frame
MM-00214,Art/Characters/Workers/Loggers,worker_logger_lv01_walk_10.png,PNG,planned,512x512,character animation frame
MM-00215,Art/Characters/Workers/Loggers,worker_logger_lv01_walk_11.png,PNG,planned,512x512,character animation frame
MM-00216,Art/Characters/Workers/Loggers,worker_logger_lv01_walk_12.png,PNG,planned,512x512,character animation frame
MM-00217,Art/Characters/Workers/Loggers,worker_logger_lv01_work_01.png,PNG,planned,512x512,character animation frame
MM-00218,Art/Characters/Workers/Loggers,worker_logger_lv01_work_02.png,PNG,planned,512x512,character animation frame
MM-00219,Art/Characters/Workers/Loggers,worker_logger_lv01_work_03.png,PNG,planned,512x512,character animation frame
MM-00220,Art/Characters/Workers/Loggers,worker_logger_lv01_work_04.png,PNG,planned,512x512,character animation frame
MM-00221,Art/Characters/Workers/Loggers,worker_logger_lv01_work_05.png,PNG,planned,512x512,character animation frame
MM-00222,Art/Characters/Workers/Loggers,worker_logger_lv01_work_06.png,PNG,planned,512x512,character animation frame
MM-00223,Art/Characters/Workers/Loggers,worker_logger_lv01_work_07.png,PNG,planned,512x512,character animation frame
MM-00224,Art/Characters/Workers/Loggers,worker_logger_lv01_work_08.png,PNG,planned,512x512,character animation frame
MM-00225,Art/Characters/Workers/Loggers,worker_logger_lv01_work_09.png,PNG,planned,512x512,character animation frame
MM-00226,Art/Characters/Workers/Loggers,worker_logger_lv01_work_10.png,PNG,planned,512x512,character animation frame
MM-00227,Art/Characters/Workers/Loggers,worker_logger_lv01_work_11.png,PNG,planned,512x512,character animation frame
MM-00228,Art/Characters/Workers/Loggers,worker_logger_lv01_work_12.png,PNG,planned,512x512,character animation frame
MM-00229,Art/Characters/Workers/Loggers,worker_logger_lv01_carry_01.png,PNG,planned,512x512,character animation frame
MM-00230,Art/Characters/Workers/Loggers,worker_logger_lv01_carry_02.png,PNG,planned,512x512,character animation frame
MM-00231,Art/Characters/Workers/Loggers,worker_logger_lv01_carry_03.png,PNG,planned,512x512,character animation frame
MM-00232,Art/Characters/Workers/Loggers,worker_logger_lv01_carry_04.png,PNG,planned,512x512,character animation frame
MM-00233,Art/Characters/Workers/Loggers,worker_logger_lv01_carry_05.png,PNG,planned,512x512,character animation frame
MM-00234,Art/Characters/Workers/Loggers,worker_logger_lv01_carry_06.png,PNG,planned,512x512,character animation frame
MM-00235,Art/Characters/Workers/Loggers,worker_logger_lv01_carry_07.png,PNG,planned,512x512,character animation frame
MM-00236,Art/Characters/Workers/Loggers,worker_logger_lv01_carry_08.png,PNG,planned,512x512,character animation frame
MM-00237,Art/Characters/Workers/Loggers,worker_logger_lv01_carry_09.png,PNG,planned,512x512,character animation frame
MM-00238,Art/Characters/Workers/Loggers,worker_logger_lv01_carry_10.png,PNG,planned,512x512,character animation frame
MM-00239,Art/Characters/Workers/Loggers,worker_logger_lv01_carry_11.png,PNG,planned,512x512,character animation frame
MM-00240,Art/Characters/Workers/Loggers,worker_logger_lv01_carry_12.png,PNG,planned,512x512,character animation frame
MM-00241,Art/Characters/Workers/Loggers,worker_logger_lv02_idle_01.png,PNG,planned,512x512,character animation frame
MM-00242,Art/Characters/Workers/Loggers,worker_logger_lv02_idle_02.png,PNG,planned,512x512,character animation frame
MM-00243,Art/Characters/Workers/Loggers,worker_logger_lv02_idle_03.png,PNG,planned,512x512,character animation frame
MM-00244,Art/Characters/Workers/Loggers,worker_logger_lv02_idle_04.png,PNG,planned,512x512,character animation frame
MM-00245,Art/Characters/Workers/Loggers,worker_logger_lv02_idle_05.png,PNG,planned,512x512,character animation frame
MM-00246,Art/Characters/Workers/Loggers,worker_logger_lv02_idle_06.png,PNG,planned,512x512,character animation frame
MM-00247,Art/Characters/Workers/Loggers,worker_logger_lv02_idle_07.png,PNG,planned,512x512,character animation frame
MM-00248,Art/Characters/Workers/Loggers,worker_logger_lv02_idle_08.png,PNG,planned,512x512,character animation frame
MM-00249,Art/Characters/Workers/Loggers,worker_logger_lv02_idle_09.png,PNG,planned,512x512,character animation frame
MM-00250,Art/Characters/Workers/Loggers,worker_logger_lv02_idle_10.png,PNG,planned,512x512,character animation frame
MM-00251,Art/Characters/Workers/Loggers,worker_logger_lv02_idle_11.png,PNG,planned,512x512,character animation frame
MM-00252,Art/Characters/Workers/Loggers,worker_logger_lv02_idle_12.png,PNG,planned,512x512,character animation frame
MM-00253,Art/Characters/Workers/Loggers,worker_logger_lv02_walk_01.png,PNG,planned,512x512,character animation frame
MM-00254,Art/Characters/Workers/Loggers,worker_logger_lv02_walk_02.png,PNG,planned,512x512,character animation frame
MM-00255,Art/Characters/Workers/Loggers,worker_logger_lv02_walk_03.png,PNG,planned,512x512,character animation frame
MM-00256,Art/Characters/Workers/Loggers,worker_logger_lv02_walk_04.png,PNG,planned,512x512,character animation frame
MM-00257,Art/Characters/Workers/Loggers,worker_logger_lv02_walk_05.png,PNG,planned,512x512,character animation frame
MM-00258,Art/Characters/Workers/Loggers,worker_logger_lv02_walk_06.png,PNG,planned,512x512,character animation frame
MM-00259,Art/Characters/Workers/Loggers,worker_logger_lv02_walk_07.png,PNG,planned,512x512,character animation frame
MM-00260,Art/Characters/Workers/Loggers,worker_logger_lv02_walk_08.png,PNG,planned,512x512,character animation frame
MM-00261,Art/Characters/Workers/Loggers,worker_logger_lv02_walk_09.png,PNG,planned,512x512,character animation frame
MM-00262,Art/Characters/Workers/Loggers,worker_logger_lv02_walk_10.png,PNG,planned,512x512,character animation frame
MM-00263,Art/Characters/Workers/Loggers,worker_logger_lv02_walk_11.png,PNG,planned,512x512,character animation frame
MM-00264,Art/Characters/Workers/Loggers,worker_logger_lv02_walk_12.png,PNG,planned,512x512,character animation frame
MM-00265,Art/Characters/Workers/Loggers,worker_logger_lv02_work_01.png,PNG,planned,512x512,character animation frame
MM-00266,Art/Characters/Workers/Loggers,worker_logger_lv02_work_02.png,PNG,planned,512x512,character animation frame
MM-00267,Art/Characters/Workers/Loggers,worker_logger_lv02_work_03.png,PNG,planned,512x512,character animation frame
MM-00268,Art/Characters/Workers/Loggers,worker_logger_lv02_work_04.png,PNG,planned,512x512,character animation frame
MM-00269,Art/Characters/Workers/Loggers,worker_logger_lv02_work_05.png,PNG,planned,512x512,character animation frame
MM-00270,Art/Characters/Workers/Loggers,worker_logger_lv02_work_06.png,PNG,planned,512x512,character animation frame
MM-00271,Art/Characters/Workers/Loggers,worker_logger_lv02_work_07.png,PNG,planned,512x512,character animation frame
MM-00272,Art/Characters/Workers/Loggers,worker_logger_lv02_work_08.png,PNG,planned,512x512,character animation frame
MM-00273,Art/Characters/Workers/Loggers,worker_logger_lv02_work_09.png,PNG,planned,512x512,character animation frame
MM-00274,Art/Characters/Workers/Loggers,worker_logger_lv02_work_10.png,PNG,planned,512x512,character animation frame
MM-00275,Art/Characters/Workers/Loggers,worker_logger_lv02_work_11.png,PNG,planned,512x512,character animation frame
MM-00276,Art/Characters/Workers/Loggers,worker_logger_lv02_work_12.png,PNG,planned,512x512,character animation frame
MM-00277,Art/Characters/Workers/Loggers,worker_logger_lv02_carry_01.png,PNG,planned,512x512,character animation frame
MM-00278,Art/Characters/Workers/Loggers,worker_logger_lv02_carry_02.png,PNG,planned,512x512,character animation frame
MM-00279,Art/Characters/Workers/Loggers,worker_logger_lv02_carry_03.png,PNG,planned,512x512,character animation frame
MM-00280,Art/Characters/Workers/Loggers,worker_logger_lv02_carry_04.png,PNG,planned,512x512,character animation frame
MM-00281,Art/Characters/Workers/Loggers,worker_logger_lv02_carry_05.png,PNG,planned,512x512,character animation frame
MM-00282,Art/Characters/Workers/Loggers,worker_logger_lv02_carry_06.png,PNG,planned,512x512,character animation frame
MM-00283,Art/Characters/Workers/Loggers,worker_logger_lv02_carry_07.png,PNG,planned,512x512,character animation frame
MM-00284,Art/Characters/Workers/Loggers,worker_logger_lv02_carry_08.png,PNG,planned,512x512,character animation frame
MM-00285,Art/Characters/Workers/Loggers,worker_logger_lv02_carry_09.png,PNG,planned,512x512,character animation frame
MM-00286,Art/Characters/Workers/Loggers,worker_logger_lv02_carry_10.png,PNG,planned,512x512,character animation frame
MM-00287,Art/Characters/Workers/Loggers,worker_logger_lv02_carry_11.png,PNG,planned,512x512,character animation frame
MM-00288,Art/Characters/Workers/Loggers,worker_logger_lv02_carry_12.png,PNG,planned,512x512,character animation frame
MM-00289,Art/Characters/Workers/Loggers,worker_logger_lv03_idle_01.png,PNG,planned,512x512,character animation frame
MM-00290,Art/Characters/Workers/Loggers,worker_logger_lv03_idle_02.png,PNG,planned,512x512,character animation frame
MM-00291,Art/Characters/Workers/Loggers,worker_logger_lv03_idle_03.png,PNG,planned,512x512,character animation frame
MM-00292,Art/Characters/Workers/Loggers,worker_logger_lv03_idle_04.png,PNG,planned,512x512,character animation frame
MM-00293,Art/Characters/Workers/Loggers,worker_logger_lv03_idle_05.png,PNG,planned,512x512,character animation frame
MM-00294,Art/Characters/Workers/Loggers,worker_logger_lv03_idle_06.png,PNG,planned,512x512,character animation frame
MM-00295,Art/Characters/Workers/Loggers,worker_logger_lv03_idle_07.png,PNG,planned,512x512,character animation frame
MM-00296,Art/Characters/Workers/Loggers,worker_logger_lv03_idle_08.png,PNG,planned,512x512,character animation frame
MM-00297,Art/Characters/Workers/Loggers,worker_logger_lv03_idle_09.png,PNG,planned,512x512,character animation frame
MM-00298,Art/Characters/Workers/Loggers,worker_logger_lv03_idle_10.png,PNG,planned,512x512,character animation frame
MM-00299,Art/Characters/Workers/Loggers,worker_logger_lv03_idle_11.png,PNG,planned,512x512,character animation frame
MM-00300,Art/Characters/Workers/Loggers,worker_logger_lv03_idle_12.png,PNG,planned,512x512,character animation frame
MM-00301,Art/Characters/Workers/Loggers,worker_logger_lv03_walk_01.png,PNG,planned,512x512,character animation frame
MM-00302,Art/Characters/Workers/Loggers,worker_logger_lv03_walk_02.png,PNG,planned,512x512,character animation frame
MM-00303,Art/Characters/Workers/Loggers,worker_logger_lv03_walk_03.png,PNG,planned,512x512,character animation frame
MM-00304,Art/Characters/Workers/Loggers,worker_logger_lv03_walk_04.png,PNG,planned,512x512,character animation frame
MM-00305,Art/Characters/Workers/Loggers,worker_logger_lv03_walk_05.png,PNG,planned,512x512,character animation frame
MM-00306,Art/Characters/Workers/Loggers,worker_logger_lv03_walk_06.png,PNG,planned,512x512,character animation frame
MM-00307,Art/Characters/Workers/Loggers,worker_logger_lv03_walk_07.png,PNG,planned,512x512,character animation frame
MM-00308,Art/Characters/Workers/Loggers,worker_logger_lv03_walk_08.png,PNG,planned,512x512,character animation frame
MM-00309,Art/Characters/Workers/Loggers,worker_logger_lv03_walk_09.png,PNG,planned,512x512,character animation frame
MM-00310,Art/Characters/Workers/Loggers,worker_logger_lv03_walk_10.png,PNG,planned,512x512,character animation frame
MM-00311,Art/Characters/Workers/Loggers,worker_logger_lv03_walk_11.png,PNG,planned,512x512,character animation frame
MM-00312,Art/Characters/Workers/Loggers,worker_logger_lv03_walk_12.png,PNG,planned,512x512,character animation frame
MM-00313,Art/Characters/Workers/Loggers,worker_logger_lv03_work_01.png,PNG,planned,512x512,character animation frame
MM-00314,Art/Characters/Workers/Loggers,worker_logger_lv03_work_02.png,PNG,planned,512x512,character animation frame
MM-00315,Art/Characters/Workers/Loggers,worker_logger_lv03_work_03.png,PNG,planned,512x512,character animation frame
MM-00316,Art/Characters/Workers/Loggers,worker_logger_lv03_work_04.png,PNG,planned,512x512,character animation frame
MM-00317,Art/Characters/Workers/Loggers,worker_logger_lv03_work_05.png,PNG,planned,512x512,character animation frame
MM-00318,Art/Characters/Workers/Loggers,worker_logger_lv03_work_06.png,PNG,planned,512x512,character animation frame
MM-00319,Art/Characters/Workers/Loggers,worker_logger_lv03_work_07.png,PNG,planned,512x512,character animation frame
MM-00320,Art/Characters/Workers/Loggers,worker_logger_lv03_work_08.png,PNG,planned,512x512,character animation frame
MM-00321,Art/Characters/Workers/Loggers,worker_logger_lv03_work_09.png,PNG,planned,512x512,character animation frame
MM-00322,Art/Characters/Workers/Loggers,worker_logger_lv03_work_10.png,PNG,planned,512x512,character animation frame
MM-00323,Art/Characters/Workers/Loggers,worker_logger_lv03_work_11.png,PNG,planned,512x512,character animation frame
MM-00324,Art/Characters/Workers/Loggers,worker_logger_lv03_work_12.png,PNG,planned,512x512,character animation frame
MM-00325,Art/Characters/Workers/Loggers,worker_logger_lv03_carry_01.png,PNG,planned,512x512,character animation frame
MM-00326,Art/Characters/Workers/Loggers,worker_logger_lv03_carry_02.png,PNG,planned,512x512,character animation frame
MM-00327,Art/Characters/Workers/Loggers,worker_logger_lv03_carry_03.png,PNG,planned,512x512,character animation frame
MM-00328,Art/Characters/Workers/Loggers,worker_logger_lv03_carry_04.png,PNG,planned,512x512,character animation frame
MM-00329,Art/Characters/Workers/Loggers,worker_logger_lv03_carry_05.png,PNG,planned,512x512,character animation frame
MM-00330,Art/Characters/Workers/Loggers,worker_logger_lv03_carry_06.png,PNG,planned,512x512,character animation frame
MM-00331,Art/Characters/Workers/Loggers,worker_logger_lv03_carry_07.png,PNG,planned,512x512,character animation frame
MM-00332,Art/Characters/Workers/Loggers,worker_logger_lv03_carry_08.png,PNG,planned,512x512,character animation frame
MM-00333,Art/Characters/Workers/Loggers,worker_logger_lv03_carry_09.png,PNG,planned,512x512,character animation frame
MM-00334,Art/Characters/Workers/Loggers,worker_logger_lv03_carry_10.png,PNG,planned,512x512,character animation frame
MM-00335,Art/Characters/Workers/Loggers,worker_logger_lv03_carry_11.png,PNG,planned,512x512,character animation frame
MM-00336,Art/Characters/Workers/Loggers,worker_logger_lv03_carry_12.png,PNG,planned,512x512,character animation frame
MM-00337,Art/Characters/Workers/Loggers,worker_logger_lv04_idle_01.png,PNG,planned,512x512,character animation frame
MM-00338,Art/Characters/Workers/Loggers,worker_logger_lv04_idle_02.png,PNG,planned,512x512,character animation frame
MM-00339,Art/Characters/Workers/Loggers,worker_logger_lv04_idle_03.png,PNG,planned,512x512,character animation frame
MM-00340,Art/Characters/Workers/Loggers,worker_logger_lv04_idle_04.png,PNG,planned,512x512,character animation frame
MM-00341,Art/Characters/Workers/Loggers,worker_logger_lv04_idle_05.png,PNG,planned,512x512,character animation frame
MM-00342,Art/Characters/Workers/Loggers,worker_logger_lv04_idle_06.png,PNG,planned,512x512,character animation frame
MM-00343,Art/Characters/Workers/Loggers,worker_logger_lv04_idle_07.png,PNG,planned,512x512,character animation frame
MM-00344,Art/Characters/Workers/Loggers,worker_logger_lv04_idle_08.png,PNG,planned,512x512,character animation frame
MM-00345,Art/Characters/Workers/Loggers,worker_logger_lv04_idle_09.png,PNG,planned,512x512,character animation frame
MM-00346,Art/Characters/Workers/Loggers,worker_logger_lv04_idle_10.png,PNG,planned,512x512,character animation frame
MM-00347,Art/Characters/Workers/Loggers,worker_logger_lv04_idle_11.png,PNG,planned,512x512,character animation frame
MM-00348,Art/Characters/Workers/Loggers,worker_logger_lv04_idle_12.png,PNG,planned,512x512,character animation frame
MM-00349,Art/Characters/Workers/Loggers,worker_logger_lv04_walk_01.png,PNG,planned,512x512,character animation frame
MM-00350,Art/Characters/Workers/Loggers,worker_logger_lv04_walk_02.png,PNG,planned,512x512,character animation frame
MM-00351,Art/Characters/Workers/Loggers,worker_logger_lv04_walk_03.png,PNG,planned,512x512,character animation frame
MM-00352,Art/Characters/Workers/Loggers,worker_logger_lv04_walk_04.png,PNG,planned,512x512,character animation frame
MM-00353,Art/Characters/Workers/Loggers,worker_logger_lv04_walk_05.png,PNG,planned,512x512,character animation frame
MM-00354,Art/Characters/Workers/Loggers,worker_logger_lv04_walk_06.png,PNG,planned,512x512,character animation frame
MM-00355,Art/Characters/Workers/Loggers,worker_logger_lv04_walk_07.png,PNG,planned,512x512,character animation frame
MM-00356,Art/Characters/Workers/Loggers,worker_logger_lv04_walk_08.png,PNG,planned,512x512,character animation frame
MM-00357,Art/Characters/Workers/Loggers,worker_logger_lv04_walk_09.png,PNG,planned,512x512,character animation frame
MM-00358,Art/Characters/Workers/Loggers,worker_logger_lv04_walk_10.png,PNG,planned,512x512,character animation frame
MM-00359,Art/Characters/Workers/Loggers,worker_logger_lv04_walk_11.png,PNG,planned,512x512,character animation frame
MM-00360,Art/Characters/Workers/Loggers,worker_logger_lv04_walk_12.png,PNG,planned,512x512,character animation frame
MM-00361,Art/Characters/Workers/Loggers,worker_logger_lv04_work_01.png,PNG,planned,512x512,character animation frame
MM-00362,Art/Characters/Workers/Loggers,worker_logger_lv04_work_02.png,PNG,planned,512x512,character animation frame
MM-00363,Art/Characters/Workers/Loggers,worker_logger_lv04_work_03.png,PNG,planned,512x512,character animation frame
MM-00364,Art/Characters/Workers/Loggers,worker_logger_lv04_work_04.png,PNG,planned,512x512,character animation frame
MM-00365,Art/Characters/Workers/Loggers,worker_logger_lv04_work_05.png,PNG,planned,512x512,character animation frame
MM-00366,Art/Characters/Workers/Loggers,worker_logger_lv04_work_06.png,PNG,planned,512x512,character animation frame
MM-00367,Art/Characters/Workers/Loggers,worker_logger_lv04_work_07.png,PNG,planned,512x512,character animation frame
MM-00368,Art/Characters/Workers/Loggers,worker_logger_lv04_work_08.png,PNG,planned,512x512,character animation frame
MM-00369,Art/Characters/Workers/Loggers,worker_logger_lv04_work_09.png,PNG,planned,512x512,character animation frame
MM-00370,Art/Characters/Workers/Loggers,worker_logger_lv04_work_10.png,PNG,planned,512x512,character animation frame
MM-00371,Art/Characters/Workers/Loggers,worker_logger_lv04_work_11.png,PNG,planned,512x512,character animation frame
MM-00372,Art/Characters/Workers/Loggers,worker_logger_lv04_work_12.png,PNG,planned,512x512,character animation frame
MM-00373,Art/Characters/Workers/Loggers,worker_logger_lv04_carry_01.png,PNG,planned,512x512,character animation frame
MM-00374,Art/Characters/Workers/Loggers,worker_logger_lv04_carry_02.png,PNG,planned,512x512,character animation frame
MM-00375,Art/Characters/Workers/Loggers,worker_logger_lv04_carry_03.png,PNG,planned,512x512,character animation frame
MM-00376,Art/Characters/Workers/Loggers,worker_logger_lv04_carry_04.png,PNG,planned,512x512,character animation frame
MM-00377,Art/Characters/Workers/Loggers,worker_logger_lv04_carry_05.png,PNG,planned,512x512,character animation frame
MM-00378,Art/Characters/Workers/Loggers,worker_logger_lv04_carry_06.png,PNG,planned,512x512,character animation frame
MM-00379,Art/Characters/Workers/Loggers,worker_logger_lv04_carry_07.png,PNG,planned,512x512,character animation frame
MM-00380,Art/Characters/Workers/Loggers,worker_logger_lv04_carry_08.png,PNG,planned,512x512,character animation frame
MM-00381,Art/Characters/Workers/Loggers,worker_logger_lv04_carry_09.png,PNG,planned,512x512,character animation frame
MM-00382,Art/Characters/Workers/Loggers,worker_logger_lv04_carry_10.png,PNG,planned,512x512,character animation frame
MM-00383,Art/Characters/Workers/Loggers,worker_logger_lv04_carry_11.png,PNG,planned,512x512,character animation frame
MM-00384,Art/Characters/Workers/Loggers,worker_logger_lv04_carry_12.png,PNG,planned,512x512,character animation frame
MM-00385,Art/Characters/Workers/Carriers,worker_carrier_lv01_idle_01.png,PNG,planned,512x512,character animation frame
MM-00386,Art/Characters/Workers/Carriers,worker_carrier_lv01_idle_02.png,PNG,planned,512x512,character animation frame
MM-00387,Art/Characters/Workers/Carriers,worker_carrier_lv01_idle_03.png,PNG,planned,512x512,character animation frame
MM-00388,Art/Characters/Workers/Carriers,worker_carrier_lv01_idle_04.png,PNG,planned,512x512,character animation frame
MM-00389,Art/Characters/Workers/Carriers,worker_carrier_lv01_idle_05.png,PNG,planned,512x512,character animation frame
MM-00390,Art/Characters/Workers/Carriers,worker_carrier_lv01_idle_06.png,PNG,planned,512x512,character animation frame
MM-00391,Art/Characters/Workers/Carriers,worker_carrier_lv01_idle_07.png,PNG,planned,512x512,character animation frame
MM-00392,Art/Characters/Workers/Carriers,worker_carrier_lv01_idle_08.png,PNG,planned,512x512,character animation frame
MM-00393,Art/Characters/Workers/Carriers,worker_carrier_lv01_idle_09.png,PNG,planned,512x512,character animation frame
MM-00394,Art/Characters/Workers/Carriers,worker_carrier_lv01_idle_10.png,PNG,planned,512x512,character animation frame
MM-00395,Art/Characters/Workers/Carriers,worker_carrier_lv01_idle_11.png,PNG,planned,512x512,character animation frame
MM-00396,Art/Characters/Workers/Carriers,worker_carrier_lv01_idle_12.png,PNG,planned,512x512,character animation frame
MM-00397,Art/Characters/Workers/Carriers,worker_carrier_lv01_walk_01.png,PNG,planned,512x512,character animation frame
MM-00398,Art/Characters/Workers/Carriers,worker_carrier_lv01_walk_02.png,PNG,planned,512x512,character animation frame
MM-00399,Art/Characters/Workers/Carriers,worker_carrier_lv01_walk_03.png,PNG,planned,512x512,character animation frame
MM-00400,Art/Characters/Workers/Carriers,worker_carrier_lv01_walk_04.png,PNG,planned,512x512,character animation frame
MM-00401,Art/Characters/Workers/Carriers,worker_carrier_lv01_walk_05.png,PNG,planned,512x512,character animation frame
MM-00402,Art/Characters/Workers/Carriers,worker_carrier_lv01_walk_06.png,PNG,planned,512x512,character animation frame
MM-00403,Art/Characters/Workers/Carriers,worker_carrier_lv01_walk_07.png,PNG,planned,512x512,character animation frame
MM-00404,Art/Characters/Workers/Carriers,worker_carrier_lv01_walk_08.png,PNG,planned,512x512,character animation frame
MM-00405,Art/Characters/Workers/Carriers,worker_carrier_lv01_walk_09.png,PNG,planned,512x512,character animation frame
MM-00406,Art/Characters/Workers/Carriers,worker_carrier_lv01_walk_10.png,PNG,planned,512x512,character animation frame
MM-00407,Art/Characters/Workers/Carriers,worker_carrier_lv01_walk_11.png,PNG,planned,512x512,character animation frame
MM-00408,Art/Characters/Workers/Carriers,worker_carrier_lv01_walk_12.png,PNG,planned,512x512,character animation frame
MM-00409,Art/Characters/Workers/Carriers,worker_carrier_lv01_carry_01.png,PNG,planned,512x512,character animation frame
MM-00410,Art/Characters/Workers/Carriers,worker_carrier_lv01_carry_02.png,PNG,planned,512x512,character animation frame
MM-00411,Art/Characters/Workers/Carriers,worker_carrier_lv01_carry_03.png,PNG,planned,512x512,character animation frame
MM-00412,Art/Characters/Workers/Carriers,worker_carrier_lv01_carry_04.png,PNG,planned,512x512,character animation frame
MM-00413,Art/Characters/Workers/Carriers,worker_carrier_lv01_carry_05.png,PNG,planned,512x512,character animation frame
MM-00414,Art/Characters/Workers/Carriers,worker_carrier_lv01_carry_06.png,PNG,planned,512x512,character animation frame
MM-00415,Art/Characters/Workers/Carriers,worker_carrier_lv01_carry_07.png,PNG,planned,512x512,character animation frame
MM-00416,Art/Characters/Workers/Carriers,worker_carrier_lv01_carry_08.png,PNG,planned,512x512,character animation frame
MM-00417,Art/Characters/Workers/Carriers,worker_carrier_lv01_carry_09.png,PNG,planned,512x512,character animation frame
MM-00418,Art/Characters/Workers/Carriers,worker_carrier_lv01_carry_10.png,PNG,planned,512x512,character animation frame
MM-00419,Art/Characters/Workers/Carriers,worker_carrier_lv01_carry_11.png,PNG,planned,512x512,character animation frame
MM-00420,Art/Characters/Workers/Carriers,worker_carrier_lv01_carry_12.png,PNG,planned,512x512,character animation frame
MM-00421,Art/Characters/Workers/Carriers,worker_carrier_lv01_deliver_01.png,PNG,planned,512x512,character animation frame
MM-00422,Art/Characters/Workers/Carriers,worker_carrier_lv01_deliver_02.png,PNG,planned,512x512,character animation frame
MM-00423,Art/Characters/Workers/Carriers,worker_carrier_lv01_deliver_03.png,PNG,planned,512x512,character animation frame
MM-00424,Art/Characters/Workers/Carriers,worker_carrier_lv01_deliver_04.png,PNG,planned,512x512,character animation frame
MM-00425,Art/Characters/Workers/Carriers,worker_carrier_lv01_deliver_05.png,PNG,planned,512x512,character animation frame
MM-00426,Art/Characters/Workers/Carriers,worker_carrier_lv01_deliver_06.png,PNG,planned,512x512,character animation frame
MM-00427,Art/Characters/Workers/Carriers,worker_carrier_lv01_deliver_07.png,PNG,planned,512x512,character animation frame
MM-00428,Art/Characters/Workers/Carriers,worker_carrier_lv01_deliver_08.png,PNG,planned,512x512,character animation frame
MM-00429,Art/Characters/Workers/Carriers,worker_carrier_lv01_deliver_09.png,PNG,planned,512x512,character animation frame
MM-00430,Art/Characters/Workers/Carriers,worker_carrier_lv01_deliver_10.png,PNG,planned,512x512,character animation frame
MM-00431,Art/Characters/Workers/Carriers,worker_carrier_lv01_deliver_11.png,PNG,planned,512x512,character animation frame
MM-00432,Art/Characters/Workers/Carriers,worker_carrier_lv01_deliver_12.png,PNG,planned,512x512,character animation frame
MM-00433,Art/Characters/Workers/Carriers,worker_carrier_lv02_idle_01.png,PNG,planned,512x512,character animation frame
MM-00434,Art/Characters/Workers/Carriers,worker_carrier_lv02_idle_02.png,PNG,planned,512x512,character animation frame
MM-00435,Art/Characters/Workers/Carriers,worker_carrier_lv02_idle_03.png,PNG,planned,512x512,character animation frame
MM-00436,Art/Characters/Workers/Carriers,worker_carrier_lv02_idle_04.png,PNG,planned,512x512,character animation frame
MM-00437,Art/Characters/Workers/Carriers,worker_carrier_lv02_idle_05.png,PNG,planned,512x512,character animation frame
MM-00438,Art/Characters/Workers/Carriers,worker_carrier_lv02_idle_06.png,PNG,planned,512x512,character animation frame
MM-00439,Art/Characters/Workers/Carriers,worker_carrier_lv02_idle_07.png,PNG,planned,512x512,character animation frame
MM-00440,Art/Characters/Workers/Carriers,worker_carrier_lv02_idle_08.png,PNG,planned,512x512,character animation frame
MM-00441,Art/Characters/Workers/Carriers,worker_carrier_lv02_idle_09.png,PNG,planned,512x512,character animation frame
MM-00442,Art/Characters/Workers/Carriers,worker_carrier_lv02_idle_10.png,PNG,planned,512x512,character animation frame
MM-00443,Art/Characters/Workers/Carriers,worker_carrier_lv02_idle_11.png,PNG,planned,512x512,character animation frame
MM-00444,Art/Characters/Workers/Carriers,worker_carrier_lv02_idle_12.png,PNG,planned,512x512,character animation frame
MM-00445,Art/Characters/Workers/Carriers,worker_carrier_lv02_walk_01.png,PNG,planned,512x512,character animation frame
MM-00446,Art/Characters/Workers/Carriers,worker_carrier_lv02_walk_02.png,PNG,planned,512x512,character animation frame
MM-00447,Art/Characters/Workers/Carriers,worker_carrier_lv02_walk_03.png,PNG,planned,512x512,character animation frame
MM-00448,Art/Characters/Workers/Carriers,worker_carrier_lv02_walk_04.png,PNG,planned,512x512,character animation frame
MM-00449,Art/Characters/Workers/Carriers,worker_carrier_lv02_walk_05.png,PNG,planned,512x512,character animation frame
MM-00450,Art/Characters/Workers/Carriers,worker_carrier_lv02_walk_06.png,PNG,planned,512x512,character animation frame
MM-00451,Art/Characters/Workers/Carriers,worker_carrier_lv02_walk_07.png,PNG,planned,512x512,character animation frame
MM-00452,Art/Characters/Workers/Carriers,worker_carrier_lv02_walk_08.png,PNG,planned,512x512,character animation frame
MM-00453,Art/Characters/Workers/Carriers,worker_carrier_lv02_walk_09.png,PNG,planned,512x512,character animation frame
MM-00454,Art/Characters/Workers/Carriers,worker_carrier_lv02_walk_10.png,PNG,planned,512x512,character animation frame
MM-00455,Art/Characters/Workers/Carriers,worker_carrier_lv02_walk_11.png,PNG,planned,512x512,character animation frame
MM-00456,Art/Characters/Workers/Carriers,worker_carrier_lv02_walk_12.png,PNG,planned,512x512,character animation frame
MM-00457,Art/Characters/Workers/Carriers,worker_carrier_lv02_carry_01.png,PNG,planned,512x512,character animation frame
MM-00458,Art/Characters/Workers/Carriers,worker_carrier_lv02_carry_02.png,PNG,planned,512x512,character animation frame
MM-00459,Art/Characters/Workers/Carriers,worker_carrier_lv02_carry_03.png,PNG,planned,512x512,character animation frame
MM-00460,Art/Characters/Workers/Carriers,worker_carrier_lv02_carry_04.png,PNG,planned,512x512,character animation frame
MM-00461,Art/Characters/Workers/Carriers,worker_carrier_lv02_carry_05.png,PNG,planned,512x512,character animation frame
MM-00462,Art/Characters/Workers/Carriers,worker_carrier_lv02_carry_06.png,PNG,planned,512x512,character animation frame
MM-00463,Art/Characters/Workers/Carriers,worker_carrier_lv02_carry_07.png,PNG,planned,512x512,character animation frame
MM-00464,Art/Characters/Workers/Carriers,worker_carrier_lv02_carry_08.png,PNG,planned,512x512,character animation frame
MM-00465,Art/Characters/Workers/Carriers,worker_carrier_lv02_carry_09.png,PNG,planned,512x512,character animation frame
MM-00466,Art/Characters/Workers/Carriers,worker_carrier_lv02_carry_10.png,PNG,planned,512x512,character animation frame
MM-00467,Art/Characters/Workers/Carriers,worker_carrier_lv02_carry_11.png,PNG,planned,512x512,character animation frame
MM-00468,Art/Characters/Workers/Carriers,worker_carrier_lv02_carry_12.png,PNG,planned,512x512,character animation frame
MM-00469,Art/Characters/Workers/Carriers,worker_carrier_lv02_deliver_01.png,PNG,planned,512x512,character animation frame
MM-00470,Art/Characters/Workers/Carriers,worker_carrier_lv02_deliver_02.png,PNG,planned,512x512,character animation frame
MM-00471,Art/Characters/Workers/Carriers,worker_carrier_lv02_deliver_03.png,PNG,planned,512x512,character animation frame
MM-00472,Art/Characters/Workers/Carriers,worker_carrier_lv02_deliver_04.png,PNG,planned,512x512,character animation frame
MM-00473,Art/Characters/Workers/Carriers,worker_carrier_lv02_deliver_05.png,PNG,planned,512x512,character animation frame
MM-00474,Art/Characters/Workers/Carriers,worker_carrier_lv02_deliver_06.png,PNG,planned,512x512,character animation frame
MM-00475,Art/Characters/Workers/Carriers,worker_carrier_lv02_deliver_07.png,PNG,planned,512x512,character animation frame
MM-00476,Art/Characters/Workers/Carriers,worker_carrier_lv02_deliver_08.png,PNG,planned,512x512,character animation frame
MM-00477,Art/Characters/Workers/Carriers,worker_carrier_lv02_deliver_09.png,PNG,planned,512x512,character animation frame
MM-00478,Art/Characters/Workers/Carriers,worker_carrier_lv02_deliver_10.png,PNG,planned,512x512,character animation frame
MM-00479,Art/Characters/Workers/Carriers,worker_carrier_lv02_deliver_11.png,PNG,planned,512x512,character animation frame
MM-00480,Art/Characters/Workers/Carriers,worker_carrier_lv02_deliver_12.png,PNG,planned,512x512,character animation frame
MM-00481,Art/Characters/Workers/Carriers,worker_carrier_lv03_idle_01.png,PNG,planned,512x512,character animation frame
MM-00482,Art/Characters/Workers/Carriers,worker_carrier_lv03_idle_02.png,PNG,planned,512x512,character animation frame
MM-00483,Art/Characters/Workers/Carriers,worker_carrier_lv03_idle_03.png,PNG,planned,512x512,character animation frame
MM-00484,Art/Characters/Workers/Carriers,worker_carrier_lv03_idle_04.png,PNG,planned,512x512,character animation frame
MM-00485,Art/Characters/Workers/Carriers,worker_carrier_lv03_idle_05.png,PNG,planned,512x512,character animation frame
MM-00486,Art/Characters/Workers/Carriers,worker_carrier_lv03_idle_06.png,PNG,planned,512x512,character animation frame
MM-00487,Art/Characters/Workers/Carriers,worker_carrier_lv03_idle_07.png,PNG,planned,512x512,character animation frame
MM-00488,Art/Characters/Workers/Carriers,worker_carrier_lv03_idle_08.png,PNG,planned,512x512,character animation frame
MM-00489,Art/Characters/Workers/Carriers,worker_carrier_lv03_idle_09.png,PNG,planned,512x512,character animation frame
MM-00490,Art/Characters/Workers/Carriers,worker_carrier_lv03_idle_10.png,PNG,planned,512x512,character animation frame
MM-00491,Art/Characters/Workers/Carriers,worker_carrier_lv03_idle_11.png,PNG,planned,512x512,character animation frame
MM-00492,Art/Characters/Workers/Carriers,worker_carrier_lv03_idle_12.png,PNG,planned,512x512,character animation frame
MM-00493,Art/Characters/Workers/Carriers,worker_carrier_lv03_walk_01.png,PNG,planned,512x512,character animation frame
MM-00494,Art/Characters/Workers/Carriers,worker_carrier_lv03_walk_02.png,PNG,planned,512x512,character animation frame
MM-00495,Art/Characters/Workers/Carriers,worker_carrier_lv03_walk_03.png,PNG,planned,512x512,character animation frame
MM-00496,Art/Characters/Workers/Carriers,worker_carrier_lv03_walk_04.png,PNG,planned,512x512,character animation frame
MM-00497,Art/Characters/Workers/Carriers,worker_carrier_lv03_walk_05.png,PNG,planned,512x512,character animation frame
MM-00498,Art/Characters/Workers/Carriers,worker_carrier_lv03_walk_06.png,PNG,planned,512x512,character animation frame
MM-00499,Art/Characters/Workers/Carriers,worker_carrier_lv03_walk_07.png,PNG,planned,512x512,character animation frame
MM-00500,Art/Characters/Workers/Carriers,worker_carrier_lv03_walk_08.png,PNG,planned,512x512,character animation frame
MM-00501,Art/Characters/Workers/Carriers,worker_carrier_lv03_walk_09.png,PNG,planned,512x512,character animation frame
MM-00502,Art/Characters/Workers/Carriers,worker_carrier_lv03_walk_10.png,PNG,planned,512x512,character animation frame
MM-00503,Art/Characters/Workers/Carriers,worker_carrier_lv03_walk_11.png,PNG,planned,512x512,character animation frame
MM-00504,Art/Characters/Workers/Carriers,worker_carrier_lv03_walk_12.png,PNG,planned,512x512,character animation frame
MM-00505,Art/Characters/Workers/Carriers,worker_carrier_lv03_carry_01.png,PNG,planned,512x512,character animation frame
MM-00506,Art/Characters/Workers/Carriers,worker_carrier_lv03_carry_02.png,PNG,planned,512x512,character animation frame
MM-00507,Art/Characters/Workers/Carriers,worker_carrier_lv03_carry_03.png,PNG,planned,512x512,character animation frame
MM-00508,Art/Characters/Workers/Carriers,worker_carrier_lv03_carry_04.png,PNG,planned,512x512,character animation frame
MM-00509,Art/Characters/Workers/Carriers,worker_carrier_lv03_carry_05.png,PNG,planned,512x512,character animation frame
MM-00510,Art/Characters/Workers/Carriers,worker_carrier_lv03_carry_06.png,PNG,planned,512x512,character animation frame
MM-00511,Art/Characters/Workers/Carriers,worker_carrier_lv03_carry_07.png,PNG,planned,512x512,character animation frame
MM-00512,Art/Characters/Workers/Carriers,worker_carrier_lv03_carry_08.png,PNG,planned,512x512,character animation frame
MM-00513,Art/Characters/Workers/Carriers,worker_carrier_lv03_carry_09.png,PNG,planned,512x512,character animation frame
MM-00514,Art/Characters/Workers/Carriers,worker_carrier_lv03_carry_10.png,PNG,planned,512x512,character animation frame
MM-00515,Art/Characters/Workers/Carriers,worker_carrier_lv03_carry_11.png,PNG,planned,512x512,character animation frame
MM-00516,Art/Characters/Workers/Carriers,worker_carrier_lv03_carry_12.png,PNG,planned,512x512,character animation frame
MM-00517,Art/Characters/Workers/Carriers,worker_carrier_lv03_deliver_01.png,PNG,planned,512x512,character animation frame
MM-00518,Art/Characters/Workers/Carriers,worker_carrier_lv03_deliver_02.png,PNG,planned,512x512,character animation frame
MM-00519,Art/Characters/Workers/Carriers,worker_carrier_lv03_deliver_03.png,PNG,planned,512x512,character animation frame
MM-00520,Art/Characters/Workers/Carriers,worker_carrier_lv03_deliver_04.png,PNG,planned,512x512,character animation frame
MM-00521,Art/Characters/Workers/Carriers,worker_carrier_lv03_deliver_05.png,PNG,planned,512x512,character animation frame
MM-00522,Art/Characters/Workers/Carriers,worker_carrier_lv03_deliver_06.png,PNG,planned,512x512,character animation frame
MM-00523,Art/Characters/Workers/Carriers,worker_carrier_lv03_deliver_07.png,PNG,planned,512x512,character animation frame
MM-00524,Art/Characters/Workers/Carriers,worker_carrier_lv03_deliver_08.png,PNG,planned,512x512,character animation frame
MM-00525,Art/Characters/Workers/Carriers,worker_carrier_lv03_deliver_09.png,PNG,planned,512x512,character animation frame
MM-00526,Art/Characters/Workers/Carriers,worker_carrier_lv03_deliver_10.png,PNG,planned,512x512,character animation frame
MM-00527,Art/Characters/Workers/Carriers,worker_carrier_lv03_deliver_11.png,PNG,planned,512x512,character animation frame
MM-00528,Art/Characters/Workers/Carriers,worker_carrier_lv03_deliver_12.png,PNG,planned,512x512,character animation frame
MM-00529,Art/Characters/Workers/Carriers,worker_carrier_lv04_idle_01.png,PNG,planned,512x512,character animation frame
MM-00530,Art/Characters/Workers/Carriers,worker_carrier_lv04_idle_02.png,PNG,planned,512x512,character animation frame
MM-00531,Art/Characters/Workers/Carriers,worker_carrier_lv04_idle_03.png,PNG,planned,512x512,character animation frame
MM-00532,Art/Characters/Workers/Carriers,worker_carrier_lv04_idle_04.png,PNG,planned,512x512,character animation frame
MM-00533,Art/Characters/Workers/Carriers,worker_carrier_lv04_idle_05.png,PNG,planned,512x512,character animation frame
MM-00534,Art/Characters/Workers/Carriers,worker_carrier_lv04_idle_06.png,PNG,planned,512x512,character animation frame
MM-00535,Art/Characters/Workers/Carriers,worker_carrier_lv04_idle_07.png,PNG,planned,512x512,character animation frame
MM-00536,Art/Characters/Workers/Carriers,worker_carrier_lv04_idle_08.png,PNG,planned,512x512,character animation frame
MM-00537,Art/Characters/Workers/Carriers,worker_carrier_lv04_idle_09.png,PNG,planned,512x512,character animation frame
MM-00538,Art/Characters/Workers/Carriers,worker_carrier_lv04_idle_10.png,PNG,planned,512x512,character animation frame
MM-00539,Art/Characters/Workers/Carriers,worker_carrier_lv04_idle_11.png,PNG,planned,512x512,character animation frame
MM-00540,Art/Characters/Workers/Carriers,worker_carrier_lv04_idle_12.png,PNG,planned,512x512,character animation frame
MM-00541,Art/Characters/Workers/Carriers,worker_carrier_lv04_walk_01.png,PNG,planned,512x512,character animation frame
MM-00542,Art/Characters/Workers/Carriers,worker_carrier_lv04_walk_02.png,PNG,planned,512x512,character animation frame
MM-00543,Art/Characters/Workers/Carriers,worker_carrier_lv04_walk_03.png,PNG,planned,512x512,character animation frame
MM-00544,Art/Characters/Workers/Carriers,worker_carrier_lv04_walk_04.png,PNG,planned,512x512,character animation frame
MM-00545,Art/Characters/Workers/Carriers,worker_carrier_lv04_walk_05.png,PNG,planned,512x512,character animation frame
MM-00546,Art/Characters/Workers/Carriers,worker_carrier_lv04_walk_06.png,PNG,planned,512x512,character animation frame
MM-00547,Art/Characters/Workers/Carriers,worker_carrier_lv04_walk_07.png,PNG,planned,512x512,character animation frame
MM-00548,Art/Characters/Workers/Carriers,worker_carrier_lv04_walk_08.png,PNG,planned,512x512,character animation frame
MM-00549,Art/Characters/Workers/Carriers,worker_carrier_lv04_walk_09.png,PNG,planned,512x512,character animation frame
MM-00550,Art/Characters/Workers/Carriers,worker_carrier_lv04_walk_10.png,PNG,planned,512x512,character animation frame
MM-00551,Art/Characters/Workers/Carriers,worker_carrier_lv04_walk_11.png,PNG,planned,512x512,character animation frame
MM-00552,Art/Characters/Workers/Carriers,worker_carrier_lv04_walk_12.png,PNG,planned,512x512,character animation frame
MM-00553,Art/Characters/Workers/Carriers,worker_carrier_lv04_carry_01.png,PNG,planned,512x512,character animation frame
MM-00554,Art/Characters/Workers/Carriers,worker_carrier_lv04_carry_02.png,PNG,planned,512x512,character animation frame
MM-00555,Art/Characters/Workers/Carriers,worker_carrier_lv04_carry_03.png,PNG,planned,512x512,character animation frame
MM-00556,Art/Characters/Workers/Carriers,worker_carrier_lv04_carry_04.png,PNG,planned,512x512,character animation frame
MM-00557,Art/Characters/Workers/Carriers,worker_carrier_lv04_carry_05.png,PNG,planned,512x512,character animation frame
MM-00558,Art/Characters/Workers/Carriers,worker_carrier_lv04_carry_06.png,PNG,planned,512x512,character animation frame
MM-00559,Art/Characters/Workers/Carriers,worker_carrier_lv04_carry_07.png,PNG,planned,512x512,character animation frame
MM-00560,Art/Characters/Workers/Carriers,worker_carrier_lv04_carry_08.png,PNG,planned,512x512,character animation frame
MM-00561,Art/Characters/Workers/Carriers,worker_carrier_lv04_carry_09.png,PNG,planned,512x512,character animation frame
MM-00562,Art/Characters/Workers/Carriers,worker_carrier_lv04_carry_10.png,PNG,planned,512x512,character animation frame
MM-00563,Art/Characters/Workers/Carriers,worker_carrier_lv04_carry_11.png,PNG,planned,512x512,character animation frame
MM-00564,Art/Characters/Workers/Carriers,worker_carrier_lv04_carry_12.png,PNG,planned,512x512,character animation frame
MM-00565,Art/Characters/Workers/Carriers,worker_carrier_lv04_deliver_01.png,PNG,planned,512x512,character animation frame
MM-00566,Art/Characters/Workers/Carriers,worker_carrier_lv04_deliver_02.png,PNG,planned,512x512,character animation frame
MM-00567,Art/Characters/Workers/Carriers,worker_carrier_lv04_deliver_03.png,PNG,planned,512x512,character animation frame
MM-00568,Art/Characters/Workers/Carriers,worker_carrier_lv04_deliver_04.png,PNG,planned,512x512,character animation frame
MM-00569,Art/Characters/Workers/Carriers,worker_carrier_lv04_deliver_05.png,PNG,planned,512x512,character animation frame
MM-00570,Art/Characters/Workers/Carriers,worker_carrier_lv04_deliver_06.png,PNG,planned,512x512,character animation frame
MM-00571,Art/Characters/Workers/Carriers,worker_carrier_lv04_deliver_07.png,PNG,planned,512x512,character animation frame
MM-00572,Art/Characters/Workers/Carriers,worker_carrier_lv04_deliver_08.png,PNG,planned,512x512,character animation frame
MM-00573,Art/Characters/Workers/Carriers,worker_carrier_lv04_deliver_09.png,PNG,planned,512x512,character animation frame
MM-00574,Art/Characters/Workers/Carriers,worker_carrier_lv04_deliver_10.png,PNG,planned,512x512,character animation frame
MM-00575,Art/Characters/Workers/Carriers,worker_carrier_lv04_deliver_11.png,PNG,planned,512x512,character animation frame
MM-00576,Art/Characters/Workers/Carriers,worker_carrier_lv04_deliver_12.png,PNG,planned,512x512,character animation frame
MM-00577,Art/Characters/Workers/Scientists,worker_scientist_lv01_idle_01.png,PNG,planned,512x512,character animation frame
MM-00578,Art/Characters/Workers/Scientists,worker_scientist_lv01_idle_02.png,PNG,planned,512x512,character animation frame
MM-00579,Art/Characters/Workers/Scientists,worker_scientist_lv01_idle_03.png,PNG,planned,512x512,character animation frame
MM-00580,Art/Characters/Workers/Scientists,worker_scientist_lv01_idle_04.png,PNG,planned,512x512,character animation frame
MM-00581,Art/Characters/Workers/Scientists,worker_scientist_lv01_idle_05.png,PNG,planned,512x512,character animation frame
MM-00582,Art/Characters/Workers/Scientists,worker_scientist_lv01_idle_06.png,PNG,planned,512x512,character animation frame
MM-00583,Art/Characters/Workers/Scientists,worker_scientist_lv01_idle_07.png,PNG,planned,512x512,character animation frame
MM-00584,Art/Characters/Workers/Scientists,worker_scientist_lv01_idle_08.png,PNG,planned,512x512,character animation frame
MM-00585,Art/Characters/Workers/Scientists,worker_scientist_lv01_idle_09.png,PNG,planned,512x512,character animation frame
MM-00586,Art/Characters/Workers/Scientists,worker_scientist_lv01_idle_10.png,PNG,planned,512x512,character animation frame
MM-00587,Art/Characters/Workers/Scientists,worker_scientist_lv01_idle_11.png,PNG,planned,512x512,character animation frame
MM-00588,Art/Characters/Workers/Scientists,worker_scientist_lv01_idle_12.png,PNG,planned,512x512,character animation frame
MM-00589,Art/Characters/Workers/Scientists,worker_scientist_lv01_walk_01.png,PNG,planned,512x512,character animation frame
MM-00590,Art/Characters/Workers/Scientists,worker_scientist_lv01_walk_02.png,PNG,planned,512x512,character animation frame
MM-00591,Art/Characters/Workers/Scientists,worker_scientist_lv01_walk_03.png,PNG,planned,512x512,character animation frame
MM-00592,Art/Characters/Workers/Scientists,worker_scientist_lv01_walk_04.png,PNG,planned,512x512,character animation frame
MM-00593,Art/Characters/Workers/Scientists,worker_scientist_lv01_walk_05.png,PNG,planned,512x512,character animation frame
MM-00594,Art/Characters/Workers/Scientists,worker_scientist_lv01_walk_06.png,PNG,planned,512x512,character animation frame
MM-00595,Art/Characters/Workers/Scientists,worker_scientist_lv01_walk_07.png,PNG,planned,512x512,character animation frame
MM-00596,Art/Characters/Workers/Scientists,worker_scientist_lv01_walk_08.png,PNG,planned,512x512,character animation frame
MM-00597,Art/Characters/Workers/Scientists,worker_scientist_lv01_walk_09.png,PNG,planned,512x512,character animation frame
MM-00598,Art/Characters/Workers/Scientists,worker_scientist_lv01_walk_10.png,PNG,planned,512x512,character animation frame
MM-00599,Art/Characters/Workers/Scientists,worker_scientist_lv01_walk_11.png,PNG,planned,512x512,character animation frame
MM-00600,Art/Characters/Workers/Scientists,worker_scientist_lv01_walk_12.png,PNG,planned,512x512,character animation frame
MM-00601,Art/Characters/Workers/Scientists,worker_scientist_lv01_research_01.png,PNG,planned,512x512,character animation frame
MM-00602,Art/Characters/Workers/Scientists,worker_scientist_lv01_research_02.png,PNG,planned,512x512,character animation frame
MM-00603,Art/Characters/Workers/Scientists,worker_scientist_lv01_research_03.png,PNG,planned,512x512,character animation frame
MM-00604,Art/Characters/Workers/Scientists,worker_scientist_lv01_research_04.png,PNG,planned,512x512,character animation frame
MM-00605,Art/Characters/Workers/Scientists,worker_scientist_lv01_research_05.png,PNG,planned,512x512,character animation frame
MM-00606,Art/Characters/Workers/Scientists,worker_scientist_lv01_research_06.png,PNG,planned,512x512,character animation frame
MM-00607,Art/Characters/Workers/Scientists,worker_scientist_lv01_research_07.png,PNG,planned,512x512,character animation frame
MM-00608,Art/Characters/Workers/Scientists,worker_scientist_lv01_research_08.png,PNG,planned,512x512,character animation frame
MM-00609,Art/Characters/Workers/Scientists,worker_scientist_lv01_research_09.png,PNG,planned,512x512,character animation frame
MM-00610,Art/Characters/Workers/Scientists,worker_scientist_lv01_research_10.png,PNG,planned,512x512,character animation frame
MM-00611,Art/Characters/Workers/Scientists,worker_scientist_lv01_research_11.png,PNG,planned,512x512,character animation frame
MM-00612,Art/Characters/Workers/Scientists,worker_scientist_lv01_research_12.png,PNG,planned,512x512,character animation frame
MM-00613,Art/Characters/Workers/Scientists,worker_scientist_lv01_upgrade_01.png,PNG,planned,512x512,character animation frame
MM-00614,Art/Characters/Workers/Scientists,worker_scientist_lv01_upgrade_02.png,PNG,planned,512x512,character animation frame
MM-00615,Art/Characters/Workers/Scientists,worker_scientist_lv01_upgrade_03.png,PNG,planned,512x512,character animation frame
MM-00616,Art/Characters/Workers/Scientists,worker_scientist_lv01_upgrade_04.png,PNG,planned,512x512,character animation frame
MM-00617,Art/Characters/Workers/Scientists,worker_scientist_lv01_upgrade_05.png,PNG,planned,512x512,character animation frame
MM-00618,Art/Characters/Workers/Scientists,worker_scientist_lv01_upgrade_06.png,PNG,planned,512x512,character animation frame
MM-00619,Art/Characters/Workers/Scientists,worker_scientist_lv01_upgrade_07.png,PNG,planned,512x512,character animation frame
MM-00620,Art/Characters/Workers/Scientists,worker_scientist_lv01_upgrade_08.png,PNG,planned,512x512,character animation frame
MM-00621,Art/Characters/Workers/Scientists,worker_scientist_lv01_upgrade_09.png,PNG,planned,512x512,character animation frame
MM-00622,Art/Characters/Workers/Scientists,worker_scientist_lv01_upgrade_10.png,PNG,planned,512x512,character animation frame
MM-00623,Art/Characters/Workers/Scientists,worker_scientist_lv01_upgrade_11.png,PNG,planned,512x512,character animation frame
MM-00624,Art/Characters/Workers/Scientists,worker_scientist_lv01_upgrade_12.png,PNG,planned,512x512,character animation frame
MM-00625,Art/Characters/Workers/Scientists,worker_scientist_lv02_idle_01.png,PNG,planned,512x512,character animation frame
MM-00626,Art/Characters/Workers/Scientists,worker_scientist_lv02_idle_02.png,PNG,planned,512x512,character animation frame
MM-00627,Art/Characters/Workers/Scientists,worker_scientist_lv02_idle_03.png,PNG,planned,512x512,character animation frame
MM-00628,Art/Characters/Workers/Scientists,worker_scientist_lv02_idle_04.png,PNG,planned,512x512,character animation frame
MM-00629,Art/Characters/Workers/Scientists,worker_scientist_lv02_idle_05.png,PNG,planned,512x512,character animation frame
MM-00630,Art/Characters/Workers/Scientists,worker_scientist_lv02_idle_06.png,PNG,planned,512x512,character animation frame
MM-00631,Art/Characters/Workers/Scientists,worker_scientist_lv02_idle_07.png,PNG,planned,512x512,character animation frame
MM-00632,Art/Characters/Workers/Scientists,worker_scientist_lv02_idle_08.png,PNG,planned,512x512,character animation frame
MM-00633,Art/Characters/Workers/Scientists,worker_scientist_lv02_idle_09.png,PNG,planned,512x512,character animation frame
MM-00634,Art/Characters/Workers/Scientists,worker_scientist_lv02_idle_10.png,PNG,planned,512x512,character animation frame
MM-00635,Art/Characters/Workers/Scientists,worker_scientist_lv02_idle_11.png,PNG,planned,512x512,character animation frame
MM-00636,Art/Characters/Workers/Scientists,worker_scientist_lv02_idle_12.png,PNG,planned,512x512,character animation frame
MM-00637,Art/Characters/Workers/Scientists,worker_scientist_lv02_walk_01.png,PNG,planned,512x512,character animation frame
MM-00638,Art/Characters/Workers/Scientists,worker_scientist_lv02_walk_02.png,PNG,planned,512x512,character animation frame
MM-00639,Art/Characters/Workers/Scientists,worker_scientist_lv02_walk_03.png,PNG,planned,512x512,character animation frame
MM-00640,Art/Characters/Workers/Scientists,worker_scientist_lv02_walk_04.png,PNG,planned,512x512,character animation frame
MM-00641,Art/Characters/Workers/Scientists,worker_scientist_lv02_walk_05.png,PNG,planned,512x512,character animation frame
MM-00642,Art/Characters/Workers/Scientists,worker_scientist_lv02_walk_06.png,PNG,planned,512x512,character animation frame
MM-00643,Art/Characters/Workers/Scientists,worker_scientist_lv02_walk_07.png,PNG,planned,512x512,character animation frame
MM-00644,Art/Characters/Workers/Scientists,worker_scientist_lv02_walk_08.png,PNG,planned,512x512,character animation frame
MM-00645,Art/Characters/Workers/Scientists,worker_scientist_lv02_walk_09.png,PNG,planned,512x512,character animation frame
MM-00646,Art/Characters/Workers/Scientists,worker_scientist_lv02_walk_10.png,PNG,planned,512x512,character animation frame
MM-00647,Art/Characters/Workers/Scientists,worker_scientist_lv02_walk_11.png,PNG,planned,512x512,character animation frame
MM-00648,Art/Characters/Workers/Scientists,worker_scientist_lv02_walk_12.png,PNG,planned,512x512,character animation frame
MM-00649,Art/Characters/Workers/Scientists,worker_scientist_lv02_research_01.png,PNG,planned,512x512,character animation frame
MM-00650,Art/Characters/Workers/Scientists,worker_scientist_lv02_research_02.png,PNG,planned,512x512,character animation frame
MM-00651,Art/Characters/Workers/Scientists,worker_scientist_lv02_research_03.png,PNG,planned,512x512,character animation frame
MM-00652,Art/Characters/Workers/Scientists,worker_scientist_lv02_research_04.png,PNG,planned,512x512,character animation frame
MM-00653,Art/Characters/Workers/Scientists,worker_scientist_lv02_research_05.png,PNG,planned,512x512,character animation frame
MM-00654,Art/Characters/Workers/Scientists,worker_scientist_lv02_research_06.png,PNG,planned,512x512,character animation frame
MM-00655,Art/Characters/Workers/Scientists,worker_scientist_lv02_research_07.png,PNG,planned,512x512,character animation frame
MM-00656,Art/Characters/Workers/Scientists,worker_scientist_lv02_research_08.png,PNG,planned,512x512,character animation frame
MM-00657,Art/Characters/Workers/Scientists,worker_scientist_lv02_research_09.png,PNG,planned,512x512,character animation frame
MM-00658,Art/Characters/Workers/Scientists,worker_scientist_lv02_research_10.png,PNG,planned,512x512,character animation frame
MM-00659,Art/Characters/Workers/Scientists,worker_scientist_lv02_research_11.png,PNG,planned,512x512,character animation frame
MM-00660,Art/Characters/Workers/Scientists,worker_scientist_lv02_research_12.png,PNG,planned,512x512,character animation frame
MM-00661,Art/Characters/Workers/Scientists,worker_scientist_lv02_upgrade_01.png,PNG,planned,512x512,character animation frame
MM-00662,Art/Characters/Workers/Scientists,worker_scientist_lv02_upgrade_02.png,PNG,planned,512x512,character animation frame
MM-00663,Art/Characters/Workers/Scientists,worker_scientist_lv02_upgrade_03.png,PNG,planned,512x512,character animation frame
MM-00664,Art/Characters/Workers/Scientists,worker_scientist_lv02_upgrade_04.png,PNG,planned,512x512,character animation frame
MM-00665,Art/Characters/Workers/Scientists,worker_scientist_lv02_upgrade_05.png,PNG,planned,512x512,character animation frame
MM-00666,Art/Characters/Workers/Scientists,worker_scientist_lv02_upgrade_06.png,PNG,planned,512x512,character animation frame
MM-00667,Art/Characters/Workers/Scientists,worker_scientist_lv02_upgrade_07.png,PNG,planned,512x512,character animation frame
MM-00668,Art/Characters/Workers/Scientists,worker_scientist_lv02_upgrade_08.png,PNG,planned,512x512,character animation frame
MM-00669,Art/Characters/Workers/Scientists,worker_scientist_lv02_upgrade_09.png,PNG,planned,512x512,character animation frame
MM-00670,Art/Characters/Workers/Scientists,worker_scientist_lv02_upgrade_10.png,PNG,planned,512x512,character animation frame
MM-00671,Art/Characters/Workers/Scientists,worker_scientist_lv02_upgrade_11.png,PNG,planned,512x512,character animation frame
MM-00672,Art/Characters/Workers/Scientists,worker_scientist_lv02_upgrade_12.png,PNG,planned,512x512,character animation frame
MM-00673,Art/Characters/Workers/Scientists,worker_scientist_lv03_idle_01.png,PNG,planned,512x512,character animation frame
MM-00674,Art/Characters/Workers/Scientists,worker_scientist_lv03_idle_02.png,PNG,planned,512x512,character animation frame
MM-00675,Art/Characters/Workers/Scientists,worker_scientist_lv03_idle_03.png,PNG,planned,512x512,character animation frame
MM-00676,Art/Characters/Workers/Scientists,worker_scientist_lv03_idle_04.png,PNG,planned,512x512,character animation frame
MM-00677,Art/Characters/Workers/Scientists,worker_scientist_lv03_idle_05.png,PNG,planned,512x512,character animation frame
MM-00678,Art/Characters/Workers/Scientists,worker_scientist_lv03_idle_06.png,PNG,planned,512x512,character animation frame
MM-00679,Art/Characters/Workers/Scientists,worker_scientist_lv03_idle_07.png,PNG,planned,512x512,character animation frame
MM-00680,Art/Characters/Workers/Scientists,worker_scientist_lv03_idle_08.png,PNG,planned,512x512,character animation frame
MM-00681,Art/Characters/Workers/Scientists,worker_scientist_lv03_idle_09.png,PNG,planned,512x512,character animation frame
MM-00682,Art/Characters/Workers/Scientists,worker_scientist_lv03_idle_10.png,PNG,planned,512x512,character animation frame
MM-00683,Art/Characters/Workers/Scientists,worker_scientist_lv03_idle_11.png,PNG,planned,512x512,character animation frame
MM-00684,Art/Characters/Workers/Scientists,worker_scientist_lv03_idle_12.png,PNG,planned,512x512,character animation frame
MM-00685,Art/Characters/Workers/Scientists,worker_scientist_lv03_walk_01.png,PNG,planned,512x512,character animation frame
MM-00686,Art/Characters/Workers/Scientists,worker_scientist_lv03_walk_02.png,PNG,planned,512x512,character animation frame
MM-00687,Art/Characters/Workers/Scientists,worker_scientist_lv03_walk_03.png,PNG,planned,512x512,character animation frame
MM-00688,Art/Characters/Workers/Scientists,worker_scientist_lv03_walk_04.png,PNG,planned,512x512,character animation frame
MM-00689,Art/Characters/Workers/Scientists,worker_scientist_lv03_walk_05.png,PNG,planned,512x512,character animation frame
MM-00690,Art/Characters/Workers/Scientists,worker_scientist_lv03_walk_06.png,PNG,planned,512x512,character animation frame
MM-00691,Art/Characters/Workers/Scientists,worker_scientist_lv03_walk_07.png,PNG,planned,512x512,character animation frame
MM-00692,Art/Characters/Workers/Scientists,worker_scientist_lv03_walk_08.png,PNG,planned,512x512,character animation frame
MM-00693,Art/Characters/Workers/Scientists,worker_scientist_lv03_walk_09.png,PNG,planned,512x512,character animation frame
MM-00694,Art/Characters/Workers/Scientists,worker_scientist_lv03_walk_10.png,PNG,planned,512x512,character animation frame
MM-00695,Art/Characters/Workers/Scientists,worker_scientist_lv03_walk_11.png,PNG,planned,512x512,character animation frame
MM-00696,Art/Characters/Workers/Scientists,worker_scientist_lv03_walk_12.png,PNG,planned,512x512,character animation frame
MM-00697,Art/Characters/Workers/Scientists,worker_scientist_lv03_research_01.png,PNG,planned,512x512,character animation frame
MM-00698,Art/Characters/Workers/Scientists,worker_scientist_lv03_research_02.png,PNG,planned,512x512,character animation frame
MM-00699,Art/Characters/Workers/Scientists,worker_scientist_lv03_research_03.png,PNG,planned,512x512,character animation frame
MM-00700,Art/Characters/Workers/Scientists,worker_scientist_lv03_research_04.png,PNG,planned,512x512,character animation frame
MM-00701,Art/Characters/Workers/Scientists,worker_scientist_lv03_research_05.png,PNG,planned,512x512,character animation frame
MM-00702,Art/Characters/Workers/Scientists,worker_scientist_lv03_research_06.png,PNG,planned,512x512,character animation frame
MM-00703,Art/Characters/Workers/Scientists,worker_scientist_lv03_research_07.png,PNG,planned,512x512,character animation frame
MM-00704,Art/Characters/Workers/Scientists,worker_scientist_lv03_research_08.png,PNG,planned,512x512,character animation frame
MM-00705,Art/Characters/Workers/Scientists,worker_scientist_lv03_research_09.png,PNG,planned,512x512,character animation frame
MM-00706,Art/Characters/Workers/Scientists,worker_scientist_lv03_research_10.png,PNG,planned,512x512,character animation frame
MM-00707,Art/Characters/Workers/Scientists,worker_scientist_lv03_research_11.png,PNG,planned,512x512,character animation frame
MM-00708,Art/Characters/Workers/Scientists,worker_scientist_lv03_research_12.png,PNG,planned,512x512,character animation frame
MM-00709,Art/Characters/Workers/Scientists,worker_scientist_lv03_upgrade_01.png,PNG,planned,512x512,character animation frame
MM-00710,Art/Characters/Workers/Scientists,worker_scientist_lv03_upgrade_02.png,PNG,planned,512x512,character animation frame
MM-00711,Art/Characters/Workers/Scientists,worker_scientist_lv03_upgrade_03.png,PNG,planned,512x512,character animation frame
MM-00712,Art/Characters/Workers/Scientists,worker_scientist_lv03_upgrade_04.png,PNG,planned,512x512,character animation frame
MM-00713,Art/Characters/Workers/Scientists,worker_scientist_lv03_upgrade_05.png,PNG,planned,512x512,character animation frame
MM-00714,Art/Characters/Workers/Scientists,worker_scientist_lv03_upgrade_06.png,PNG,planned,512x512,character animation frame
MM-00715,Art/Characters/Workers/Scientists,worker_scientist_lv03_upgrade_07.png,PNG,planned,512x512,character animation frame
MM-00716,Art/Characters/Workers/Scientists,worker_scientist_lv03_upgrade_08.png,PNG,planned,512x512,character animation frame
MM-00717,Art/Characters/Workers/Scientists,worker_scientist_lv03_upgrade_09.png,PNG,planned,512x512,character animation frame
MM-00718,Art/Characters/Workers/Scientists,worker_scientist_lv03_upgrade_10.png,PNG,planned,512x512,character animation frame
MM-00719,Art/Characters/Workers/Scientists,worker_scientist_lv03_upgrade_11.png,PNG,planned,512x512,character animation frame
MM-00720,Art/Characters/Workers/Scientists,worker_scientist_lv03_upgrade_12.png,PNG,planned,512x512,character animation frame
MM-00721,Art/Characters/Workers/Scientists,worker_scientist_lv04_idle_01.png,PNG,planned,512x512,character animation frame
MM-00722,Art/Characters/Workers/Scientists,worker_scientist_lv04_idle_02.png,PNG,planned,512x512,character animation frame
MM-00723,Art/Characters/Workers/Scientists,worker_scientist_lv04_idle_03.png,PNG,planned,512x512,character animation frame
MM-00724,Art/Characters/Workers/Scientists,worker_scientist_lv04_idle_04.png,PNG,planned,512x512,character animation frame
MM-00725,Art/Characters/Workers/Scientists,worker_scientist_lv04_idle_05.png,PNG,planned,512x512,character animation frame
MM-00726,Art/Characters/Workers/Scientists,worker_scientist_lv04_idle_06.png,PNG,planned,512x512,character animation frame
MM-00727,Art/Characters/Workers/Scientists,worker_scientist_lv04_idle_07.png,PNG,planned,512x512,character animation frame
MM-00728,Art/Characters/Workers/Scientists,worker_scientist_lv04_idle_08.png,PNG,planned,512x512,character animation frame
MM-00729,Art/Characters/Workers/Scientists,worker_scientist_lv04_idle_09.png,PNG,planned,512x512,character animation frame
MM-00730,Art/Characters/Workers/Scientists,worker_scientist_lv04_idle_10.png,PNG,planned,512x512,character animation frame
MM-00731,Art/Characters/Workers/Scientists,worker_scientist_lv04_idle_11.png,PNG,planned,512x512,character animation frame
MM-00732,Art/Characters/Workers/Scientists,worker_scientist_lv04_idle_12.png,PNG,planned,512x512,character animation frame
MM-00733,Art/Characters/Workers/Scientists,worker_scientist_lv04_walk_01.png,PNG,planned,512x512,character animation frame
MM-00734,Art/Characters/Workers/Scientists,worker_scientist_lv04_walk_02.png,PNG,planned,512x512,character animation frame
MM-00735,Art/Characters/Workers/Scientists,worker_scientist_lv04_walk_03.png,PNG,planned,512x512,character animation frame
MM-00736,Art/Characters/Workers/Scientists,worker_scientist_lv04_walk_04.png,PNG,planned,512x512,character animation frame
MM-00737,Art/Characters/Workers/Scientists,worker_scientist_lv04_walk_05.png,PNG,planned,512x512,character animation frame
MM-00738,Art/Characters/Workers/Scientists,worker_scientist_lv04_walk_06.png,PNG,planned,512x512,character animation frame
MM-00739,Art/Characters/Workers/Scientists,worker_scientist_lv04_walk_07.png,PNG,planned,512x512,character animation frame
MM-00740,Art/Characters/Workers/Scientists,worker_scientist_lv04_walk_08.png,PNG,planned,512x512,character animation frame
MM-00741,Art/Characters/Workers/Scientists,worker_scientist_lv04_walk_09.png,PNG,planned,512x512,character animation frame
MM-00742,Art/Characters/Workers/Scientists,worker_scientist_lv04_walk_10.png,PNG,planned,512x512,character animation frame
MM-00743,Art/Characters/Workers/Scientists,worker_scientist_lv04_walk_11.png,PNG,planned,512x512,character animation frame
MM-00744,Art/Characters/Workers/Scientists,worker_scientist_lv04_walk_12.png,PNG,planned,512x512,character animation frame
MM-00745,Art/Characters/Workers/Scientists,worker_scientist_lv04_research_01.png,PNG,planned,512x512,character animation frame
MM-00746,Art/Characters/Workers/Scientists,worker_scientist_lv04_research_02.png,PNG,planned,512x512,character animation frame
MM-00747,Art/Characters/Workers/Scientists,worker_scientist_lv04_research_03.png,PNG,planned,512x512,character animation frame
MM-00748,Art/Characters/Workers/Scientists,worker_scientist_lv04_research_04.png,PNG,planned,512x512,character animation frame
MM-00749,Art/Characters/Workers/Scientists,worker_scientist_lv04_research_05.png,PNG,planned,512x512,character animation frame
MM-00750,Art/Characters/Workers/Scientists,worker_scientist_lv04_research_06.png,PNG,planned,512x512,character animation frame
MM-00751,Art/Characters/Workers/Scientists,worker_scientist_lv04_research_07.png,PNG,planned,512x512,character animation frame
MM-00752,Art/Characters/Workers/Scientists,worker_scientist_lv04_research_08.png,PNG,planned,512x512,character animation frame
MM-00753,Art/Characters/Workers/Scientists,worker_scientist_lv04_research_09.png,PNG,planned,512x512,character animation frame
MM-00754,Art/Characters/Workers/Scientists,worker_scientist_lv04_research_10.png,PNG,planned,512x512,character animation frame
MM-00755,Art/Characters/Workers/Scientists,worker_scientist_lv04_research_11.png,PNG,planned,512x512,character animation frame
MM-00756,Art/Characters/Workers/Scientists,worker_scientist_lv04_research_12.png,PNG,planned,512x512,character animation frame
MM-00757,Art/Characters/Workers/Scientists,worker_scientist_lv04_upgrade_01.png,PNG,planned,512x512,character animation frame
MM-00758,Art/Characters/Workers/Scientists,worker_scientist_lv04_upgrade_02.png,PNG,planned,512x512,character animation frame
MM-00759,Art/Characters/Workers/Scientists,worker_scientist_lv04_upgrade_03.png,PNG,planned,512x512,character animation frame
MM-00760,Art/Characters/Workers/Scientists,worker_scientist_lv04_upgrade_04.png,PNG,planned,512x512,character animation frame
MM-00761,Art/Characters/Workers/Scientists,worker_scientist_lv04_upgrade_05.png,PNG,planned,512x512,character animation frame
MM-00762,Art/Characters/Workers/Scientists,worker_scientist_lv04_upgrade_06.png,PNG,planned,512x512,character animation frame
MM-00763,Art/Characters/Workers/Scientists,worker_scientist_lv04_upgrade_07.png,PNG,planned,512x512,character animation frame
MM-00764,Art/Characters/Workers/Scientists,worker_scientist_lv04_upgrade_08.png,PNG,planned,512x512,character animation frame
MM-00765,Art/Characters/Workers/Scientists,worker_scientist_lv04_upgrade_09.png,PNG,planned,512x512,character animation frame
MM-00766,Art/Characters/Workers/Scientists,worker_scientist_lv04_upgrade_10.png,PNG,planned,512x512,character animation frame
MM-00767,Art/Characters/Workers/Scientists,worker_scientist_lv04_upgrade_11.png,PNG,planned,512x512,character animation frame
MM-00768,Art/Characters/Workers/Scientists,worker_scientist_lv04_upgrade_12.png,PNG,planned,512x512,character animation frame
MM-00769,Art/Buildings/Base,building_base_0001.png,PNG,planned,varies,building sprite
MM-00770,Art/Buildings/Base,building_base_0002.png,PNG,planned,varies,building sprite
MM-00771,Art/Buildings/Base,building_base_0003.png,PNG,planned,varies,building sprite
MM-00772,Art/Buildings/Base,building_base_0004.png,PNG,planned,varies,building sprite
MM-00773,Art/Buildings/Base,building_base_0005.png,PNG,planned,varies,building sprite
MM-00774,Art/Buildings/Base,building_base_0006.png,PNG,planned,varies,building sprite
MM-00775,Art/Buildings/Base,building_base_0007.png,PNG,planned,varies,building sprite
MM-00776,Art/Buildings/Base,building_base_0008.png,PNG,planned,varies,building sprite
MM-00777,Art/Buildings/Base,building_base_0009.png,PNG,planned,varies,building sprite
MM-00778,Art/Buildings/Base,building_base_0010.png,PNG,planned,varies,building sprite
MM-00779,Art/Buildings/Base,building_base_0011.png,PNG,planned,varies,building sprite
MM-00780,Art/Buildings/Base,building_base_0012.png,PNG,planned,varies,building sprite
MM-00781,Art/Buildings/Base,building_base_0013.png,PNG,planned,varies,building sprite
MM-00782,Art/Buildings/Base,building_base_0014.png,PNG,planned,varies,building sprite
MM-00783,Art/Buildings/Base,building_base_0015.png,PNG,planned,varies,building sprite
MM-00784,Art/Buildings/Base,building_base_0016.png,PNG,planned,varies,building sprite
MM-00785,Art/Buildings/Base,building_base_0017.png,PNG,planned,varies,building sprite
MM-00786,Art/Buildings/Base,building_base_0018.png,PNG,planned,varies,building sprite
MM-00787,Art/Buildings/Base,building_base_0019.png,PNG,planned,varies,building sprite
MM-00788,Art/Buildings/Base,building_base_0020.png,PNG,planned,varies,building sprite
MM-00789,Art/Buildings/Base,building_base_0021.png,PNG,planned,varies,building sprite
MM-00790,Art/Buildings/Base,building_base_0022.png,PNG,planned,varies,building sprite
MM-00791,Art/Buildings/Base,building_base_0023.png,PNG,planned,varies,building sprite
MM-00792,Art/Buildings/Base,building_base_0024.png,PNG,planned,varies,building sprite
MM-00793,Art/Buildings/Base,building_base_0025.png,PNG,planned,varies,building sprite
MM-00794,Art/Buildings/Base,building_base_0026.png,PNG,planned,varies,building sprite
MM-00795,Art/Buildings/Base,building_base_0027.png,PNG,planned,varies,building sprite
MM-00796,Art/Buildings/Base,building_base_0028.png,PNG,planned,varies,building sprite
MM-00797,Art/Buildings/Base,building_base_0029.png,PNG,planned,varies,building sprite
MM-00798,Art/Buildings/Base,building_base_0030.png,PNG,planned,varies,building sprite
MM-00799,Art/Buildings/Base,building_base_0031.png,PNG,planned,varies,building sprite
MM-00800,Art/Buildings/Base,building_base_0032.png,PNG,planned,varies,building sprite
MM-00801,Art/Buildings/Base,building_base_0033.png,PNG,planned,varies,building sprite
MM-00802,Art/Buildings/Base,building_base_0034.png,PNG,planned,varies,building sprite
MM-00803,Art/Buildings/Base,building_base_0035.png,PNG,planned,varies,building sprite
MM-00804,Art/Buildings/Base,building_base_0036.png,PNG,planned,varies,building sprite
MM-00805,Art/Buildings/Base,building_base_0037.png,PNG,planned,varies,building sprite
MM-00806,Art/Buildings/Base,building_base_0038.png,PNG,planned,varies,building sprite
MM-00807,Art/Buildings/Base,building_base_0039.png,PNG,planned,varies,building sprite
MM-00808,Art/Buildings/Base,building_base_0040.png,PNG,planned,varies,building sprite
MM-00809,Art/Buildings/Base,building_base_0041.png,PNG,planned,varies,building sprite
MM-00810,Art/Buildings/Base,building_base_0042.png,PNG,planned,varies,building sprite
MM-00811,Art/Buildings/Base,building_base_0043.png,PNG,planned,varies,building sprite
MM-00812,Art/Buildings/Base,building_base_0044.png,PNG,planned,varies,building sprite
MM-00813,Art/Buildings/Base,building_base_0045.png,PNG,planned,varies,building sprite
MM-00814,Art/Buildings/Base,building_base_0046.png,PNG,planned,varies,building sprite
MM-00815,Art/Buildings/Base,building_base_0047.png,PNG,planned,varies,building sprite
MM-00816,Art/Buildings/Base,building_base_0048.png,PNG,planned,varies,building sprite
MM-00817,Art/Buildings/Base,building_base_0049.png,PNG,planned,varies,building sprite
MM-00818,Art/Buildings/Base,building_base_0050.png,PNG,planned,varies,building sprite
MM-00819,Art/Buildings/Base,building_base_0051.png,PNG,planned,varies,building sprite
MM-00820,Art/Buildings/Base,building_base_0052.png,PNG,planned,varies,building sprite
MM-00821,Art/Buildings/Base,building_base_0053.png,PNG,planned,varies,building sprite
MM-00822,Art/Buildings/Base,building_base_0054.png,PNG,planned,varies,building sprite
MM-00823,Art/Buildings/Base,building_base_0055.png,PNG,planned,varies,building sprite
MM-00824,Art/Buildings/Base,building_base_0056.png,PNG,planned,varies,building sprite
MM-00825,Art/Buildings/Base,building_base_0057.png,PNG,planned,varies,building sprite
MM-00826,Art/Buildings/Base,building_base_0058.png,PNG,planned,varies,building sprite
MM-00827,Art/Buildings/Base,building_base_0059.png,PNG,planned,varies,building sprite
MM-00828,Art/Buildings/Base,building_base_0060.png,PNG,planned,varies,building sprite
MM-00829,Art/Buildings/Base,building_base_0061.png,PNG,planned,varies,building sprite
MM-00830,Art/Buildings/Base,building_base_0062.png,PNG,planned,varies,building sprite
MM-00831,Art/Buildings/Base,building_base_0063.png,PNG,planned,varies,building sprite
MM-00832,Art/Buildings/Base,building_base_0064.png,PNG,planned,varies,building sprite
MM-00833,Art/Buildings/Base,building_base_0065.png,PNG,planned,varies,building sprite
MM-00834,Art/Buildings/Base,building_base_0066.png,PNG,planned,varies,building sprite
MM-00835,Art/Buildings/Base,building_base_0067.png,PNG,planned,varies,building sprite
MM-00836,Art/Buildings/Base,building_base_0068.png,PNG,planned,varies,building sprite
MM-00837,Art/Buildings/Base,building_base_0069.png,PNG,planned,varies,building sprite
MM-00838,Art/Buildings/Base,building_base_0070.png,PNG,planned,varies,building sprite
MM-00839,Art/Buildings/Base,building_base_0071.png,PNG,planned,varies,building sprite
MM-00840,Art/Buildings/Base,building_base_0072.png,PNG,planned,varies,building sprite
MM-00841,Art/Buildings/Base,building_base_0073.png,PNG,planned,varies,building sprite
MM-00842,Art/Buildings/Base,building_base_0074.png,PNG,planned,varies,building sprite
MM-00843,Art/Buildings/Base,building_base_0075.png,PNG,planned,varies,building sprite
MM-00844,Art/Buildings/Base,building_base_0076.png,PNG,planned,varies,building sprite
MM-00845,Art/Buildings/Base,building_base_0077.png,PNG,planned,varies,building sprite
MM-00846,Art/Buildings/Base,building_base_0078.png,PNG,planned,varies,building sprite
MM-00847,Art/Buildings/Base,building_base_0079.png,PNG,planned,varies,building sprite
MM-00848,Art/Buildings/Base,building_base_0080.png,PNG,planned,varies,building sprite
MM-00849,Art/Buildings/Base,building_base_0081.png,PNG,planned,varies,building sprite
MM-00850,Art/Buildings/Base,building_base_0082.png,PNG,planned,varies,building sprite
MM-00851,Art/Buildings/Base,building_base_0083.png,PNG,planned,varies,building sprite
MM-00852,Art/Buildings/Base,building_base_0084.png,PNG,planned,varies,building sprite
MM-00853,Art/Buildings/Base,building_base_0085.png,PNG,planned,varies,building sprite
MM-00854,Art/Buildings/Base,building_base_0086.png,PNG,planned,varies,building sprite
MM-00855,Art/Buildings/Base,building_base_0087.png,PNG,planned,varies,building sprite
MM-00856,Art/Buildings/Base,building_base_0088.png,PNG,planned,varies,building sprite
MM-00857,Art/Buildings/Base,building_base_0089.png,PNG,planned,varies,building sprite
MM-00858,Art/Buildings/Base,building_base_0090.png,PNG,planned,varies,building sprite
MM-00859,Art/Buildings/Base,building_base_0091.png,PNG,planned,varies,building sprite
MM-00860,Art/Buildings/Base,building_base_0092.png,PNG,planned,varies,building sprite
MM-00861,Art/Buildings/Base,building_base_0093.png,PNG,planned,varies,building sprite
MM-00862,Art/Buildings/Base,building_base_0094.png,PNG,planned,varies,building sprite
MM-00863,Art/Buildings/Base,building_base_0095.png,PNG,planned,varies,building sprite
MM-00864,Art/Buildings/Base,building_base_0096.png,PNG,planned,varies,building sprite
MM-00865,Art/Buildings/Base,building_base_0097.png,PNG,planned,varies,building sprite
MM-00866,Art/Buildings/Base,building_base_0098.png,PNG,planned,varies,building sprite
MM-00867,Art/Buildings/Base,building_base_0099.png,PNG,planned,varies,building sprite
MM-00868,Art/Buildings/Base,building_base_0100.png,PNG,planned,varies,building sprite
MM-00869,Art/Buildings/Base,building_base_0101.png,PNG,planned,varies,building sprite
MM-00870,Art/Buildings/Base,building_base_0102.png,PNG,planned,varies,building sprite
MM-00871,Art/Buildings/Base,building_base_0103.png,PNG,planned,varies,building sprite
MM-00872,Art/Buildings/Base,building_base_0104.png,PNG,planned,varies,building sprite
MM-00873,Art/Buildings/Base,building_base_0105.png,PNG,planned,varies,building sprite
MM-00874,Art/Buildings/Base,building_base_0106.png,PNG,planned,varies,building sprite
MM-00875,Art/Buildings/Base,building_base_0107.png,PNG,planned,varies,building sprite
MM-00876,Art/Buildings/Base,building_base_0108.png,PNG,planned,varies,building sprite
MM-00877,Art/Buildings/Base,building_base_0109.png,PNG,planned,varies,building sprite
MM-00878,Art/Buildings/Base,building_base_0110.png,PNG,planned,varies,building sprite
MM-00879,Art/Buildings/Base,building_base_0111.png,PNG,planned,varies,building sprite
MM-00880,Art/Buildings/Base,building_base_0112.png,PNG,planned,varies,building sprite
MM-00881,Art/Buildings/Base,building_base_0113.png,PNG,planned,varies,building sprite
MM-00882,Art/Buildings/Base,building_base_0114.png,PNG,planned,varies,building sprite
MM-00883,Art/Buildings/Base,building_base_0115.png,PNG,planned,varies,building sprite
MM-00884,Art/Buildings/Base,building_base_0116.png,PNG,planned,varies,building sprite
MM-00885,Art/Buildings/Base,building_base_0117.png,PNG,planned,varies,building sprite
MM-00886,Art/Buildings/Base,building_base_0118.png,PNG,planned,varies,building sprite
MM-00887,Art/Buildings/Base,building_base_0119.png,PNG,planned,varies,building sprite
MM-00888,Art/Buildings/Base,building_base_0120.png,PNG,planned,varies,building sprite
MM-00889,Art/Buildings/Base,building_base_0121.png,PNG,planned,varies,building sprite
MM-00890,Art/Buildings/Base,building_base_0122.png,PNG,planned,varies,building sprite
MM-00891,Art/Buildings/Base,building_base_0123.png,PNG,planned,varies,building sprite
MM-00892,Art/Buildings/Base,building_base_0124.png,PNG,planned,varies,building sprite
MM-00893,Art/Buildings/Base,building_base_0125.png,PNG,planned,varies,building sprite
MM-00894,Art/Buildings/Base,building_base_0126.png,PNG,planned,varies,building sprite
MM-00895,Art/Buildings/Base,building_base_0127.png,PNG,planned,varies,building sprite
MM-00896,Art/Buildings/Base,building_base_0128.png,PNG,planned,varies,building sprite
MM-00897,Art/Buildings/Base,building_base_0129.png,PNG,planned,varies,building sprite
MM-00898,Art/Buildings/Base,building_base_0130.png,PNG,planned,varies,building sprite
MM-00899,Art/Buildings/Base,building_base_0131.png,PNG,planned,varies,building sprite
MM-00900,Art/Buildings/Base,building_base_0132.png,PNG,planned,varies,building sprite
MM-00901,Art/Buildings/Base,building_base_0133.png,PNG,planned,varies,building sprite
MM-00902,Art/Buildings/Base,building_base_0134.png,PNG,planned,varies,building sprite
MM-00903,Art/Buildings/Base,building_base_0135.png,PNG,planned,varies,building sprite
MM-00904,Art/Buildings/Base,building_base_0136.png,PNG,planned,varies,building sprite
MM-00905,Art/Buildings/Base,building_base_0137.png,PNG,planned,varies,building sprite
MM-00906,Art/Buildings/Base,building_base_0138.png,PNG,planned,varies,building sprite
MM-00907,Art/Buildings/Base,building_base_0139.png,PNG,planned,varies,building sprite
MM-00908,Art/Buildings/Base,building_base_0140.png,PNG,planned,varies,building sprite
MM-00909,Art/Buildings/Base,building_base_0141.png,PNG,planned,varies,building sprite
MM-00910,Art/Buildings/Base,building_base_0142.png,PNG,planned,varies,building sprite
MM-00911,Art/Buildings/Base,building_base_0143.png,PNG,planned,varies,building sprite
MM-00912,Art/Buildings/Base,building_base_0144.png,PNG,planned,varies,building sprite
MM-00913,Art/Buildings/Base,building_base_0145.png,PNG,planned,varies,building sprite
MM-00914,Art/Buildings/Base,building_base_0146.png,PNG,planned,varies,building sprite
MM-00915,Art/Buildings/Base,building_base_0147.png,PNG,planned,varies,building sprite
MM-00916,Art/Buildings/Base,building_base_0148.png,PNG,planned,varies,building sprite
MM-00917,Art/Buildings/Base,building_base_0149.png,PNG,planned,varies,building sprite
MM-00918,Art/Buildings/Base,building_base_0150.png,PNG,planned,varies,building sprite
MM-00919,Art/Buildings/Base,building_base_0151.png,PNG,planned,varies,building sprite
MM-00920,Art/Buildings/Base,building_base_0152.png,PNG,planned,varies,building sprite
MM-00921,Art/Buildings/Base,building_base_0153.png,PNG,planned,varies,building sprite
MM-00922,Art/Buildings/Base,building_base_0154.png,PNG,planned,varies,building sprite
MM-00923,Art/Buildings/Base,building_base_0155.png,PNG,planned,varies,building sprite
MM-00924,Art/Buildings/Base,building_base_0156.png,PNG,planned,varies,building sprite
MM-00925,Art/Buildings/Base,building_base_0157.png,PNG,planned,varies,building sprite
MM-00926,Art/Buildings/Base,building_base_0158.png,PNG,planned,varies,building sprite
MM-00927,Art/Buildings/Base,building_base_0159.png,PNG,planned,varies,building sprite
MM-00928,Art/Buildings/Base,building_base_0160.png,PNG,planned,varies,building sprite
MM-00929,Art/Buildings/Base,building_base_0161.png,PNG,planned,varies,building sprite
MM-00930,Art/Buildings/Base,building_base_0162.png,PNG,planned,varies,building sprite
MM-00931,Art/Buildings/Base,building_base_0163.png,PNG,planned,varies,building sprite
MM-00932,Art/Buildings/Base,building_base_0164.png,PNG,planned,varies,building sprite
MM-00933,Art/Buildings/Base,building_base_0165.png,PNG,planned,varies,building sprite
MM-00934,Art/Buildings/Base,building_base_0166.png,PNG,planned,varies,building sprite
MM-00935,Art/Buildings/Base,building_base_0167.png,PNG,planned,varies,building sprite
MM-00936,Art/Buildings/Base,building_base_0168.png,PNG,planned,varies,building sprite
MM-00937,Art/Buildings/Base,building_base_0169.png,PNG,planned,varies,building sprite
MM-00938,Art/Buildings/Base,building_base_0170.png,PNG,planned,varies,building sprite
MM-00939,Art/Buildings/Base,building_base_0171.png,PNG,planned,varies,building sprite
MM-00940,Art/Buildings/Base,building_base_0172.png,PNG,planned,varies,building sprite
MM-00941,Art/Buildings/Base,building_base_0173.png,PNG,planned,varies,building sprite
MM-00942,Art/Buildings/Base,building_base_0174.png,PNG,planned,varies,building sprite
MM-00943,Art/Buildings/Base,building_base_0175.png,PNG,planned,varies,building sprite
MM-00944,Art/Buildings/Base,building_base_0176.png,PNG,planned,varies,building sprite
MM-00945,Art/Buildings/Base,building_base_0177.png,PNG,planned,varies,building sprite
MM-00946,Art/Buildings/Base,building_base_0178.png,PNG,planned,varies,building sprite
MM-00947,Art/Buildings/Base,building_base_0179.png,PNG,planned,varies,building sprite
MM-00948,Art/Buildings/Base,building_base_0180.png,PNG,planned,varies,building sprite
MM-00949,Art/Buildings/Base,building_base_0181.png,PNG,planned,varies,building sprite
MM-00950,Art/Buildings/Base,building_base_0182.png,PNG,planned,varies,building sprite
MM-00951,Art/Buildings/Base,building_base_0183.png,PNG,planned,varies,building sprite
MM-00952,Art/Buildings/Base,building_base_0184.png,PNG,planned,varies,building sprite
MM-00953,Art/Buildings/Base,building_base_0185.png,PNG,planned,varies,building sprite
MM-00954,Art/Buildings/Base,building_base_0186.png,PNG,planned,varies,building sprite
MM-00955,Art/Buildings/Base,building_base_0187.png,PNG,planned,varies,building sprite
MM-00956,Art/Buildings/Base,building_base_0188.png,PNG,planned,varies,building sprite
MM-00957,Art/Buildings/Base,building_base_0189.png,PNG,planned,varies,building sprite
MM-00958,Art/Buildings/Base,building_base_0190.png,PNG,planned,varies,building sprite
MM-00959,Art/Buildings/Base,building_base_0191.png,PNG,planned,varies,building sprite
MM-00960,Art/Buildings/Base,building_base_0192.png,PNG,planned,varies,building sprite
MM-00961,Art/Buildings/Base,building_base_0193.png,PNG,planned,varies,building sprite
MM-00962,Art/Buildings/Base,building_base_0194.png,PNG,planned,varies,building sprite
MM-00963,Art/Buildings/Base,building_base_0195.png,PNG,planned,varies,building sprite
MM-00964,Art/Buildings/Base,building_base_0196.png,PNG,planned,varies,building sprite
MM-00965,Art/Buildings/Base,building_base_0197.png,PNG,planned,varies,building sprite
MM-00966,Art/Buildings/Base,building_base_0198.png,PNG,planned,varies,building sprite
MM-00967,Art/Buildings/Base,building_base_0199.png,PNG,planned,varies,building sprite
MM-00968,Art/Buildings/Base,building_base_0200.png,PNG,planned,varies,building sprite
MM-00969,Art/Buildings/Base,building_base_0201.png,PNG,planned,varies,building sprite
MM-00970,Art/Buildings/Base,building_base_0202.png,PNG,planned,varies,building sprite
MM-00971,Art/Buildings/Base,building_base_0203.png,PNG,planned,varies,building sprite
MM-00972,Art/Buildings/Base,building_base_0204.png,PNG,planned,varies,building sprite
MM-00973,Art/Buildings/Base,building_base_0205.png,PNG,planned,varies,building sprite
MM-00974,Art/Buildings/Base,building_base_0206.png,PNG,planned,varies,building sprite
MM-00975,Art/Buildings/Base,building_base_0207.png,PNG,planned,varies,building sprite
MM-00976,Art/Buildings/Base,building_base_0208.png,PNG,planned,varies,building sprite
MM-00977,Art/Buildings/Base,building_base_0209.png,PNG,planned,varies,building sprite
MM-00978,Art/Buildings/Base,building_base_0210.png,PNG,planned,varies,building sprite
MM-00979,Art/Buildings/Base,building_base_0211.png,PNG,planned,varies,building sprite
MM-00980,Art/Buildings/Base,building_base_0212.png,PNG,planned,varies,building sprite
MM-00981,Art/Buildings/Base,building_base_0213.png,PNG,planned,varies,building sprite
MM-00982,Art/Buildings/Base,building_base_0214.png,PNG,planned,varies,building sprite
MM-00983,Art/Buildings/Base,building_base_0215.png,PNG,planned,varies,building sprite
MM-00984,Art/Buildings/Base,building_base_0216.png,PNG,planned,varies,building sprite
MM-00985,Art/Buildings/Base,building_base_0217.png,PNG,planned,varies,building sprite
MM-00986,Art/Buildings/Base,building_base_0218.png,PNG,planned,varies,building sprite
MM-00987,Art/Buildings/Base,building_base_0219.png,PNG,planned,varies,building sprite
MM-00988,Art/Buildings/Base,building_base_0220.png,PNG,planned,varies,building sprite
MM-00989,Art/Buildings/Base,building_base_0221.png,PNG,planned,varies,building sprite
MM-00990,Art/Buildings/Base,building_base_0222.png,PNG,planned,varies,building sprite
MM-00991,Art/Buildings/Base,building_base_0223.png,PNG,planned,varies,building sprite
MM-00992,Art/Buildings/Base,building_base_0224.png,PNG,planned,varies,building sprite
MM-00993,Art/Buildings/Base,building_base_0225.png,PNG,planned,varies,building sprite
MM-00994,Art/Buildings/Base,building_base_0226.png,PNG,planned,varies,building sprite
MM-00995,Art/Buildings/Base,building_base_0227.png,PNG,planned,varies,building sprite
MM-00996,Art/Buildings/Base,building_base_0228.png,PNG,planned,varies,building sprite
MM-00997,Art/Buildings/Base,building_base_0229.png,PNG,planned,varies,building sprite
MM-00998,Art/Buildings/Base,building_base_0230.png,PNG,planned,varies,building sprite
MM-00999,Art/Buildings/Base,building_base_0231.png,PNG,planned,varies,building sprite
MM-01000,Art/Buildings/Base,building_base_0232.png,PNG,planned,varies,building sprite
MM-01001,Art/Buildings/Base,building_base_0233.png,PNG,planned,varies,building sprite
MM-01002,Art/Buildings/Base,building_base_0234.png,PNG,planned,varies,building sprite
MM-01003,Art/Buildings/Base,building_base_0235.png,PNG,planned,varies,building sprite
MM-01004,Art/Buildings/Base,building_base_0236.png,PNG,planned,varies,building sprite
MM-01005,Art/Buildings/Base,building_base_0237.png,PNG,planned,varies,building sprite
MM-01006,Art/Buildings/Base,building_base_0238.png,PNG,planned,varies,building sprite
MM-01007,Art/Buildings/Base,building_base_0239.png,PNG,planned,varies,building sprite
MM-01008,Art/Buildings/Base,building_base_0240.png,PNG,planned,varies,building sprite
MM-01009,Art/Buildings/Base,building_base_0241.png,PNG,planned,varies,building sprite
MM-01010,Art/Buildings/Base,building_base_0242.png,PNG,planned,varies,building sprite
MM-01011,Art/Buildings/Base,building_base_0243.png,PNG,planned,varies,building sprite
MM-01012,Art/Buildings/Base,building_base_0244.png,PNG,planned,varies,building sprite
MM-01013,Art/Buildings/Base,building_base_0245.png,PNG,planned,varies,building sprite
MM-01014,Art/Buildings/Base,building_base_0246.png,PNG,planned,varies,building sprite
MM-01015,Art/Buildings/Base,building_base_0247.png,PNG,planned,varies,building sprite
MM-01016,Art/Buildings/Base,building_base_0248.png,PNG,planned,varies,building sprite
MM-01017,Art/Buildings/Base,building_base_0249.png,PNG,planned,varies,building sprite
MM-01018,Art/Buildings/Base,building_base_0250.png,PNG,planned,varies,building sprite
MM-01019,Art/Buildings/Base,building_base_0251.png,PNG,planned,varies,building sprite
MM-01020,Art/Buildings/Base,building_base_0252.png,PNG,planned,varies,building sprite
MM-01021,Art/Buildings/Base,building_base_0253.png,PNG,planned,varies,building sprite
MM-01022,Art/Buildings/Base,building_base_0254.png,PNG,planned,varies,building sprite
MM-01023,Art/Buildings/Base,building_base_0255.png,PNG,planned,varies,building sprite
MM-01024,Art/Buildings/Base,building_base_0256.png,PNG,planned,varies,building sprite
MM-01025,Art/Buildings/Base,building_base_0257.png,PNG,planned,varies,building sprite
MM-01026,Art/Buildings/Base,building_base_0258.png,PNG,planned,varies,building sprite
MM-01027,Art/Buildings/Base,building_base_0259.png,PNG,planned,varies,building sprite
MM-01028,Art/Buildings/Base,building_base_0260.png,PNG,planned,varies,building sprite
MM-01029,Art/Buildings/Base,building_base_0261.png,PNG,planned,varies,building sprite
MM-01030,Art/Buildings/Base,building_base_0262.png,PNG,planned,varies,building sprite
MM-01031,Art/Buildings/Base,building_base_0263.png,PNG,planned,varies,building sprite
MM-01032,Art/Buildings/Base,building_base_0264.png,PNG,planned,varies,building sprite
MM-01033,Art/Buildings/Base,building_base_0265.png,PNG,planned,varies,building sprite
MM-01034,Art/Buildings/Base,building_base_0266.png,PNG,planned,varies,building sprite
MM-01035,Art/Buildings/Base,building_base_0267.png,PNG,planned,varies,building sprite
MM-01036,Art/Buildings/Base,building_base_0268.png,PNG,planned,varies,building sprite
MM-01037,Art/Buildings/Base,building_base_0269.png,PNG,planned,varies,building sprite
MM-01038,Art/Buildings/Base,building_base_0270.png,PNG,planned,varies,building sprite
MM-01039,Art/Buildings/Base,building_base_0271.png,PNG,planned,varies,building sprite
MM-01040,Art/Buildings/Base,building_base_0272.png,PNG,planned,varies,building sprite
MM-01041,Art/Buildings/Base,building_base_0273.png,PNG,planned,varies,building sprite
MM-01042,Art/Buildings/Base,building_base_0274.png,PNG,planned,varies,building sprite
MM-01043,Art/Buildings/Base,building_base_0275.png,PNG,planned,varies,building sprite
MM-01044,Art/Buildings/Base,building_base_0276.png,PNG,planned,varies,building sprite
MM-01045,Art/Buildings/Base,building_base_0277.png,PNG,planned,varies,building sprite
MM-01046,Art/Buildings/Base,building_base_0278.png,PNG,planned,varies,building sprite
MM-01047,Art/Buildings/Base,building_base_0279.png,PNG,planned,varies,building sprite
MM-01048,Art/Buildings/Base,building_base_0280.png,PNG,planned,varies,building sprite
MM-01049,Art/Buildings/Base,building_base_0281.png,PNG,planned,varies,building sprite
MM-01050,Art/Buildings/Base,building_base_0282.png,PNG,planned,varies,building sprite
MM-01051,Art/Buildings/Base,building_base_0283.png,PNG,planned,varies,building sprite
MM-01052,Art/Buildings/Base,building_base_0284.png,PNG,planned,varies,building sprite
MM-01053,Art/Buildings/Base,building_base_0285.png,PNG,planned,varies,building sprite
MM-01054,Art/Buildings/Base,building_base_0286.png,PNG,planned,varies,building sprite
MM-01055,Art/Buildings/Base,building_base_0287.png,PNG,planned,varies,building sprite
MM-01056,Art/Buildings/Base,building_base_0288.png,PNG,planned,varies,building sprite
MM-01057,Art/Buildings/Base,building_base_0289.png,PNG,planned,varies,building sprite
MM-01058,Art/Buildings/Base,building_base_0290.png,PNG,planned,varies,building sprite
MM-01059,Art/Buildings/Base,building_base_0291.png,PNG,planned,varies,building sprite
MM-01060,Art/Buildings/Base,building_base_0292.png,PNG,planned,varies,building sprite
MM-01061,Art/Buildings/Base,building_base_0293.png,PNG,planned,varies,building sprite
MM-01062,Art/Buildings/Base,building_base_0294.png,PNG,planned,varies,building sprite
MM-01063,Art/Buildings/Base,building_base_0295.png,PNG,planned,varies,building sprite
MM-01064,Art/Buildings/Base,building_base_0296.png,PNG,planned,varies,building sprite
MM-01065,Art/Buildings/Base,building_base_0297.png,PNG,planned,varies,building sprite
MM-01066,Art/Buildings/Base,building_base_0298.png,PNG,planned,varies,building sprite
MM-01067,Art/Buildings/Base,building_base_0299.png,PNG,planned,varies,building sprite
MM-01068,Art/Buildings/Base,building_base_0300.png,PNG,planned,varies,building sprite
MM-01069,Art/Buildings/Base,building_base_0301.png,PNG,planned,varies,building sprite
MM-01070,Art/Buildings/Base,building_base_0302.png,PNG,planned,varies,building sprite
MM-01071,Art/Buildings/Base,building_base_0303.png,PNG,planned,varies,building sprite
MM-01072,Art/Buildings/Base,building_base_0304.png,PNG,planned,varies,building sprite
MM-01073,Art/Buildings/Base,building_base_0305.png,PNG,planned,varies,building sprite
MM-01074,Art/Buildings/Base,building_base_0306.png,PNG,planned,varies,building sprite
MM-01075,Art/Buildings/Base,building_base_0307.png,PNG,planned,varies,building sprite
MM-01076,Art/Buildings/Base,building_base_0308.png,PNG,planned,varies,building sprite
MM-01077,Art/Buildings/Base,building_base_0309.png,PNG,planned,varies,building sprite
MM-01078,Art/Buildings/Base,building_base_0310.png,PNG,planned,varies,building sprite
MM-01079,Art/Buildings/Base,building_base_0311.png,PNG,planned,varies,building sprite
MM-01080,Art/Buildings/Base,building_base_0312.png,PNG,planned,varies,building sprite
MM-01081,Art/Buildings/Base,building_base_0313.png,PNG,planned,varies,building sprite
MM-01082,Art/Buildings/Base,building_base_0314.png,PNG,planned,varies,building sprite
MM-01083,Art/Buildings/Base,building_base_0315.png,PNG,planned,varies,building sprite
MM-01084,Art/Buildings/Base,building_base_0316.png,PNG,planned,varies,building sprite
MM-01085,Art/Buildings/Base,building_base_0317.png,PNG,planned,varies,building sprite
MM-01086,Art/Buildings/Base,building_base_0318.png,PNG,planned,varies,building sprite
MM-01087,Art/Buildings/Base,building_base_0319.png,PNG,planned,varies,building sprite
MM-01088,Art/Buildings/Base,building_base_0320.png,PNG,planned,varies,building sprite
MM-01089,Art/Buildings/Base,building_base_0321.png,PNG,planned,varies,building sprite
MM-01090,Art/Buildings/Base,building_base_0322.png,PNG,planned,varies,building sprite
MM-01091,Art/Buildings/Base,building_base_0323.png,PNG,planned,varies,building sprite
MM-01092,Art/Buildings/Base,building_base_0324.png,PNG,planned,varies,building sprite
MM-01093,Art/Buildings/Base,building_base_0325.png,PNG,planned,varies,building sprite
MM-01094,Art/Buildings/Base,building_base_0326.png,PNG,planned,varies,building sprite
MM-01095,Art/Buildings/Base,building_base_0327.png,PNG,planned,varies,building sprite
MM-01096,Art/Buildings/Base,building_base_0328.png,PNG,planned,varies,building sprite
MM-01097,Art/Buildings/Base,building_base_0329.png,PNG,planned,varies,building sprite
MM-01098,Art/Buildings/Base,building_base_0330.png,PNG,planned,varies,building sprite
MM-01099,Art/Buildings/Base,building_base_0331.png,PNG,planned,varies,building sprite
MM-01100,Art/Buildings/Base,building_base_0332.png,PNG,planned,varies,building sprite
MM-01101,Art/Buildings/Base,building_base_0333.png,PNG,planned,varies,building sprite
MM-01102,Art/Buildings/Base,building_base_0334.png,PNG,planned,varies,building sprite
MM-01103,Art/Buildings/Base,building_base_0335.png,PNG,planned,varies,building sprite
MM-01104,Art/Buildings/Base,building_base_0336.png,PNG,planned,varies,building sprite
MM-01105,Art/Buildings/Base,building_base_0337.png,PNG,planned,varies,building sprite
MM-01106,Art/Buildings/Base,building_base_0338.png,PNG,planned,varies,building sprite
MM-01107,Art/Buildings/Base,building_base_0339.png,PNG,planned,varies,building sprite
MM-01108,Art/Buildings/Base,building_base_0340.png,PNG,planned,varies,building sprite
MM-01109,Art/Buildings/Base,building_base_0341.png,PNG,planned,varies,building sprite
MM-01110,Art/Buildings/Base,building_base_0342.png,PNG,planned,varies,building sprite
MM-01111,Art/Buildings/Base,building_base_0343.png,PNG,planned,varies,building sprite
MM-01112,Art/Buildings/Base,building_base_0344.png,PNG,planned,varies,building sprite
MM-01113,Art/Buildings/Base,building_base_0345.png,PNG,planned,varies,building sprite
MM-01114,Art/Buildings/Base,building_base_0346.png,PNG,planned,varies,building sprite
MM-01115,Art/Buildings/Base,building_base_0347.png,PNG,planned,varies,building sprite
MM-01116,Art/Buildings/Base,building_base_0348.png,PNG,planned,varies,building sprite
MM-01117,Art/Buildings/Base,building_base_0349.png,PNG,planned,varies,building sprite
MM-01118,Art/Buildings/Base,building_base_0350.png,PNG,planned,varies,building sprite
MM-01119,Art/Buildings/Base,building_base_0351.png,PNG,planned,varies,building sprite
MM-01120,Art/Buildings/Base,building_base_0352.png,PNG,planned,varies,building sprite
MM-01121,Art/Buildings/Base,building_base_0353.png,PNG,planned,varies,building sprite
MM-01122,Art/Buildings/Base,building_base_0354.png,PNG,planned,varies,building sprite
MM-01123,Art/Buildings/Base,building_base_0355.png,PNG,planned,varies,building sprite
MM-01124,Art/Buildings/Base,building_base_0356.png,PNG,planned,varies,building sprite
MM-01125,Art/Buildings/Base,building_base_0357.png,PNG,planned,varies,building sprite
MM-01126,Art/Buildings/Base,building_base_0358.png,PNG,planned,varies,building sprite
MM-01127,Art/Buildings/Base,building_base_0359.png,PNG,planned,varies,building sprite
MM-01128,Art/Buildings/Base,building_base_0360.png,PNG,planned,varies,building sprite
MM-01129,Art/Buildings/Base,building_base_0361.png,PNG,planned,varies,building sprite
MM-01130,Art/Buildings/Base,building_base_0362.png,PNG,planned,varies,building sprite
MM-01131,Art/Buildings/Base,building_base_0363.png,PNG,planned,varies,building sprite
MM-01132,Art/Buildings/Base,building_base_0364.png,PNG,planned,varies,building sprite
MM-01133,Art/Buildings/Base,building_base_0365.png,PNG,planned,varies,building sprite
MM-01134,Art/Buildings/Base,building_base_0366.png,PNG,planned,varies,building sprite
MM-01135,Art/Buildings/Base,building_base_0367.png,PNG,planned,varies,building sprite
MM-01136,Art/Buildings/Base,building_base_0368.png,PNG,planned,varies,building sprite
MM-01137,Art/Buildings/Base,building_base_0369.png,PNG,planned,varies,building sprite
MM-01138,Art/Buildings/Base,building_base_0370.png,PNG,planned,varies,building sprite
MM-01139,Art/Buildings/Base,building_base_0371.png,PNG,planned,varies,building sprite
MM-01140,Art/Buildings/Base,building_base_0372.png,PNG,planned,varies,building sprite
MM-01141,Art/Buildings/Base,building_base_0373.png,PNG,planned,varies,building sprite
MM-01142,Art/Buildings/Base,building_base_0374.png,PNG,planned,varies,building sprite
MM-01143,Art/Buildings/Base,building_base_0375.png,PNG,planned,varies,building sprite
MM-01144,Art/Buildings/Base,building_base_0376.png,PNG,planned,varies,building sprite
MM-01145,Art/Buildings/Base,building_base_0377.png,PNG,planned,varies,building sprite
MM-01146,Art/Buildings/Base,building_base_0378.png,PNG,planned,varies,building sprite
MM-01147,Art/Buildings/Base,building_base_0379.png,PNG,planned,varies,building sprite
MM-01148,Art/Buildings/Base,building_base_0380.png,PNG,planned,varies,building sprite
MM-01149,Art/Buildings/Base,building_base_0381.png,PNG,planned,varies,building sprite
MM-01150,Art/Buildings/Base,building_base_0382.png,PNG,planned,varies,building sprite
MM-01151,Art/Buildings/Base,building_base_0383.png,PNG,planned,varies,building sprite
MM-01152,Art/Buildings/Base,building_base_0384.png,PNG,planned,varies,building sprite
MM-01153,Art/Buildings/Base,building_base_0385.png,PNG,planned,varies,building sprite
MM-01154,Art/Buildings/Base,building_base_0386.png,PNG,planned,varies,building sprite
MM-01155,Art/Buildings/Base,building_base_0387.png,PNG,planned,varies,building sprite
MM-01156,Art/Buildings/Base,building_base_0388.png,PNG,planned,varies,building sprite
MM-01157,Art/Buildings/Base,building_base_0389.png,PNG,planned,varies,building sprite
MM-01158,Art/Buildings/Base,building_base_0390.png,PNG,planned,varies,building sprite
MM-01159,Art/Buildings/Base,building_base_0391.png,PNG,planned,varies,building sprite
MM-01160,Art/Buildings/Base,building_base_0392.png,PNG,planned,varies,building sprite
MM-01161,Art/Buildings/Base,building_base_0393.png,PNG,planned,varies,building sprite
MM-01162,Art/Buildings/Base,building_base_0394.png,PNG,planned,varies,building sprite
MM-01163,Art/Buildings/Base,building_base_0395.png,PNG,planned,varies,building sprite
MM-01164,Art/Buildings/Base,building_base_0396.png,PNG,planned,varies,building sprite
MM-01165,Art/Buildings/Base,building_base_0397.png,PNG,planned,varies,building sprite
MM-01166,Art/Buildings/Base,building_base_0398.png,PNG,planned,varies,building sprite
MM-01167,Art/Buildings/Base,building_base_0399.png,PNG,planned,varies,building sprite
MM-01168,Art/Buildings/Base,building_base_0400.png,PNG,planned,varies,building sprite
MM-01169,Art/Buildings/Base,building_base_0401.png,PNG,planned,varies,building sprite
MM-01170,Art/Buildings/Base,building_base_0402.png,PNG,planned,varies,building sprite
MM-01171,Art/Buildings/Base,building_base_0403.png,PNG,planned,varies,building sprite
MM-01172,Art/Buildings/Base,building_base_0404.png,PNG,planned,varies,building sprite
MM-01173,Art/Buildings/Base,building_base_0405.png,PNG,planned,varies,building sprite
MM-01174,Art/Buildings/Base,building_base_0406.png,PNG,planned,varies,building sprite
MM-01175,Art/Buildings/Base,building_base_0407.png,PNG,planned,varies,building sprite
MM-01176,Art/Buildings/Base,building_base_0408.png,PNG,planned,varies,building sprite
MM-01177,Art/Buildings/Base,building_base_0409.png,PNG,planned,varies,building sprite
MM-01178,Art/Buildings/Base,building_base_0410.png,PNG,planned,varies,building sprite
MM-01179,Art/Buildings/Base,building_base_0411.png,PNG,planned,varies,building sprite
MM-01180,Art/Buildings/Base,building_base_0412.png,PNG,planned,varies,building sprite
MM-01181,Art/Buildings/Base,building_base_0413.png,PNG,planned,varies,building sprite
MM-01182,Art/Buildings/Base,building_base_0414.png,PNG,planned,varies,building sprite
MM-01183,Art/Buildings/Base,building_base_0415.png,PNG,planned,varies,building sprite
MM-01184,Art/Buildings/Base,building_base_0416.png,PNG,planned,varies,building sprite
MM-01185,Art/Buildings/Base,building_base_0417.png,PNG,planned,varies,building sprite
MM-01186,Art/Buildings/Base,building_base_0418.png,PNG,planned,varies,building sprite
MM-01187,Art/Buildings/Base,building_base_0419.png,PNG,planned,varies,building sprite
MM-01188,Art/Buildings/Base,building_base_0420.png,PNG,planned,varies,building sprite
MM-01189,Art/Buildings/Base,building_base_0421.png,PNG,planned,varies,building sprite
MM-01190,Art/Buildings/Base,building_base_0422.png,PNG,planned,varies,building sprite
MM-01191,Art/Buildings/Base,building_base_0423.png,PNG,planned,varies,building sprite
MM-01192,Art/Buildings/Base,building_base_0424.png,PNG,planned,varies,building sprite
MM-01193,Art/Buildings/Base,building_base_0425.png,PNG,planned,varies,building sprite
MM-01194,Art/Buildings/Base,building_base_0426.png,PNG,planned,varies,building sprite
MM-01195,Art/Buildings/Base,building_base_0427.png,PNG,planned,varies,building sprite
MM-01196,Art/Buildings/Base,building_base_0428.png,PNG,planned,varies,building sprite
MM-01197,Art/Buildings/Base,building_base_0429.png,PNG,planned,varies,building sprite
MM-01198,Art/Buildings/Base,building_base_0430.png,PNG,planned,varies,building sprite
MM-01199,Art/Buildings/Base,building_base_0431.png,PNG,planned,varies,building sprite
MM-01200,Art/Buildings/Base,building_base_0432.png,PNG,planned,varies,building sprite
MM-01201,Art/Buildings/Base,building_base_0433.png,PNG,planned,varies,building sprite
MM-01202,Art/Buildings/Base,building_base_0434.png,PNG,planned,varies,building sprite
MM-01203,Art/Buildings/Base,building_base_0435.png,PNG,planned,varies,building sprite
MM-01204,Art/Buildings/Base,building_base_0436.png,PNG,planned,varies,building sprite
MM-01205,Art/Buildings/Base,building_base_0437.png,PNG,planned,varies,building sprite
MM-01206,Art/Buildings/Base,building_base_0438.png,PNG,planned,varies,building sprite
MM-01207,Art/Buildings/Base,building_base_0439.png,PNG,planned,varies,building sprite
MM-01208,Art/Buildings/Base,building_base_0440.png,PNG,planned,varies,building sprite
MM-01209,Art/Buildings/Base,building_base_0441.png,PNG,planned,varies,building sprite
MM-01210,Art/Buildings/Base,building_base_0442.png,PNG,planned,varies,building sprite
MM-01211,Art/Buildings/Base,building_base_0443.png,PNG,planned,varies,building sprite
MM-01212,Art/Buildings/Base,building_base_0444.png,PNG,planned,varies,building sprite
MM-01213,Art/Buildings/Base,building_base_0445.png,PNG,planned,varies,building sprite
MM-01214,Art/Buildings/Base,building_base_0446.png,PNG,planned,varies,building sprite
MM-01215,Art/Buildings/Base,building_base_0447.png,PNG,planned,varies,building sprite
MM-01216,Art/Buildings/Base,building_base_0448.png,PNG,planned,varies,building sprite
MM-01217,Art/Buildings/Base,building_base_0449.png,PNG,planned,varies,building sprite
MM-01218,Art/Buildings/Base,building_base_0450.png,PNG,planned,varies,building sprite
MM-01219,Art/Buildings/Base,building_base_0451.png,PNG,planned,varies,building sprite
MM-01220,Art/Buildings/Base,building_base_0452.png,PNG,planned,varies,building sprite
MM-01221,Art/Buildings/Base,building_base_0453.png,PNG,planned,varies,building sprite
MM-01222,Art/Buildings/Base,building_base_0454.png,PNG,planned,varies,building sprite
MM-01223,Art/Buildings/Base,building_base_0455.png,PNG,planned,varies,building sprite
MM-01224,Art/Buildings/Base,building_base_0456.png,PNG,planned,varies,building sprite
MM-01225,Art/Buildings/Base,building_base_0457.png,PNG,planned,varies,building sprite
MM-01226,Art/Buildings/Base,building_base_0458.png,PNG,planned,varies,building sprite
MM-01227,Art/Buildings/Base,building_base_0459.png,PNG,planned,varies,building sprite
MM-01228,Art/Buildings/Base,building_base_0460.png,PNG,planned,varies,building sprite
MM-01229,Art/Buildings/Base,building_base_0461.png,PNG,planned,varies,building sprite
MM-01230,Art/Buildings/Base,building_base_0462.png,PNG,planned,varies,building sprite
MM-01231,Art/Buildings/Base,building_base_0463.png,PNG,planned,varies,building sprite
MM-01232,Art/Buildings/Base,building_base_0464.png,PNG,planned,varies,building sprite
MM-01233,Art/Buildings/Base,building_base_0465.png,PNG,planned,varies,building sprite
MM-01234,Art/Buildings/Base,building_base_0466.png,PNG,planned,varies,building sprite
MM-01235,Art/Buildings/Base,building_base_0467.png,PNG,planned,varies,building sprite
MM-01236,Art/Buildings/Base,building_base_0468.png,PNG,planned,varies,building sprite
MM-01237,Art/Buildings/Base,building_base_0469.png,PNG,planned,varies,building sprite
MM-01238,Art/Buildings/Base,building_base_0470.png,PNG,planned,varies,building sprite
MM-01239,Art/Buildings/Base,building_base_0471.png,PNG,planned,varies,building sprite
MM-01240,Art/Buildings/Base,building_base_0472.png,PNG,planned,varies,building sprite
MM-01241,Art/Buildings/Base,building_base_0473.png,PNG,planned,varies,building sprite
MM-01242,Art/Buildings/Base,building_base_0474.png,PNG,planned,varies,building sprite
MM-01243,Art/Buildings/Base,building_base_0475.png,PNG,planned,varies,building sprite
MM-01244,Art/Buildings/Base,building_base_0476.png,PNG,planned,varies,building sprite
MM-01245,Art/Buildings/Base,building_base_0477.png,PNG,planned,varies,building sprite
MM-01246,Art/Buildings/Base,building_base_0478.png,PNG,planned,varies,building sprite
MM-01247,Art/Buildings/Base,building_base_0479.png,PNG,planned,varies,building sprite
MM-01248,Art/Buildings/Base,building_base_0480.png,PNG,planned,varies,building sprite
MM-01249,Art/Buildings/Base,building_base_0481.png,PNG,planned,varies,building sprite
MM-01250,Art/Buildings/Base,building_base_0482.png,PNG,planned,varies,building sprite
MM-01251,Art/Buildings/Base,building_base_0483.png,PNG,planned,varies,building sprite
MM-01252,Art/Buildings/Base,building_base_0484.png,PNG,planned,varies,building sprite
MM-01253,Art/Buildings/Base,building_base_0485.png,PNG,planned,varies,building sprite
MM-01254,Art/Buildings/Base,building_base_0486.png,PNG,planned,varies,building sprite
MM-01255,Art/Buildings/Base,building_base_0487.png,PNG,planned,varies,building sprite
MM-01256,Art/Buildings/Base,building_base_0488.png,PNG,planned,varies,building sprite
MM-01257,Art/Buildings/Base,building_base_0489.png,PNG,planned,varies,building sprite
MM-01258,Art/Buildings/Base,building_base_0490.png,PNG,planned,varies,building sprite
MM-01259,Art/Buildings/Base,building_base_0491.png,PNG,planned,varies,building sprite
MM-01260,Art/Buildings/Base,building_base_0492.png,PNG,planned,varies,building sprite
MM-01261,Art/Buildings/Base,building_base_0493.png,PNG,planned,varies,building sprite
MM-01262,Art/Buildings/Base,building_base_0494.png,PNG,planned,varies,building sprite
MM-01263,Art/Buildings/Base,building_base_0495.png,PNG,planned,varies,building sprite
MM-01264,Art/Buildings/Base,building_base_0496.png,PNG,planned,varies,building sprite
MM-01265,Art/Buildings/Base,building_base_0497.png,PNG,planned,varies,building sprite
MM-01266,Art/Buildings/Base,building_base_0498.png,PNG,planned,varies,building sprite
MM-01267,Art/Buildings/Base,building_base_0499.png,PNG,planned,varies,building sprite
MM-01268,Art/Buildings/Base,building_base_0500.png,PNG,planned,varies,building sprite
MM-01269,Art/Buildings/Base,building_base_0501.png,PNG,planned,varies,building sprite
MM-01270,Art/Buildings/Base,building_base_0502.png,PNG,planned,varies,building sprite
MM-01271,Art/Buildings/Base,building_base_0503.png,PNG,planned,varies,building sprite
MM-01272,Art/Buildings/Base,building_base_0504.png,PNG,planned,varies,building sprite
MM-01273,Art/Buildings/Base,building_base_0505.png,PNG,planned,varies,building sprite
MM-01274,Art/Buildings/Base,building_base_0506.png,PNG,planned,varies,building sprite
MM-01275,Art/Buildings/Base,building_base_0507.png,PNG,planned,varies,building sprite
MM-01276,Art/Buildings/Base,building_base_0508.png,PNG,planned,varies,building sprite
MM-01277,Art/Buildings/Base,building_base_0509.png,PNG,planned,varies,building sprite
MM-01278,Art/Buildings/Base,building_base_0510.png,PNG,planned,varies,building sprite
MM-01279,Art/Buildings/Base,building_base_0511.png,PNG,planned,varies,building sprite
MM-01280,Art/Buildings/Base,building_base_0512.png,PNG,planned,varies,building sprite
MM-01281,Art/Buildings/Base,building_base_0513.png,PNG,planned,varies,building sprite
MM-01282,Art/Buildings/Base,building_base_0514.png,PNG,planned,varies,building sprite
MM-01283,Art/Buildings/Base,building_base_0515.png,PNG,planned,varies,building sprite
MM-01284,Art/Buildings/Base,building_base_0516.png,PNG,planned,varies,building sprite
MM-01285,Art/Buildings/Base,building_base_0517.png,PNG,planned,varies,building sprite
MM-01286,Art/Buildings/Base,building_base_0518.png,PNG,planned,varies,building sprite
MM-01287,Art/Buildings/Base,building_base_0519.png,PNG,planned,varies,building sprite
MM-01288,Art/Buildings/Base,building_base_0520.png,PNG,planned,varies,building sprite
MM-01289,Art/Buildings/Base,building_base_0521.png,PNG,planned,varies,building sprite
MM-01290,Art/Buildings/Base,building_base_0522.png,PNG,planned,varies,building sprite
MM-01291,Art/Buildings/Base,building_base_0523.png,PNG,planned,varies,building sprite
MM-01292,Art/Buildings/Base,building_base_0524.png,PNG,planned,varies,building sprite
MM-01293,Art/Buildings/Base,building_base_0525.png,PNG,planned,varies,building sprite
MM-01294,Art/Buildings/Base,building_base_0526.png,PNG,planned,varies,building sprite
MM-01295,Art/Buildings/Base,building_base_0527.png,PNG,planned,varies,building sprite
MM-01296,Art/Buildings/Base,building_base_0528.png,PNG,planned,varies,building sprite
MM-01297,Art/Buildings/Base,building_base_0529.png,PNG,planned,varies,building sprite
MM-01298,Art/Buildings/Base,building_base_0530.png,PNG,planned,varies,building sprite
MM-01299,Art/Buildings/Base,building_base_0531.png,PNG,planned,varies,building sprite
MM-01300,Art/Buildings/Base,building_base_0532.png,PNG,planned,varies,building sprite
MM-01301,Art/Buildings/Base,building_base_0533.png,PNG,planned,varies,building sprite
MM-01302,Art/Buildings/Base,building_base_0534.png,PNG,planned,varies,building sprite
MM-01303,Art/Buildings/Base,building_base_0535.png,PNG,planned,varies,building sprite
MM-01304,Art/Buildings/Base,building_base_0536.png,PNG,planned,varies,building sprite
MM-01305,Art/Buildings/Base,building_base_0537.png,PNG,planned,varies,building sprite
MM-01306,Art/Buildings/Base,building_base_0538.png,PNG,planned,varies,building sprite
MM-01307,Art/Buildings/Base,building_base_0539.png,PNG,planned,varies,building sprite
MM-01308,Art/Buildings/Base,building_base_0540.png,PNG,planned,varies,building sprite
MM-01309,Art/Buildings/Base,building_base_0541.png,PNG,planned,varies,building sprite
MM-01310,Art/Buildings/Base,building_base_0542.png,PNG,planned,varies,building sprite
MM-01311,Art/Buildings/Base,building_base_0543.png,PNG,planned,varies,building sprite
MM-01312,Art/Buildings/Base,building_base_0544.png,PNG,planned,varies,building sprite
MM-01313,Art/Buildings/Base,building_base_0545.png,PNG,planned,varies,building sprite
MM-01314,Art/Buildings/Base,building_base_0546.png,PNG,planned,varies,building sprite
MM-01315,Art/Buildings/Base,building_base_0547.png,PNG,planned,varies,building sprite
MM-01316,Art/Buildings/Base,building_base_0548.png,PNG,planned,varies,building sprite
MM-01317,Art/Buildings/Base,building_base_0549.png,PNG,planned,varies,building sprite
MM-01318,Art/Buildings/Base,building_base_0550.png,PNG,planned,varies,building sprite
MM-01319,Art/Buildings/Base,building_base_0551.png,PNG,planned,varies,building sprite
MM-01320,Art/Buildings/Base,building_base_0552.png,PNG,planned,varies,building sprite
MM-01321,Art/Buildings/Base,building_base_0553.png,PNG,planned,varies,building sprite
MM-01322,Art/Buildings/Base,building_base_0554.png,PNG,planned,varies,building sprite
MM-01323,Art/Buildings/Base,building_base_0555.png,PNG,planned,varies,building sprite
MM-01324,Art/Buildings/Base,building_base_0556.png,PNG,planned,varies,building sprite
MM-01325,Art/Buildings/Base,building_base_0557.png,PNG,planned,varies,building sprite
MM-01326,Art/Buildings/Base,building_base_0558.png,PNG,planned,varies,building sprite
MM-01327,Art/Buildings/Base,building_base_0559.png,PNG,planned,varies,building sprite
MM-01328,Art/Buildings/Base,building_base_0560.png,PNG,planned,varies,building sprite
MM-01329,Art/Buildings/Base,building_base_0561.png,PNG,planned,varies,building sprite
MM-01330,Art/Buildings/Base,building_base_0562.png,PNG,planned,varies,building sprite
MM-01331,Art/Buildings/Base,building_base_0563.png,PNG,planned,varies,building sprite
MM-01332,Art/Buildings/Base,building_base_0564.png,PNG,planned,varies,building sprite
MM-01333,Art/Buildings/Base,building_base_0565.png,PNG,planned,varies,building sprite
MM-01334,Art/Buildings/Base,building_base_0566.png,PNG,planned,varies,building sprite
MM-01335,Art/Buildings/Base,building_base_0567.png,PNG,planned,varies,building sprite
MM-01336,Art/Buildings/Base,building_base_0568.png,PNG,planned,varies,building sprite
MM-01337,Art/Buildings/Base,building_base_0569.png,PNG,planned,varies,building sprite
MM-01338,Art/Buildings/Base,building_base_0570.png,PNG,planned,varies,building sprite
MM-01339,Art/Buildings/Base,building_base_0571.png,PNG,planned,varies,building sprite
MM-01340,Art/Buildings/Base,building_base_0572.png,PNG,planned,varies,building sprite
MM-01341,Art/Buildings/Base,building_base_0573.png,PNG,planned,varies,building sprite
MM-01342,Art/Buildings/Base,building_base_0574.png,PNG,planned,varies,building sprite
MM-01343,Art/Buildings/Base,building_base_0575.png,PNG,planned,varies,building sprite
MM-01344,Art/Buildings/Base,building_base_0576.png,PNG,planned,varies,building sprite
MM-01345,Art/Buildings/Base,building_base_0577.png,PNG,planned,varies,building sprite
MM-01346,Art/Buildings/Base,building_base_0578.png,PNG,planned,varies,building sprite
MM-01347,Art/Buildings/Base,building_base_0579.png,PNG,planned,varies,building sprite
MM-01348,Art/Buildings/Base,building_base_0580.png,PNG,planned,varies,building sprite
MM-01349,Art/Buildings/Base,building_base_0581.png,PNG,planned,varies,building sprite
MM-01350,Art/Buildings/Base,building_base_0582.png,PNG,planned,varies,building sprite
MM-01351,Art/Buildings/Base,building_base_0583.png,PNG,planned,varies,building sprite
MM-01352,Art/Buildings/Base,building_base_0584.png,PNG,planned,varies,building sprite
MM-01353,Art/Buildings/Base,building_base_0585.png,PNG,planned,varies,building sprite
MM-01354,Art/Buildings/Base,building_base_0586.png,PNG,planned,varies,building sprite
MM-01355,Art/Buildings/Base,building_base_0587.png,PNG,planned,varies,building sprite
MM-01356,Art/Buildings/Base,building_base_0588.png,PNG,planned,varies,building sprite
MM-01357,Art/Buildings/Base,building_base_0589.png,PNG,planned,varies,building sprite
MM-01358,Art/Buildings/Base,building_base_0590.png,PNG,planned,varies,building sprite
MM-01359,Art/Buildings/Base,building_base_0591.png,PNG,planned,varies,building sprite
MM-01360,Art/Buildings/Base,building_base_0592.png,PNG,planned,varies,building sprite
MM-01361,Art/Buildings/Base,building_base_0593.png,PNG,planned,varies,building sprite
MM-01362,Art/Buildings/Base,building_base_0594.png,PNG,planned,varies,building sprite
MM-01363,Art/Buildings/Base,building_base_0595.png,PNG,planned,varies,building sprite
MM-01364,Art/Buildings/Base,building_base_0596.png,PNG,planned,varies,building sprite
MM-01365,Art/Buildings/Base,building_base_0597.png,PNG,planned,varies,building sprite
MM-01366,Art/Buildings/Base,building_base_0598.png,PNG,planned,varies,building sprite
MM-01367,Art/Buildings/Base,building_base_0599.png,PNG,planned,varies,building sprite
MM-01368,Art/Buildings/Base,building_base_0600.png,PNG,planned,varies,building sprite
MM-01369,Art/Buildings/Base,building_base_0601.png,PNG,planned,varies,building sprite
MM-01370,Art/Buildings/Base,building_base_0602.png,PNG,planned,varies,building sprite
MM-01371,Art/Buildings/Base,building_base_0603.png,PNG,planned,varies,building sprite
MM-01372,Art/Buildings/Base,building_base_0604.png,PNG,planned,varies,building sprite
MM-01373,Art/Buildings/Base,building_base_0605.png,PNG,planned,varies,building sprite
MM-01374,Art/Buildings/Base,building_base_0606.png,PNG,planned,varies,building sprite
MM-01375,Art/Buildings/Base,building_base_0607.png,PNG,planned,varies,building sprite
MM-01376,Art/Buildings/Base,building_base_0608.png,PNG,planned,varies,building sprite
MM-01377,Art/Buildings/Base,building_base_0609.png,PNG,planned,varies,building sprite
MM-01378,Art/Buildings/Base,building_base_0610.png,PNG,planned,varies,building sprite
MM-01379,Art/Buildings/Base,building_base_0611.png,PNG,planned,varies,building sprite
MM-01380,Art/Buildings/Base,building_base_0612.png,PNG,planned,varies,building sprite
MM-01381,Art/Buildings/Base,building_base_0613.png,PNG,planned,varies,building sprite
MM-01382,Art/Buildings/Base,building_base_0614.png,PNG,planned,varies,building sprite
MM-01383,Art/Buildings/Base,building_base_0615.png,PNG,planned,varies,building sprite
MM-01384,Art/Buildings/Base,building_base_0616.png,PNG,planned,varies,building sprite
MM-01385,Art/Buildings/Base,building_base_0617.png,PNG,planned,varies,building sprite
MM-01386,Art/Buildings/Base,building_base_0618.png,PNG,planned,varies,building sprite
MM-01387,Art/Buildings/Base,building_base_0619.png,PNG,planned,varies,building sprite
MM-01388,Art/Buildings/Base,building_base_0620.png,PNG,planned,varies,building sprite
MM-01389,Art/Buildings/Base,building_base_0621.png,PNG,planned,varies,building sprite
MM-01390,Art/Buildings/Base,building_base_0622.png,PNG,planned,varies,building sprite
MM-01391,Art/Buildings/Base,building_base_0623.png,PNG,planned,varies,building sprite
MM-01392,Art/Buildings/Base,building_base_0624.png,PNG,planned,varies,building sprite
MM-01393,Art/Buildings/Base,building_base_0625.png,PNG,planned,varies,building sprite
MM-01394,Art/Buildings/Base,building_base_0626.png,PNG,planned,varies,building sprite
MM-01395,Art/Buildings/Base,building_base_0627.png,PNG,planned,varies,building sprite
MM-01396,Art/Buildings/Base,building_base_0628.png,PNG,planned,varies,building sprite
MM-01397,Art/Buildings/Base,building_base_0629.png,PNG,planned,varies,building sprite
MM-01398,Art/Buildings/Base,building_base_0630.png,PNG,planned,varies,building sprite
MM-01399,Art/Buildings/Base,building_base_0631.png,PNG,planned,varies,building sprite
MM-01400,Art/Buildings/Base,building_base_0632.png,PNG,planned,varies,building sprite
MM-01401,Art/Buildings/Base,building_base_0633.png,PNG,planned,varies,building sprite
MM-01402,Art/Buildings/Base,building_base_0634.png,PNG,planned,varies,building sprite
MM-01403,Art/Buildings/Base,building_base_0635.png,PNG,planned,varies,building sprite
MM-01404,Art/Buildings/Base,building_base_0636.png,PNG,planned,varies,building sprite
MM-01405,Art/Buildings/Base,building_base_0637.png,PNG,planned,varies,building sprite
MM-01406,Art/Buildings/Base,building_base_0638.png,PNG,planned,varies,building sprite
MM-01407,Art/Buildings/Base,building_base_0639.png,PNG,planned,varies,building sprite
MM-01408,Art/Buildings/Base,building_base_0640.png,PNG,planned,varies,building sprite
MM-01409,Art/Buildings/Base,building_base_0641.png,PNG,planned,varies,building sprite
MM-01410,Art/Buildings/Base,building_base_0642.png,PNG,planned,varies,building sprite
MM-01411,Art/Buildings/Base,building_base_0643.png,PNG,planned,varies,building sprite
MM-01412,Art/Buildings/Base,building_base_0644.png,PNG,planned,varies,building sprite
MM-01413,Art/Buildings/Base,building_base_0645.png,PNG,planned,varies,building sprite
MM-01414,Art/Buildings/Base,building_base_0646.png,PNG,planned,varies,building sprite
MM-01415,Art/Buildings/Base,building_base_0647.png,PNG,planned,varies,building sprite
MM-01416,Art/Buildings/Base,building_base_0648.png,PNG,planned,varies,building sprite
MM-01417,Art/Buildings/Base,building_base_0649.png,PNG,planned,varies,building sprite
MM-01418,Art/Buildings/Base,building_base_0650.png,PNG,planned,varies,building sprite
MM-01419,Art/Buildings/Production,building_production_0001.png,PNG,planned,varies,building sprite
MM-01420,Art/Buildings/Production,building_production_0002.png,PNG,planned,varies,building sprite
MM-01421,Art/Buildings/Production,building_production_0003.png,PNG,planned,varies,building sprite
MM-01422,Art/Buildings/Production,building_production_0004.png,PNG,planned,varies,building sprite
MM-01423,Art/Buildings/Production,building_production_0005.png,PNG,planned,varies,building sprite
MM-01424,Art/Buildings/Production,building_production_0006.png,PNG,planned,varies,building sprite
MM-01425,Art/Buildings/Production,building_production_0007.png,PNG,planned,varies,building sprite
MM-01426,Art/Buildings/Production,building_production_0008.png,PNG,planned,varies,building sprite
MM-01427,Art/Buildings/Production,building_production_0009.png,PNG,planned,varies,building sprite
MM-01428,Art/Buildings/Production,building_production_0010.png,PNG,planned,varies,building sprite
MM-01429,Art/Buildings/Production,building_production_0011.png,PNG,planned,varies,building sprite
MM-01430,Art/Buildings/Production,building_production_0012.png,PNG,planned,varies,building sprite
MM-01431,Art/Buildings/Production,building_production_0013.png,PNG,planned,varies,building sprite
MM-01432,Art/Buildings/Production,building_production_0014.png,PNG,planned,varies,building sprite
MM-01433,Art/Buildings/Production,building_production_0015.png,PNG,planned,varies,building sprite
MM-01434,Art/Buildings/Production,building_production_0016.png,PNG,planned,varies,building sprite
MM-01435,Art/Buildings/Production,building_production_0017.png,PNG,planned,varies,building sprite
MM-01436,Art/Buildings/Production,building_production_0018.png,PNG,planned,varies,building sprite
MM-01437,Art/Buildings/Production,building_production_0019.png,PNG,planned,varies,building sprite
MM-01438,Art/Buildings/Production,building_production_0020.png,PNG,planned,varies,building sprite
MM-01439,Art/Buildings/Production,building_production_0021.png,PNG,planned,varies,building sprite
MM-01440,Art/Buildings/Production,building_production_0022.png,PNG,planned,varies,building sprite
MM-01441,Art/Buildings/Production,building_production_0023.png,PNG,planned,varies,building sprite
MM-01442,Art/Buildings/Production,building_production_0024.png,PNG,planned,varies,building sprite
MM-01443,Art/Buildings/Production,building_production_0025.png,PNG,planned,varies,building sprite
MM-01444,Art/Buildings/Production,building_production_0026.png,PNG,planned,varies,building sprite
MM-01445,Art/Buildings/Production,building_production_0027.png,PNG,planned,varies,building sprite
MM-01446,Art/Buildings/Production,building_production_0028.png,PNG,planned,varies,building sprite
MM-01447,Art/Buildings/Production,building_production_0029.png,PNG,planned,varies,building sprite
MM-01448,Art/Buildings/Production,building_production_0030.png,PNG,planned,varies,building sprite
MM-01449,Art/Buildings/Production,building_production_0031.png,PNG,planned,varies,building sprite
MM-01450,Art/Buildings/Production,building_production_0032.png,PNG,planned,varies,building sprite
MM-01451,Art/Buildings/Production,building_production_0033.png,PNG,planned,varies,building sprite
MM-01452,Art/Buildings/Production,building_production_0034.png,PNG,planned,varies,building sprite
MM-01453,Art/Buildings/Production,building_production_0035.png,PNG,planned,varies,building sprite
MM-01454,Art/Buildings/Production,building_production_0036.png,PNG,planned,varies,building sprite
MM-01455,Art/Buildings/Production,building_production_0037.png,PNG,planned,varies,building sprite
MM-01456,Art/Buildings/Production,building_production_0038.png,PNG,planned,varies,building sprite
MM-01457,Art/Buildings/Production,building_production_0039.png,PNG,planned,varies,building sprite
MM-01458,Art/Buildings/Production,building_production_0040.png,PNG,planned,varies,building sprite
MM-01459,Art/Buildings/Production,building_production_0041.png,PNG,planned,varies,building sprite
MM-01460,Art/Buildings/Production,building_production_0042.png,PNG,planned,varies,building sprite
MM-01461,Art/Buildings/Production,building_production_0043.png,PNG,planned,varies,building sprite
MM-01462,Art/Buildings/Production,building_production_0044.png,PNG,planned,varies,building sprite
MM-01463,Art/Buildings/Production,building_production_0045.png,PNG,planned,varies,building sprite
MM-01464,Art/Buildings/Production,building_production_0046.png,PNG,planned,varies,building sprite
MM-01465,Art/Buildings/Production,building_production_0047.png,PNG,planned,varies,building sprite
MM-01466,Art/Buildings/Production,building_production_0048.png,PNG,planned,varies,building sprite
MM-01467,Art/Buildings/Production,building_production_0049.png,PNG,planned,varies,building sprite
MM-01468,Art/Buildings/Production,building_production_0050.png,PNG,planned,varies,building sprite
MM-01469,Art/Buildings/Production,building_production_0051.png,PNG,planned,varies,building sprite
MM-01470,Art/Buildings/Production,building_production_0052.png,PNG,planned,varies,building sprite
MM-01471,Art/Buildings/Production,building_production_0053.png,PNG,planned,varies,building sprite
MM-01472,Art/Buildings/Production,building_production_0054.png,PNG,planned,varies,building sprite
MM-01473,Art/Buildings/Production,building_production_0055.png,PNG,planned,varies,building sprite
MM-01474,Art/Buildings/Production,building_production_0056.png,PNG,planned,varies,building sprite
MM-01475,Art/Buildings/Production,building_production_0057.png,PNG,planned,varies,building sprite
MM-01476,Art/Buildings/Production,building_production_0058.png,PNG,planned,varies,building sprite
MM-01477,Art/Buildings/Production,building_production_0059.png,PNG,planned,varies,building sprite
MM-01478,Art/Buildings/Production,building_production_0060.png,PNG,planned,varies,building sprite
MM-01479,Art/Buildings/Production,building_production_0061.png,PNG,planned,varies,building sprite
MM-01480,Art/Buildings/Production,building_production_0062.png,PNG,planned,varies,building sprite
MM-01481,Art/Buildings/Production,building_production_0063.png,PNG,planned,varies,building sprite
MM-01482,Art/Buildings/Production,building_production_0064.png,PNG,planned,varies,building sprite
MM-01483,Art/Buildings/Production,building_production_0065.png,PNG,planned,varies,building sprite
MM-01484,Art/Buildings/Production,building_production_0066.png,PNG,planned,varies,building sprite
MM-01485,Art/Buildings/Production,building_production_0067.png,PNG,planned,varies,building sprite
MM-01486,Art/Buildings/Production,building_production_0068.png,PNG,planned,varies,building sprite
MM-01487,Art/Buildings/Production,building_production_0069.png,PNG,planned,varies,building sprite
MM-01488,Art/Buildings/Production,building_production_0070.png,PNG,planned,varies,building sprite
MM-01489,Art/Buildings/Production,building_production_0071.png,PNG,planned,varies,building sprite
MM-01490,Art/Buildings/Production,building_production_0072.png,PNG,planned,varies,building sprite
MM-01491,Art/Buildings/Production,building_production_0073.png,PNG,planned,varies,building sprite
MM-01492,Art/Buildings/Production,building_production_0074.png,PNG,planned,varies,building sprite
MM-01493,Art/Buildings/Production,building_production_0075.png,PNG,planned,varies,building sprite
MM-01494,Art/Buildings/Production,building_production_0076.png,PNG,planned,varies,building sprite
MM-01495,Art/Buildings/Production,building_production_0077.png,PNG,planned,varies,building sprite
MM-01496,Art/Buildings/Production,building_production_0078.png,PNG,planned,varies,building sprite
MM-01497,Art/Buildings/Production,building_production_0079.png,PNG,planned,varies,building sprite
MM-01498,Art/Buildings/Production,building_production_0080.png,PNG,planned,varies,building sprite
MM-01499,Art/Buildings/Production,building_production_0081.png,PNG,planned,varies,building sprite
MM-01500,Art/Buildings/Production,building_production_0082.png,PNG,planned,varies,building sprite
MM-01501,Art/Buildings/Production,building_production_0083.png,PNG,planned,varies,building sprite
MM-01502,Art/Buildings/Production,building_production_0084.png,PNG,planned,varies,building sprite
MM-01503,Art/Buildings/Production,building_production_0085.png,PNG,planned,varies,building sprite
MM-01504,Art/Buildings/Production,building_production_0086.png,PNG,planned,varies,building sprite
MM-01505,Art/Buildings/Production,building_production_0087.png,PNG,planned,varies,building sprite
MM-01506,Art/Buildings/Production,building_production_0088.png,PNG,planned,varies,building sprite
MM-01507,Art/Buildings/Production,building_production_0089.png,PNG,planned,varies,building sprite
MM-01508,Art/Buildings/Production,building_production_0090.png,PNG,planned,varies,building sprite
MM-01509,Art/Buildings/Production,building_production_0091.png,PNG,planned,varies,building sprite
MM-01510,Art/Buildings/Production,building_production_0092.png,PNG,planned,varies,building sprite
MM-01511,Art/Buildings/Production,building_production_0093.png,PNG,planned,varies,building sprite
MM-01512,Art/Buildings/Production,building_production_0094.png,PNG,planned,varies,building sprite
MM-01513,Art/Buildings/Production,building_production_0095.png,PNG,planned,varies,building sprite
MM-01514,Art/Buildings/Production,building_production_0096.png,PNG,planned,varies,building sprite
MM-01515,Art/Buildings/Production,building_production_0097.png,PNG,planned,varies,building sprite
MM-01516,Art/Buildings/Production,building_production_0098.png,PNG,planned,varies,building sprite
MM-01517,Art/Buildings/Production,building_production_0099.png,PNG,planned,varies,building sprite
MM-01518,Art/Buildings/Production,building_production_0100.png,PNG,planned,varies,building sprite
MM-01519,Art/Buildings/Production,building_production_0101.png,PNG,planned,varies,building sprite
MM-01520,Art/Buildings/Production,building_production_0102.png,PNG,planned,varies,building sprite
MM-01521,Art/Buildings/Production,building_production_0103.png,PNG,planned,varies,building sprite
MM-01522,Art/Buildings/Production,building_production_0104.png,PNG,planned,varies,building sprite
MM-01523,Art/Buildings/Production,building_production_0105.png,PNG,planned,varies,building sprite
MM-01524,Art/Buildings/Production,building_production_0106.png,PNG,planned,varies,building sprite
MM-01525,Art/Buildings/Production,building_production_0107.png,PNG,planned,varies,building sprite
MM-01526,Art/Buildings/Production,building_production_0108.png,PNG,planned,varies,building sprite
MM-01527,Art/Buildings/Production,building_production_0109.png,PNG,planned,varies,building sprite
MM-01528,Art/Buildings/Production,building_production_0110.png,PNG,planned,varies,building sprite
MM-01529,Art/Buildings/Production,building_production_0111.png,PNG,planned,varies,building sprite
MM-01530,Art/Buildings/Production,building_production_0112.png,PNG,planned,varies,building sprite
MM-01531,Art/Buildings/Production,building_production_0113.png,PNG,planned,varies,building sprite
MM-01532,Art/Buildings/Production,building_production_0114.png,PNG,planned,varies,building sprite
MM-01533,Art/Buildings/Production,building_production_0115.png,PNG,planned,varies,building sprite
MM-01534,Art/Buildings/Production,building_production_0116.png,PNG,planned,varies,building sprite
MM-01535,Art/Buildings/Production,building_production_0117.png,PNG,planned,varies,building sprite
MM-01536,Art/Buildings/Production,building_production_0118.png,PNG,planned,varies,building sprite
MM-01537,Art/Buildings/Production,building_production_0119.png,PNG,planned,varies,building sprite
MM-01538,Art/Buildings/Production,building_production_0120.png,PNG,planned,varies,building sprite
MM-01539,Art/Buildings/Production,building_production_0121.png,PNG,planned,varies,building sprite
MM-01540,Art/Buildings/Production,building_production_0122.png,PNG,planned,varies,building sprite
MM-01541,Art/Buildings/Production,building_production_0123.png,PNG,planned,varies,building sprite
MM-01542,Art/Buildings/Production,building_production_0124.png,PNG,planned,varies,building sprite
MM-01543,Art/Buildings/Production,building_production_0125.png,PNG,planned,varies,building sprite
MM-01544,Art/Buildings/Production,building_production_0126.png,PNG,planned,varies,building sprite
MM-01545,Art/Buildings/Production,building_production_0127.png,PNG,planned,varies,building sprite
MM-01546,Art/Buildings/Production,building_production_0128.png,PNG,planned,varies,building sprite
MM-01547,Art/Buildings/Production,building_production_0129.png,PNG,planned,varies,building sprite
MM-01548,Art/Buildings/Production,building_production_0130.png,PNG,planned,varies,building sprite
MM-01549,Art/Buildings/Production,building_production_0131.png,PNG,planned,varies,building sprite
MM-01550,Art/Buildings/Production,building_production_0132.png,PNG,planned,varies,building sprite
MM-01551,Art/Buildings/Production,building_production_0133.png,PNG,planned,varies,building sprite
MM-01552,Art/Buildings/Production,building_production_0134.png,PNG,planned,varies,building sprite
MM-01553,Art/Buildings/Production,building_production_0135.png,PNG,planned,varies,building sprite
MM-01554,Art/Buildings/Production,building_production_0136.png,PNG,planned,varies,building sprite
MM-01555,Art/Buildings/Production,building_production_0137.png,PNG,planned,varies,building sprite
MM-01556,Art/Buildings/Production,building_production_0138.png,PNG,planned,varies,building sprite
MM-01557,Art/Buildings/Production,building_production_0139.png,PNG,planned,varies,building sprite
MM-01558,Art/Buildings/Production,building_production_0140.png,PNG,planned,varies,building sprite
MM-01559,Art/Buildings/Production,building_production_0141.png,PNG,planned,varies,building sprite
MM-01560,Art/Buildings/Production,building_production_0142.png,PNG,planned,varies,building sprite
MM-01561,Art/Buildings/Production,building_production_0143.png,PNG,planned,varies,building sprite
MM-01562,Art/Buildings/Production,building_production_0144.png,PNG,planned,varies,building sprite
MM-01563,Art/Buildings/Production,building_production_0145.png,PNG,planned,varies,building sprite
MM-01564,Art/Buildings/Production,building_production_0146.png,PNG,planned,varies,building sprite
MM-01565,Art/Buildings/Production,building_production_0147.png,PNG,planned,varies,building sprite
MM-01566,Art/Buildings/Production,building_production_0148.png,PNG,planned,varies,building sprite
MM-01567,Art/Buildings/Production,building_production_0149.png,PNG,planned,varies,building sprite
MM-01568,Art/Buildings/Production,building_production_0150.png,PNG,planned,varies,building sprite
MM-01569,Art/Buildings/Production,building_production_0151.png,PNG,planned,varies,building sprite
MM-01570,Art/Buildings/Production,building_production_0152.png,PNG,planned,varies,building sprite
MM-01571,Art/Buildings/Production,building_production_0153.png,PNG,planned,varies,building sprite
MM-01572,Art/Buildings/Production,building_production_0154.png,PNG,planned,varies,building sprite
MM-01573,Art/Buildings/Production,building_production_0155.png,PNG,planned,varies,building sprite
MM-01574,Art/Buildings/Production,building_production_0156.png,PNG,planned,varies,building sprite
MM-01575,Art/Buildings/Production,building_production_0157.png,PNG,planned,varies,building sprite
MM-01576,Art/Buildings/Production,building_production_0158.png,PNG,planned,varies,building sprite
MM-01577,Art/Buildings/Production,building_production_0159.png,PNG,planned,varies,building sprite
MM-01578,Art/Buildings/Production,building_production_0160.png,PNG,planned,varies,building sprite
MM-01579,Art/Buildings/Production,building_production_0161.png,PNG,planned,varies,building sprite
MM-01580,Art/Buildings/Production,building_production_0162.png,PNG,planned,varies,building sprite
MM-01581,Art/Buildings/Production,building_production_0163.png,PNG,planned,varies,building sprite
MM-01582,Art/Buildings/Production,building_production_0164.png,PNG,planned,varies,building sprite
MM-01583,Art/Buildings/Production,building_production_0165.png,PNG,planned,varies,building sprite
MM-01584,Art/Buildings/Production,building_production_0166.png,PNG,planned,varies,building sprite
MM-01585,Art/Buildings/Production,building_production_0167.png,PNG,planned,varies,building sprite
MM-01586,Art/Buildings/Production,building_production_0168.png,PNG,planned,varies,building sprite
MM-01587,Art/Buildings/Production,building_production_0169.png,PNG,planned,varies,building sprite
MM-01588,Art/Buildings/Production,building_production_0170.png,PNG,planned,varies,building sprite
MM-01589,Art/Buildings/Production,building_production_0171.png,PNG,planned,varies,building sprite
MM-01590,Art/Buildings/Production,building_production_0172.png,PNG,planned,varies,building sprite
MM-01591,Art/Buildings/Production,building_production_0173.png,PNG,planned,varies,building sprite
MM-01592,Art/Buildings/Production,building_production_0174.png,PNG,planned,varies,building sprite
MM-01593,Art/Buildings/Production,building_production_0175.png,PNG,planned,varies,building sprite
MM-01594,Art/Buildings/Production,building_production_0176.png,PNG,planned,varies,building sprite
MM-01595,Art/Buildings/Production,building_production_0177.png,PNG,planned,varies,building sprite
MM-01596,Art/Buildings/Production,building_production_0178.png,PNG,planned,varies,building sprite
MM-01597,Art/Buildings/Production,building_production_0179.png,PNG,planned,varies,building sprite
MM-01598,Art/Buildings/Production,building_production_0180.png,PNG,planned,varies,building sprite
MM-01599,Art/Buildings/Production,building_production_0181.png,PNG,planned,varies,building sprite
MM-01600,Art/Buildings/Production,building_production_0182.png,PNG,planned,varies,building sprite
MM-01601,Art/Buildings/Production,building_production_0183.png,PNG,planned,varies,building sprite
MM-01602,Art/Buildings/Production,building_production_0184.png,PNG,planned,varies,building sprite
MM-01603,Art/Buildings/Production,building_production_0185.png,PNG,planned,varies,building sprite
MM-01604,Art/Buildings/Production,building_production_0186.png,PNG,planned,varies,building sprite
MM-01605,Art/Buildings/Production,building_production_0187.png,PNG,planned,varies,building sprite
MM-01606,Art/Buildings/Production,building_production_0188.png,PNG,planned,varies,building sprite
MM-01607,Art/Buildings/Production,building_production_0189.png,PNG,planned,varies,building sprite
MM-01608,Art/Buildings/Production,building_production_0190.png,PNG,planned,varies,building sprite
MM-01609,Art/Buildings/Production,building_production_0191.png,PNG,planned,varies,building sprite
MM-01610,Art/Buildings/Production,building_production_0192.png,PNG,planned,varies,building sprite
MM-01611,Art/Buildings/Production,building_production_0193.png,PNG,planned,varies,building sprite
MM-01612,Art/Buildings/Production,building_production_0194.png,PNG,planned,varies,building sprite
MM-01613,Art/Buildings/Production,building_production_0195.png,PNG,planned,varies,building sprite
MM-01614,Art/Buildings/Production,building_production_0196.png,PNG,planned,varies,building sprite
MM-01615,Art/Buildings/Production,building_production_0197.png,PNG,planned,varies,building sprite
MM-01616,Art/Buildings/Production,building_production_0198.png,PNG,planned,varies,building sprite
MM-01617,Art/Buildings/Production,building_production_0199.png,PNG,planned,varies,building sprite
MM-01618,Art/Buildings/Production,building_production_0200.png,PNG,planned,varies,building sprite
MM-01619,Art/Buildings/Production,building_production_0201.png,PNG,planned,varies,building sprite
MM-01620,Art/Buildings/Production,building_production_0202.png,PNG,planned,varies,building sprite
MM-01621,Art/Buildings/Production,building_production_0203.png,PNG,planned,varies,building sprite
MM-01622,Art/Buildings/Production,building_production_0204.png,PNG,planned,varies,building sprite
MM-01623,Art/Buildings/Production,building_production_0205.png,PNG,planned,varies,building sprite
MM-01624,Art/Buildings/Production,building_production_0206.png,PNG,planned,varies,building sprite
MM-01625,Art/Buildings/Production,building_production_0207.png,PNG,planned,varies,building sprite
MM-01626,Art/Buildings/Production,building_production_0208.png,PNG,planned,varies,building sprite
MM-01627,Art/Buildings/Production,building_production_0209.png,PNG,planned,varies,building sprite
MM-01628,Art/Buildings/Production,building_production_0210.png,PNG,planned,varies,building sprite
MM-01629,Art/Buildings/Production,building_production_0211.png,PNG,planned,varies,building sprite
MM-01630,Art/Buildings/Production,building_production_0212.png,PNG,planned,varies,building sprite
MM-01631,Art/Buildings/Production,building_production_0213.png,PNG,planned,varies,building sprite
MM-01632,Art/Buildings/Production,building_production_0214.png,PNG,planned,varies,building sprite
MM-01633,Art/Buildings/Production,building_production_0215.png,PNG,planned,varies,building sprite
MM-01634,Art/Buildings/Production,building_production_0216.png,PNG,planned,varies,building sprite
MM-01635,Art/Buildings/Production,building_production_0217.png,PNG,planned,varies,building sprite
MM-01636,Art/Buildings/Production,building_production_0218.png,PNG,planned,varies,building sprite
MM-01637,Art/Buildings/Production,building_production_0219.png,PNG,planned,varies,building sprite
MM-01638,Art/Buildings/Production,building_production_0220.png,PNG,planned,varies,building sprite
MM-01639,Art/Buildings/Production,building_production_0221.png,PNG,planned,varies,building sprite
MM-01640,Art/Buildings/Production,building_production_0222.png,PNG,planned,varies,building sprite
MM-01641,Art/Buildings/Production,building_production_0223.png,PNG,planned,varies,building sprite
MM-01642,Art/Buildings/Production,building_production_0224.png,PNG,planned,varies,building sprite
MM-01643,Art/Buildings/Production,building_production_0225.png,PNG,planned,varies,building sprite
MM-01644,Art/Buildings/Production,building_production_0226.png,PNG,planned,varies,building sprite
MM-01645,Art/Buildings/Production,building_production_0227.png,PNG,planned,varies,building sprite
MM-01646,Art/Buildings/Production,building_production_0228.png,PNG,planned,varies,building sprite
MM-01647,Art/Buildings/Production,building_production_0229.png,PNG,planned,varies,building sprite
MM-01648,Art/Buildings/Production,building_production_0230.png,PNG,planned,varies,building sprite
MM-01649,Art/Buildings/Production,building_production_0231.png,PNG,planned,varies,building sprite
MM-01650,Art/Buildings/Production,building_production_0232.png,PNG,planned,varies,building sprite
MM-01651,Art/Buildings/Production,building_production_0233.png,PNG,planned,varies,building sprite
MM-01652,Art/Buildings/Production,building_production_0234.png,PNG,planned,varies,building sprite
MM-01653,Art/Buildings/Production,building_production_0235.png,PNG,planned,varies,building sprite
MM-01654,Art/Buildings/Production,building_production_0236.png,PNG,planned,varies,building sprite
MM-01655,Art/Buildings/Production,building_production_0237.png,PNG,planned,varies,building sprite
MM-01656,Art/Buildings/Production,building_production_0238.png,PNG,planned,varies,building sprite
MM-01657,Art/Buildings/Production,building_production_0239.png,PNG,planned,varies,building sprite
MM-01658,Art/Buildings/Production,building_production_0240.png,PNG,planned,varies,building sprite
MM-01659,Art/Buildings/Production,building_production_0241.png,PNG,planned,varies,building sprite
MM-01660,Art/Buildings/Production,building_production_0242.png,PNG,planned,varies,building sprite
MM-01661,Art/Buildings/Production,building_production_0243.png,PNG,planned,varies,building sprite
MM-01662,Art/Buildings/Production,building_production_0244.png,PNG,planned,varies,building sprite
MM-01663,Art/Buildings/Production,building_production_0245.png,PNG,planned,varies,building sprite
MM-01664,Art/Buildings/Production,building_production_0246.png,PNG,planned,varies,building sprite
MM-01665,Art/Buildings/Production,building_production_0247.png,PNG,planned,varies,building sprite
MM-01666,Art/Buildings/Production,building_production_0248.png,PNG,planned,varies,building sprite
MM-01667,Art/Buildings/Production,building_production_0249.png,PNG,planned,varies,building sprite
MM-01668,Art/Buildings/Production,building_production_0250.png,PNG,planned,varies,building sprite
MM-01669,Art/Buildings/Production,building_production_0251.png,PNG,planned,varies,building sprite
MM-01670,Art/Buildings/Production,building_production_0252.png,PNG,planned,varies,building sprite
MM-01671,Art/Buildings/Production,building_production_0253.png,PNG,planned,varies,building sprite
MM-01672,Art/Buildings/Production,building_production_0254.png,PNG,planned,varies,building sprite
MM-01673,Art/Buildings/Production,building_production_0255.png,PNG,planned,varies,building sprite
MM-01674,Art/Buildings/Production,building_production_0256.png,PNG,planned,varies,building sprite
MM-01675,Art/Buildings/Production,building_production_0257.png,PNG,planned,varies,building sprite
MM-01676,Art/Buildings/Production,building_production_0258.png,PNG,planned,varies,building sprite
MM-01677,Art/Buildings/Production,building_production_0259.png,PNG,planned,varies,building sprite
MM-01678,Art/Buildings/Production,building_production_0260.png,PNG,planned,varies,building sprite
MM-01679,Art/Buildings/Production,building_production_0261.png,PNG,planned,varies,building sprite
MM-01680,Art/Buildings/Production,building_production_0262.png,PNG,planned,varies,building sprite
MM-01681,Art/Buildings/Production,building_production_0263.png,PNG,planned,varies,building sprite
MM-01682,Art/Buildings/Production,building_production_0264.png,PNG,planned,varies,building sprite
MM-01683,Art/Buildings/Production,building_production_0265.png,PNG,planned,varies,building sprite
MM-01684,Art/Buildings/Production,building_production_0266.png,PNG,planned,varies,building sprite
MM-01685,Art/Buildings/Production,building_production_0267.png,PNG,planned,varies,building sprite
MM-01686,Art/Buildings/Production,building_production_0268.png,PNG,planned,varies,building sprite
MM-01687,Art/Buildings/Production,building_production_0269.png,PNG,planned,varies,building sprite
MM-01688,Art/Buildings/Production,building_production_0270.png,PNG,planned,varies,building sprite
MM-01689,Art/Buildings/Production,building_production_0271.png,PNG,planned,varies,building sprite
MM-01690,Art/Buildings/Production,building_production_0272.png,PNG,planned,varies,building sprite
MM-01691,Art/Buildings/Production,building_production_0273.png,PNG,planned,varies,building sprite
MM-01692,Art/Buildings/Production,building_production_0274.png,PNG,planned,varies,building sprite
MM-01693,Art/Buildings/Production,building_production_0275.png,PNG,planned,varies,building sprite
MM-01694,Art/Buildings/Production,building_production_0276.png,PNG,planned,varies,building sprite
MM-01695,Art/Buildings/Production,building_production_0277.png,PNG,planned,varies,building sprite
MM-01696,Art/Buildings/Production,building_production_0278.png,PNG,planned,varies,building sprite
MM-01697,Art/Buildings/Production,building_production_0279.png,PNG,planned,varies,building sprite
MM-01698,Art/Buildings/Production,building_production_0280.png,PNG,planned,varies,building sprite
MM-01699,Art/Buildings/Production,building_production_0281.png,PNG,planned,varies,building sprite
MM-01700,Art/Buildings/Production,building_production_0282.png,PNG,planned,varies,building sprite
MM-01701,Art/Buildings/Production,building_production_0283.png,PNG,planned,varies,building sprite
MM-01702,Art/Buildings/Production,building_production_0284.png,PNG,planned,varies,building sprite
MM-01703,Art/Buildings/Production,building_production_0285.png,PNG,planned,varies,building sprite
MM-01704,Art/Buildings/Production,building_production_0286.png,PNG,planned,varies,building sprite
MM-01705,Art/Buildings/Production,building_production_0287.png,PNG,planned,varies,building sprite
MM-01706,Art/Buildings/Production,building_production_0288.png,PNG,planned,varies,building sprite
MM-01707,Art/Buildings/Production,building_production_0289.png,PNG,planned,varies,building sprite
MM-01708,Art/Buildings/Production,building_production_0290.png,PNG,planned,varies,building sprite
MM-01709,Art/Buildings/Production,building_production_0291.png,PNG,planned,varies,building sprite
MM-01710,Art/Buildings/Production,building_production_0292.png,PNG,planned,varies,building sprite
MM-01711,Art/Buildings/Production,building_production_0293.png,PNG,planned,varies,building sprite
MM-01712,Art/Buildings/Production,building_production_0294.png,PNG,planned,varies,building sprite
MM-01713,Art/Buildings/Production,building_production_0295.png,PNG,planned,varies,building sprite
MM-01714,Art/Buildings/Production,building_production_0296.png,PNG,planned,varies,building sprite
MM-01715,Art/Buildings/Production,building_production_0297.png,PNG,planned,varies,building sprite
MM-01716,Art/Buildings/Production,building_production_0298.png,PNG,planned,varies,building sprite
MM-01717,Art/Buildings/Production,building_production_0299.png,PNG,planned,varies,building sprite
MM-01718,Art/Buildings/Production,building_production_0300.png,PNG,planned,varies,building sprite
MM-01719,Art/Buildings/Production,building_production_0301.png,PNG,planned,varies,building sprite
MM-01720,Art/Buildings/Production,building_production_0302.png,PNG,planned,varies,building sprite
MM-01721,Art/Buildings/Production,building_production_0303.png,PNG,planned,varies,building sprite
MM-01722,Art/Buildings/Production,building_production_0304.png,PNG,planned,varies,building sprite
MM-01723,Art/Buildings/Production,building_production_0305.png,PNG,planned,varies,building sprite
MM-01724,Art/Buildings/Production,building_production_0306.png,PNG,planned,varies,building sprite
MM-01725,Art/Buildings/Production,building_production_0307.png,PNG,planned,varies,building sprite
MM-01726,Art/Buildings/Production,building_production_0308.png,PNG,planned,varies,building sprite
MM-01727,Art/Buildings/Production,building_production_0309.png,PNG,planned,varies,building sprite
MM-01728,Art/Buildings/Production,building_production_0310.png,PNG,planned,varies,building sprite
MM-01729,Art/Buildings/Production,building_production_0311.png,PNG,planned,varies,building sprite
MM-01730,Art/Buildings/Production,building_production_0312.png,PNG,planned,varies,building sprite
MM-01731,Art/Buildings/Production,building_production_0313.png,PNG,planned,varies,building sprite
MM-01732,Art/Buildings/Production,building_production_0314.png,PNG,planned,varies,building sprite
MM-01733,Art/Buildings/Production,building_production_0315.png,PNG,planned,varies,building sprite
MM-01734,Art/Buildings/Production,building_production_0316.png,PNG,planned,varies,building sprite
MM-01735,Art/Buildings/Production,building_production_0317.png,PNG,planned,varies,building sprite
MM-01736,Art/Buildings/Production,building_production_0318.png,PNG,planned,varies,building sprite
MM-01737,Art/Buildings/Production,building_production_0319.png,PNG,planned,varies,building sprite
MM-01738,Art/Buildings/Production,building_production_0320.png,PNG,planned,varies,building sprite
MM-01739,Art/Buildings/Production,building_production_0321.png,PNG,planned,varies,building sprite
MM-01740,Art/Buildings/Production,building_production_0322.png,PNG,planned,varies,building sprite
MM-01741,Art/Buildings/Production,building_production_0323.png,PNG,planned,varies,building sprite
MM-01742,Art/Buildings/Production,building_production_0324.png,PNG,planned,varies,building sprite
MM-01743,Art/Buildings/Production,building_production_0325.png,PNG,planned,varies,building sprite
MM-01744,Art/Buildings/Production,building_production_0326.png,PNG,planned,varies,building sprite
MM-01745,Art/Buildings/Production,building_production_0327.png,PNG,planned,varies,building sprite
MM-01746,Art/Buildings/Production,building_production_0328.png,PNG,planned,varies,building sprite
MM-01747,Art/Buildings/Production,building_production_0329.png,PNG,planned,varies,building sprite
MM-01748,Art/Buildings/Production,building_production_0330.png,PNG,planned,varies,building sprite
MM-01749,Art/Buildings/Production,building_production_0331.png,PNG,planned,varies,building sprite
MM-01750,Art/Buildings/Production,building_production_0332.png,PNG,planned,varies,building sprite
MM-01751,Art/Buildings/Production,building_production_0333.png,PNG,planned,varies,building sprite
MM-01752,Art/Buildings/Production,building_production_0334.png,PNG,planned,varies,building sprite
MM-01753,Art/Buildings/Production,building_production_0335.png,PNG,planned,varies,building sprite
MM-01754,Art/Buildings/Production,building_production_0336.png,PNG,planned,varies,building sprite
MM-01755,Art/Buildings/Production,building_production_0337.png,PNG,planned,varies,building sprite
MM-01756,Art/Buildings/Production,building_production_0338.png,PNG,planned,varies,building sprite
MM-01757,Art/Buildings/Production,building_production_0339.png,PNG,planned,varies,building sprite
MM-01758,Art/Buildings/Production,building_production_0340.png,PNG,planned,varies,building sprite
MM-01759,Art/Buildings/Production,building_production_0341.png,PNG,planned,varies,building sprite
MM-01760,Art/Buildings/Production,building_production_0342.png,PNG,planned,varies,building sprite
MM-01761,Art/Buildings/Production,building_production_0343.png,PNG,planned,varies,building sprite
MM-01762,Art/Buildings/Production,building_production_0344.png,PNG,planned,varies,building sprite
MM-01763,Art/Buildings/Production,building_production_0345.png,PNG,planned,varies,building sprite
MM-01764,Art/Buildings/Production,building_production_0346.png,PNG,planned,varies,building sprite
MM-01765,Art/Buildings/Production,building_production_0347.png,PNG,planned,varies,building sprite
MM-01766,Art/Buildings/Production,building_production_0348.png,PNG,planned,varies,building sprite
MM-01767,Art/Buildings/Production,building_production_0349.png,PNG,planned,varies,building sprite
MM-01768,Art/Buildings/Production,building_production_0350.png,PNG,planned,varies,building sprite
MM-01769,Art/Buildings/Production,building_production_0351.png,PNG,planned,varies,building sprite
MM-01770,Art/Buildings/Production,building_production_0352.png,PNG,planned,varies,building sprite
MM-01771,Art/Buildings/Production,building_production_0353.png,PNG,planned,varies,building sprite
MM-01772,Art/Buildings/Production,building_production_0354.png,PNG,planned,varies,building sprite
MM-01773,Art/Buildings/Production,building_production_0355.png,PNG,planned,varies,building sprite
MM-01774,Art/Buildings/Production,building_production_0356.png,PNG,planned,varies,building sprite
MM-01775,Art/Buildings/Production,building_production_0357.png,PNG,planned,varies,building sprite
MM-01776,Art/Buildings/Production,building_production_0358.png,PNG,planned,varies,building sprite
MM-01777,Art/Buildings/Production,building_production_0359.png,PNG,planned,varies,building sprite
MM-01778,Art/Buildings/Production,building_production_0360.png,PNG,planned,varies,building sprite
MM-01779,Art/Buildings/Production,building_production_0361.png,PNG,planned,varies,building sprite
MM-01780,Art/Buildings/Production,building_production_0362.png,PNG,planned,varies,building sprite
MM-01781,Art/Buildings/Production,building_production_0363.png,PNG,planned,varies,building sprite
MM-01782,Art/Buildings/Production,building_production_0364.png,PNG,planned,varies,building sprite
MM-01783,Art/Buildings/Production,building_production_0365.png,PNG,planned,varies,building sprite
MM-01784,Art/Buildings/Production,building_production_0366.png,PNG,planned,varies,building sprite
MM-01785,Art/Buildings/Production,building_production_0367.png,PNG,planned,varies,building sprite
MM-01786,Art/Buildings/Production,building_production_0368.png,PNG,planned,varies,building sprite
MM-01787,Art/Buildings/Production,building_production_0369.png,PNG,planned,varies,building sprite
MM-01788,Art/Buildings/Production,building_production_0370.png,PNG,planned,varies,building sprite
MM-01789,Art/Buildings/Production,building_production_0371.png,PNG,planned,varies,building sprite
MM-01790,Art/Buildings/Production,building_production_0372.png,PNG,planned,varies,building sprite
MM-01791,Art/Buildings/Production,building_production_0373.png,PNG,planned,varies,building sprite
MM-01792,Art/Buildings/Production,building_production_0374.png,PNG,planned,varies,building sprite
MM-01793,Art/Buildings/Production,building_production_0375.png,PNG,planned,varies,building sprite
MM-01794,Art/Buildings/Production,building_production_0376.png,PNG,planned,varies,building sprite
MM-01795,Art/Buildings/Production,building_production_0377.png,PNG,planned,varies,building sprite
MM-01796,Art/Buildings/Production,building_production_0378.png,PNG,planned,varies,building sprite
MM-01797,Art/Buildings/Production,building_production_0379.png,PNG,planned,varies,building sprite
MM-01798,Art/Buildings/Production,building_production_0380.png,PNG,planned,varies,building sprite
MM-01799,Art/Buildings/Production,building_production_0381.png,PNG,planned,varies,building sprite
MM-01800,Art/Buildings/Production,building_production_0382.png,PNG,planned,varies,building sprite
MM-01801,Art/Buildings/Production,building_production_0383.png,PNG,planned,varies,building sprite
MM-01802,Art/Buildings/Production,building_production_0384.png,PNG,planned,varies,building sprite
MM-01803,Art/Buildings/Production,building_production_0385.png,PNG,planned,varies,building sprite
MM-01804,Art/Buildings/Production,building_production_0386.png,PNG,planned,varies,building sprite
MM-01805,Art/Buildings/Production,building_production_0387.png,PNG,planned,varies,building sprite
MM-01806,Art/Buildings/Production,building_production_0388.png,PNG,planned,varies,building sprite
MM-01807,Art/Buildings/Production,building_production_0389.png,PNG,planned,varies,building sprite
MM-01808,Art/Buildings/Production,building_production_0390.png,PNG,planned,varies,building sprite
MM-01809,Art/Buildings/Production,building_production_0391.png,PNG,planned,varies,building sprite
MM-01810,Art/Buildings/Production,building_production_0392.png,PNG,planned,varies,building sprite
MM-01811,Art/Buildings/Production,building_production_0393.png,PNG,planned,varies,building sprite
MM-01812,Art/Buildings/Production,building_production_0394.png,PNG,planned,varies,building sprite
MM-01813,Art/Buildings/Production,building_production_0395.png,PNG,planned,varies,building sprite
MM-01814,Art/Buildings/Production,building_production_0396.png,PNG,planned,varies,building sprite
MM-01815,Art/Buildings/Production,building_production_0397.png,PNG,planned,varies,building sprite
MM-01816,Art/Buildings/Production,building_production_0398.png,PNG,planned,varies,building sprite
MM-01817,Art/Buildings/Production,building_production_0399.png,PNG,planned,varies,building sprite
MM-01818,Art/Buildings/Production,building_production_0400.png,PNG,planned,varies,building sprite
MM-01819,Art/Buildings/Production,building_production_0401.png,PNG,planned,varies,building sprite
MM-01820,Art/Buildings/Production,building_production_0402.png,PNG,planned,varies,building sprite
MM-01821,Art/Buildings/Production,building_production_0403.png,PNG,planned,varies,building sprite
MM-01822,Art/Buildings/Production,building_production_0404.png,PNG,planned,varies,building sprite
MM-01823,Art/Buildings/Production,building_production_0405.png,PNG,planned,varies,building sprite
MM-01824,Art/Buildings/Production,building_production_0406.png,PNG,planned,varies,building sprite
MM-01825,Art/Buildings/Production,building_production_0407.png,PNG,planned,varies,building sprite
MM-01826,Art/Buildings/Production,building_production_0408.png,PNG,planned,varies,building sprite
MM-01827,Art/Buildings/Production,building_production_0409.png,PNG,planned,varies,building sprite
MM-01828,Art/Buildings/Production,building_production_0410.png,PNG,planned,varies,building sprite
MM-01829,Art/Buildings/Production,building_production_0411.png,PNG,planned,varies,building sprite
MM-01830,Art/Buildings/Production,building_production_0412.png,PNG,planned,varies,building sprite
MM-01831,Art/Buildings/Production,building_production_0413.png,PNG,planned,varies,building sprite
MM-01832,Art/Buildings/Production,building_production_0414.png,PNG,planned,varies,building sprite
MM-01833,Art/Buildings/Production,building_production_0415.png,PNG,planned,varies,building sprite
MM-01834,Art/Buildings/Production,building_production_0416.png,PNG,planned,varies,building sprite
MM-01835,Art/Buildings/Production,building_production_0417.png,PNG,planned,varies,building sprite
MM-01836,Art/Buildings/Production,building_production_0418.png,PNG,planned,varies,building sprite
MM-01837,Art/Buildings/Production,building_production_0419.png,PNG,planned,varies,building sprite
MM-01838,Art/Buildings/Production,building_production_0420.png,PNG,planned,varies,building sprite
MM-01839,Art/Buildings/Production,building_production_0421.png,PNG,planned,varies,building sprite
MM-01840,Art/Buildings/Production,building_production_0422.png,PNG,planned,varies,building sprite
MM-01841,Art/Buildings/Production,building_production_0423.png,PNG,planned,varies,building sprite
MM-01842,Art/Buildings/Production,building_production_0424.png,PNG,planned,varies,building sprite
MM-01843,Art/Buildings/Production,building_production_0425.png,PNG,planned,varies,building sprite
MM-01844,Art/Buildings/Production,building_production_0426.png,PNG,planned,varies,building sprite
MM-01845,Art/Buildings/Production,building_production_0427.png,PNG,planned,varies,building sprite
MM-01846,Art/Buildings/Production,building_production_0428.png,PNG,planned,varies,building sprite
MM-01847,Art/Buildings/Production,building_production_0429.png,PNG,planned,varies,building sprite
MM-01848,Art/Buildings/Production,building_production_0430.png,PNG,planned,varies,building sprite
MM-01849,Art/Buildings/Production,building_production_0431.png,PNG,planned,varies,building sprite
MM-01850,Art/Buildings/Production,building_production_0432.png,PNG,planned,varies,building sprite
MM-01851,Art/Buildings/Production,building_production_0433.png,PNG,planned,varies,building sprite
MM-01852,Art/Buildings/Production,building_production_0434.png,PNG,planned,varies,building sprite
MM-01853,Art/Buildings/Production,building_production_0435.png,PNG,planned,varies,building sprite
MM-01854,Art/Buildings/Production,building_production_0436.png,PNG,planned,varies,building sprite
MM-01855,Art/Buildings/Production,building_production_0437.png,PNG,planned,varies,building sprite
MM-01856,Art/Buildings/Production,building_production_0438.png,PNG,planned,varies,building sprite
MM-01857,Art/Buildings/Production,building_production_0439.png,PNG,planned,varies,building sprite
MM-01858,Art/Buildings/Production,building_production_0440.png,PNG,planned,varies,building sprite
MM-01859,Art/Buildings/Production,building_production_0441.png,PNG,planned,varies,building sprite
MM-01860,Art/Buildings/Production,building_production_0442.png,PNG,planned,varies,building sprite
MM-01861,Art/Buildings/Production,building_production_0443.png,PNG,planned,varies,building sprite
MM-01862,Art/Buildings/Production,building_production_0444.png,PNG,planned,varies,building sprite
MM-01863,Art/Buildings/Production,building_production_0445.png,PNG,planned,varies,building sprite
MM-01864,Art/Buildings/Production,building_production_0446.png,PNG,planned,varies,building sprite
MM-01865,Art/Buildings/Production,building_production_0447.png,PNG,planned,varies,building sprite
MM-01866,Art/Buildings/Production,building_production_0448.png,PNG,planned,varies,building sprite
MM-01867,Art/Buildings/Production,building_production_0449.png,PNG,planned,varies,building sprite
MM-01868,Art/Buildings/Production,building_production_0450.png,PNG,planned,varies,building sprite
MM-01869,Art/Buildings/Production,building_production_0451.png,PNG,planned,varies,building sprite
MM-01870,Art/Buildings/Production,building_production_0452.png,PNG,planned,varies,building sprite
MM-01871,Art/Buildings/Production,building_production_0453.png,PNG,planned,varies,building sprite
MM-01872,Art/Buildings/Production,building_production_0454.png,PNG,planned,varies,building sprite
MM-01873,Art/Buildings/Production,building_production_0455.png,PNG,planned,varies,building sprite
MM-01874,Art/Buildings/Production,building_production_0456.png,PNG,planned,varies,building sprite
MM-01875,Art/Buildings/Production,building_production_0457.png,PNG,planned,varies,building sprite
MM-01876,Art/Buildings/Production,building_production_0458.png,PNG,planned,varies,building sprite
MM-01877,Art/Buildings/Production,building_production_0459.png,PNG,planned,varies,building sprite
MM-01878,Art/Buildings/Production,building_production_0460.png,PNG,planned,varies,building sprite
MM-01879,Art/Buildings/Production,building_production_0461.png,PNG,planned,varies,building sprite
MM-01880,Art/Buildings/Production,building_production_0462.png,PNG,planned,varies,building sprite
MM-01881,Art/Buildings/Production,building_production_0463.png,PNG,planned,varies,building sprite
MM-01882,Art/Buildings/Production,building_production_0464.png,PNG,planned,varies,building sprite
MM-01883,Art/Buildings/Production,building_production_0465.png,PNG,planned,varies,building sprite
MM-01884,Art/Buildings/Production,building_production_0466.png,PNG,planned,varies,building sprite
MM-01885,Art/Buildings/Production,building_production_0467.png,PNG,planned,varies,building sprite
MM-01886,Art/Buildings/Production,building_production_0468.png,PNG,planned,varies,building sprite
MM-01887,Art/Buildings/Production,building_production_0469.png,PNG,planned,varies,building sprite
MM-01888,Art/Buildings/Production,building_production_0470.png,PNG,planned,varies,building sprite
MM-01889,Art/Buildings/Production,building_production_0471.png,PNG,planned,varies,building sprite
MM-01890,Art/Buildings/Production,building_production_0472.png,PNG,planned,varies,building sprite
MM-01891,Art/Buildings/Production,building_production_0473.png,PNG,planned,varies,building sprite
MM-01892,Art/Buildings/Production,building_production_0474.png,PNG,planned,varies,building sprite
MM-01893,Art/Buildings/Production,building_production_0475.png,PNG,planned,varies,building sprite
MM-01894,Art/Buildings/Production,building_production_0476.png,PNG,planned,varies,building sprite
MM-01895,Art/Buildings/Production,building_production_0477.png,PNG,planned,varies,building sprite
MM-01896,Art/Buildings/Production,building_production_0478.png,PNG,planned,varies,building sprite
MM-01897,Art/Buildings/Production,building_production_0479.png,PNG,planned,varies,building sprite
MM-01898,Art/Buildings/Production,building_production_0480.png,PNG,planned,varies,building sprite
MM-01899,Art/Buildings/Production,building_production_0481.png,PNG,planned,varies,building sprite
MM-01900,Art/Buildings/Production,building_production_0482.png,PNG,planned,varies,building sprite
MM-01901,Art/Buildings/Production,building_production_0483.png,PNG,planned,varies,building sprite
MM-01902,Art/Buildings/Production,building_production_0484.png,PNG,planned,varies,building sprite
MM-01903,Art/Buildings/Production,building_production_0485.png,PNG,planned,varies,building sprite
MM-01904,Art/Buildings/Production,building_production_0486.png,PNG,planned,varies,building sprite
MM-01905,Art/Buildings/Production,building_production_0487.png,PNG,planned,varies,building sprite
MM-01906,Art/Buildings/Production,building_production_0488.png,PNG,planned,varies,building sprite
MM-01907,Art/Buildings/Production,building_production_0489.png,PNG,planned,varies,building sprite
MM-01908,Art/Buildings/Production,building_production_0490.png,PNG,planned,varies,building sprite
MM-01909,Art/Buildings/Production,building_production_0491.png,PNG,planned,varies,building sprite
MM-01910,Art/Buildings/Production,building_production_0492.png,PNG,planned,varies,building sprite
MM-01911,Art/Buildings/Production,building_production_0493.png,PNG,planned,varies,building sprite
MM-01912,Art/Buildings/Production,building_production_0494.png,PNG,planned,varies,building sprite
MM-01913,Art/Buildings/Production,building_production_0495.png,PNG,planned,varies,building sprite
MM-01914,Art/Buildings/Production,building_production_0496.png,PNG,planned,varies,building sprite
MM-01915,Art/Buildings/Production,building_production_0497.png,PNG,planned,varies,building sprite
MM-01916,Art/Buildings/Production,building_production_0498.png,PNG,planned,varies,building sprite
MM-01917,Art/Buildings/Production,building_production_0499.png,PNG,planned,varies,building sprite
MM-01918,Art/Buildings/Production,building_production_0500.png,PNG,planned,varies,building sprite
MM-01919,Art/Buildings/Production,building_production_0501.png,PNG,planned,varies,building sprite
MM-01920,Art/Buildings/Production,building_production_0502.png,PNG,planned,varies,building sprite
MM-01921,Art/Buildings/Production,building_production_0503.png,PNG,planned,varies,building sprite
MM-01922,Art/Buildings/Production,building_production_0504.png,PNG,planned,varies,building sprite
MM-01923,Art/Buildings/Production,building_production_0505.png,PNG,planned,varies,building sprite
MM-01924,Art/Buildings/Production,building_production_0506.png,PNG,planned,varies,building sprite
MM-01925,Art/Buildings/Production,building_production_0507.png,PNG,planned,varies,building sprite
MM-01926,Art/Buildings/Production,building_production_0508.png,PNG,planned,varies,building sprite
MM-01927,Art/Buildings/Production,building_production_0509.png,PNG,planned,varies,building sprite
MM-01928,Art/Buildings/Production,building_production_0510.png,PNG,planned,varies,building sprite
MM-01929,Art/Buildings/Production,building_production_0511.png,PNG,planned,varies,building sprite
MM-01930,Art/Buildings/Production,building_production_0512.png,PNG,planned,varies,building sprite
MM-01931,Art/Buildings/Production,building_production_0513.png,PNG,planned,varies,building sprite
MM-01932,Art/Buildings/Production,building_production_0514.png,PNG,planned,varies,building sprite
MM-01933,Art/Buildings/Production,building_production_0515.png,PNG,planned,varies,building sprite
MM-01934,Art/Buildings/Production,building_production_0516.png,PNG,planned,varies,building sprite
MM-01935,Art/Buildings/Production,building_production_0517.png,PNG,planned,varies,building sprite
MM-01936,Art/Buildings/Production,building_production_0518.png,PNG,planned,varies,building sprite
MM-01937,Art/Buildings/Production,building_production_0519.png,PNG,planned,varies,building sprite
MM-01938,Art/Buildings/Production,building_production_0520.png,PNG,planned,varies,building sprite
MM-01939,Art/Buildings/Production,building_production_0521.png,PNG,planned,varies,building sprite
MM-01940,Art/Buildings/Production,building_production_0522.png,PNG,planned,varies,building sprite
MM-01941,Art/Buildings/Production,building_production_0523.png,PNG,planned,varies,building sprite
MM-01942,Art/Buildings/Production,building_production_0524.png,PNG,planned,varies,building sprite
MM-01943,Art/Buildings/Production,building_production_0525.png,PNG,planned,varies,building sprite
MM-01944,Art/Buildings/Production,building_production_0526.png,PNG,planned,varies,building sprite
MM-01945,Art/Buildings/Production,building_production_0527.png,PNG,planned,varies,building sprite
MM-01946,Art/Buildings/Production,building_production_0528.png,PNG,planned,varies,building sprite
MM-01947,Art/Buildings/Production,building_production_0529.png,PNG,planned,varies,building sprite
MM-01948,Art/Buildings/Production,building_production_0530.png,PNG,planned,varies,building sprite
MM-01949,Art/Buildings/Production,building_production_0531.png,PNG,planned,varies,building sprite
MM-01950,Art/Buildings/Production,building_production_0532.png,PNG,planned,varies,building sprite
MM-01951,Art/Buildings/Production,building_production_0533.png,PNG,planned,varies,building sprite
MM-01952,Art/Buildings/Production,building_production_0534.png,PNG,planned,varies,building sprite
MM-01953,Art/Buildings/Production,building_production_0535.png,PNG,planned,varies,building sprite
MM-01954,Art/Buildings/Production,building_production_0536.png,PNG,planned,varies,building sprite
MM-01955,Art/Buildings/Production,building_production_0537.png,PNG,planned,varies,building sprite
MM-01956,Art/Buildings/Production,building_production_0538.png,PNG,planned,varies,building sprite
MM-01957,Art/Buildings/Production,building_production_0539.png,PNG,planned,varies,building sprite
MM-01958,Art/Buildings/Production,building_production_0540.png,PNG,planned,varies,building sprite
MM-01959,Art/Buildings/Production,building_production_0541.png,PNG,planned,varies,building sprite
MM-01960,Art/Buildings/Production,building_production_0542.png,PNG,planned,varies,building sprite
MM-01961,Art/Buildings/Production,building_production_0543.png,PNG,planned,varies,building sprite
MM-01962,Art/Buildings/Production,building_production_0544.png,PNG,planned,varies,building sprite
MM-01963,Art/Buildings/Production,building_production_0545.png,PNG,planned,varies,building sprite
MM-01964,Art/Buildings/Production,building_production_0546.png,PNG,planned,varies,building sprite
MM-01965,Art/Buildings/Production,building_production_0547.png,PNG,planned,varies,building sprite
MM-01966,Art/Buildings/Production,building_production_0548.png,PNG,planned,varies,building sprite
MM-01967,Art/Buildings/Production,building_production_0549.png,PNG,planned,varies,building sprite
MM-01968,Art/Buildings/Production,building_production_0550.png,PNG,planned,varies,building sprite
MM-01969,Art/Buildings/Production,building_production_0551.png,PNG,planned,varies,building sprite
MM-01970,Art/Buildings/Production,building_production_0552.png,PNG,planned,varies,building sprite
MM-01971,Art/Buildings/Production,building_production_0553.png,PNG,planned,varies,building sprite
MM-01972,Art/Buildings/Production,building_production_0554.png,PNG,planned,varies,building sprite
MM-01973,Art/Buildings/Production,building_production_0555.png,PNG,planned,varies,building sprite
MM-01974,Art/Buildings/Production,building_production_0556.png,PNG,planned,varies,building sprite
MM-01975,Art/Buildings/Production,building_production_0557.png,PNG,planned,varies,building sprite
MM-01976,Art/Buildings/Production,building_production_0558.png,PNG,planned,varies,building sprite
MM-01977,Art/Buildings/Production,building_production_0559.png,PNG,planned,varies,building sprite
MM-01978,Art/Buildings/Production,building_production_0560.png,PNG,planned,varies,building sprite
MM-01979,Art/Buildings/Production,building_production_0561.png,PNG,planned,varies,building sprite
MM-01980,Art/Buildings/Production,building_production_0562.png,PNG,planned,varies,building sprite
MM-01981,Art/Buildings/Production,building_production_0563.png,PNG,planned,varies,building sprite
MM-01982,Art/Buildings/Production,building_production_0564.png,PNG,planned,varies,building sprite
MM-01983,Art/Buildings/Production,building_production_0565.png,PNG,planned,varies,building sprite
MM-01984,Art/Buildings/Production,building_production_0566.png,PNG,planned,varies,building sprite
MM-01985,Art/Buildings/Production,building_production_0567.png,PNG,planned,varies,building sprite
MM-01986,Art/Buildings/Production,building_production_0568.png,PNG,planned,varies,building sprite
MM-01987,Art/Buildings/Production,building_production_0569.png,PNG,planned,varies,building sprite
MM-01988,Art/Buildings/Production,building_production_0570.png,PNG,planned,varies,building sprite
MM-01989,Art/Buildings/Production,building_production_0571.png,PNG,planned,varies,building sprite
MM-01990,Art/Buildings/Production,building_production_0572.png,PNG,planned,varies,building sprite
MM-01991,Art/Buildings/Production,building_production_0573.png,PNG,planned,varies,building sprite
MM-01992,Art/Buildings/Production,building_production_0574.png,PNG,planned,varies,building sprite
MM-01993,Art/Buildings/Production,building_production_0575.png,PNG,planned,varies,building sprite
MM-01994,Art/Buildings/Production,building_production_0576.png,PNG,planned,varies,building sprite
MM-01995,Art/Buildings/Production,building_production_0577.png,PNG,planned,varies,building sprite
MM-01996,Art/Buildings/Production,building_production_0578.png,PNG,planned,varies,building sprite
MM-01997,Art/Buildings/Production,building_production_0579.png,PNG,planned,varies,building sprite
MM-01998,Art/Buildings/Production,building_production_0580.png,PNG,planned,varies,building sprite
MM-01999,Art/Buildings/Production,building_production_0581.png,PNG,planned,varies,building sprite
MM-02000,Art/Buildings/Production,building_production_0582.png,PNG,planned,varies,building sprite
MM-02001,Art/Buildings/Production,building_production_0583.png,PNG,planned,varies,building sprite
MM-02002,Art/Buildings/Production,building_production_0584.png,PNG,planned,varies,building sprite
MM-02003,Art/Buildings/Production,building_production_0585.png,PNG,planned,varies,building sprite
MM-02004,Art/Buildings/Production,building_production_0586.png,PNG,planned,varies,building sprite
MM-02005,Art/Buildings/Production,building_production_0587.png,PNG,planned,varies,building sprite
MM-02006,Art/Buildings/Production,building_production_0588.png,PNG,planned,varies,building sprite
MM-02007,Art/Buildings/Production,building_production_0589.png,PNG,planned,varies,building sprite
MM-02008,Art/Buildings/Production,building_production_0590.png,PNG,planned,varies,building sprite
MM-02009,Art/Buildings/Production,building_production_0591.png,PNG,planned,varies,building sprite
MM-02010,Art/Buildings/Production,building_production_0592.png,PNG,planned,varies,building sprite
MM-02011,Art/Buildings/Production,building_production_0593.png,PNG,planned,varies,building sprite
MM-02012,Art/Buildings/Production,building_production_0594.png,PNG,planned,varies,building sprite
MM-02013,Art/Buildings/Production,building_production_0595.png,PNG,planned,varies,building sprite
MM-02014,Art/Buildings/Production,building_production_0596.png,PNG,planned,varies,building sprite
MM-02015,Art/Buildings/Production,building_production_0597.png,PNG,planned,varies,building sprite
MM-02016,Art/Buildings/Production,building_production_0598.png,PNG,planned,varies,building sprite
MM-02017,Art/Buildings/Production,building_production_0599.png,PNG,planned,varies,building sprite
MM-02018,Art/Buildings/Production,building_production_0600.png,PNG,planned,varies,building sprite
MM-02019,Art/Buildings/Production,building_production_0601.png,PNG,planned,varies,building sprite
MM-02020,Art/Buildings/Production,building_production_0602.png,PNG,planned,varies,building sprite
MM-02021,Art/Buildings/Production,building_production_0603.png,PNG,planned,varies,building sprite
MM-02022,Art/Buildings/Production,building_production_0604.png,PNG,planned,varies,building sprite
MM-02023,Art/Buildings/Production,building_production_0605.png,PNG,planned,varies,building sprite
MM-02024,Art/Buildings/Production,building_production_0606.png,PNG,planned,varies,building sprite
MM-02025,Art/Buildings/Production,building_production_0607.png,PNG,planned,varies,building sprite
MM-02026,Art/Buildings/Production,building_production_0608.png,PNG,planned,varies,building sprite
MM-02027,Art/Buildings/Production,building_production_0609.png,PNG,planned,varies,building sprite
MM-02028,Art/Buildings/Production,building_production_0610.png,PNG,planned,varies,building sprite
MM-02029,Art/Buildings/Production,building_production_0611.png,PNG,planned,varies,building sprite
MM-02030,Art/Buildings/Production,building_production_0612.png,PNG,planned,varies,building sprite
MM-02031,Art/Buildings/Production,building_production_0613.png,PNG,planned,varies,building sprite
MM-02032,Art/Buildings/Production,building_production_0614.png,PNG,planned,varies,building sprite
MM-02033,Art/Buildings/Production,building_production_0615.png,PNG,planned,varies,building sprite
MM-02034,Art/Buildings/Production,building_production_0616.png,PNG,planned,varies,building sprite
MM-02035,Art/Buildings/Production,building_production_0617.png,PNG,planned,varies,building sprite
MM-02036,Art/Buildings/Production,building_production_0618.png,PNG,planned,varies,building sprite
MM-02037,Art/Buildings/Production,building_production_0619.png,PNG,planned,varies,building sprite
MM-02038,Art/Buildings/Production,building_production_0620.png,PNG,planned,varies,building sprite
MM-02039,Art/Buildings/Production,building_production_0621.png,PNG,planned,varies,building sprite
MM-02040,Art/Buildings/Production,building_production_0622.png,PNG,planned,varies,building sprite
MM-02041,Art/Buildings/Production,building_production_0623.png,PNG,planned,varies,building sprite
MM-02042,Art/Buildings/Production,building_production_0624.png,PNG,planned,varies,building sprite
MM-02043,Art/Buildings/Production,building_production_0625.png,PNG,planned,varies,building sprite
MM-02044,Art/Buildings/Production,building_production_0626.png,PNG,planned,varies,building sprite
MM-02045,Art/Buildings/Production,building_production_0627.png,PNG,planned,varies,building sprite
MM-02046,Art/Buildings/Production,building_production_0628.png,PNG,planned,varies,building sprite
MM-02047,Art/Buildings/Production,building_production_0629.png,PNG,planned,varies,building sprite
MM-02048,Art/Buildings/Production,building_production_0630.png,PNG,planned,varies,building sprite
MM-02049,Art/Buildings/Production,building_production_0631.png,PNG,planned,varies,building sprite
MM-02050,Art/Buildings/Production,building_production_0632.png,PNG,planned,varies,building sprite
MM-02051,Art/Buildings/Production,building_production_0633.png,PNG,planned,varies,building sprite
MM-02052,Art/Buildings/Production,building_production_0634.png,PNG,planned,varies,building sprite
MM-02053,Art/Buildings/Production,building_production_0635.png,PNG,planned,varies,building sprite
MM-02054,Art/Buildings/Production,building_production_0636.png,PNG,planned,varies,building sprite
MM-02055,Art/Buildings/Production,building_production_0637.png,PNG,planned,varies,building sprite
MM-02056,Art/Buildings/Production,building_production_0638.png,PNG,planned,varies,building sprite
MM-02057,Art/Buildings/Production,building_production_0639.png,PNG,planned,varies,building sprite
MM-02058,Art/Buildings/Production,building_production_0640.png,PNG,planned,varies,building sprite
MM-02059,Art/Buildings/Production,building_production_0641.png,PNG,planned,varies,building sprite
MM-02060,Art/Buildings/Production,building_production_0642.png,PNG,planned,varies,building sprite
MM-02061,Art/Buildings/Production,building_production_0643.png,PNG,planned,varies,building sprite
MM-02062,Art/Buildings/Production,building_production_0644.png,PNG,planned,varies,building sprite
MM-02063,Art/Buildings/Production,building_production_0645.png,PNG,planned,varies,building sprite
MM-02064,Art/Buildings/Production,building_production_0646.png,PNG,planned,varies,building sprite
MM-02065,Art/Buildings/Production,building_production_0647.png,PNG,planned,varies,building sprite
MM-02066,Art/Buildings/Production,building_production_0648.png,PNG,planned,varies,building sprite
MM-02067,Art/Buildings/Production,building_production_0649.png,PNG,planned,varies,building sprite
MM-02068,Art/Buildings/Production,building_production_0650.png,PNG,planned,varies,building sprite
MM-02069,Art/Buildings/Production,building_production_0651.png,PNG,planned,varies,building sprite
MM-02070,Art/Buildings/Production,building_production_0652.png,PNG,planned,varies,building sprite
MM-02071,Art/Buildings/Production,building_production_0653.png,PNG,planned,varies,building sprite
MM-02072,Art/Buildings/Production,building_production_0654.png,PNG,planned,varies,building sprite
MM-02073,Art/Buildings/Production,building_production_0655.png,PNG,planned,varies,building sprite
MM-02074,Art/Buildings/Production,building_production_0656.png,PNG,planned,varies,building sprite
MM-02075,Art/Buildings/Production,building_production_0657.png,PNG,planned,varies,building sprite
MM-02076,Art/Buildings/Production,building_production_0658.png,PNG,planned,varies,building sprite
MM-02077,Art/Buildings/Production,building_production_0659.png,PNG,planned,varies,building sprite
MM-02078,Art/Buildings/Production,building_production_0660.png,PNG,planned,varies,building sprite
MM-02079,Art/Buildings/Production,building_production_0661.png,PNG,planned,varies,building sprite
MM-02080,Art/Buildings/Production,building_production_0662.png,PNG,planned,varies,building sprite
MM-02081,Art/Buildings/Production,building_production_0663.png,PNG,planned,varies,building sprite
MM-02082,Art/Buildings/Production,building_production_0664.png,PNG,planned,varies,building sprite
MM-02083,Art/Buildings/Production,building_production_0665.png,PNG,planned,varies,building sprite
MM-02084,Art/Buildings/Production,building_production_0666.png,PNG,planned,varies,building sprite
MM-02085,Art/Buildings/Production,building_production_0667.png,PNG,planned,varies,building sprite
MM-02086,Art/Buildings/Production,building_production_0668.png,PNG,planned,varies,building sprite
MM-02087,Art/Buildings/Production,building_production_0669.png,PNG,planned,varies,building sprite
MM-02088,Art/Buildings/Production,building_production_0670.png,PNG,planned,varies,building sprite
MM-02089,Art/Buildings/Production,building_production_0671.png,PNG,planned,varies,building sprite
MM-02090,Art/Buildings/Production,building_production_0672.png,PNG,planned,varies,building sprite
MM-02091,Art/Buildings/Production,building_production_0673.png,PNG,planned,varies,building sprite
MM-02092,Art/Buildings/Production,building_production_0674.png,PNG,planned,varies,building sprite
MM-02093,Art/Buildings/Production,building_production_0675.png,PNG,planned,varies,building sprite
MM-02094,Art/Buildings/Production,building_production_0676.png,PNG,planned,varies,building sprite
MM-02095,Art/Buildings/Production,building_production_0677.png,PNG,planned,varies,building sprite
MM-02096,Art/Buildings/Production,building_production_0678.png,PNG,planned,varies,building sprite
MM-02097,Art/Buildings/Production,building_production_0679.png,PNG,planned,varies,building sprite
MM-02098,Art/Buildings/Production,building_production_0680.png,PNG,planned,varies,building sprite
MM-02099,Art/Buildings/Production,building_production_0681.png,PNG,planned,varies,building sprite
MM-02100,Art/Buildings/Production,building_production_0682.png,PNG,planned,varies,building sprite
MM-02101,Art/Buildings/Production,building_production_0683.png,PNG,planned,varies,building sprite
MM-02102,Art/Buildings/Production,building_production_0684.png,PNG,planned,varies,building sprite
MM-02103,Art/Buildings/Production,building_production_0685.png,PNG,planned,varies,building sprite
MM-02104,Art/Buildings/Production,building_production_0686.png,PNG,planned,varies,building sprite
MM-02105,Art/Buildings/Production,building_production_0687.png,PNG,planned,varies,building sprite
MM-02106,Art/Buildings/Production,building_production_0688.png,PNG,planned,varies,building sprite
MM-02107,Art/Buildings/Production,building_production_0689.png,PNG,planned,varies,building sprite
MM-02108,Art/Buildings/Production,building_production_0690.png,PNG,planned,varies,building sprite
MM-02109,Art/Buildings/Production,building_production_0691.png,PNG,planned,varies,building sprite
MM-02110,Art/Buildings/Production,building_production_0692.png,PNG,planned,varies,building sprite
MM-02111,Art/Buildings/Production,building_production_0693.png,PNG,planned,varies,building sprite
MM-02112,Art/Buildings/Production,building_production_0694.png,PNG,planned,varies,building sprite
MM-02113,Art/Buildings/Production,building_production_0695.png,PNG,planned,varies,building sprite
MM-02114,Art/Buildings/Production,building_production_0696.png,PNG,planned,varies,building sprite
MM-02115,Art/Buildings/Production,building_production_0697.png,PNG,planned,varies,building sprite
MM-02116,Art/Buildings/Production,building_production_0698.png,PNG,planned,varies,building sprite
MM-02117,Art/Buildings/Production,building_production_0699.png,PNG,planned,varies,building sprite
MM-02118,Art/Buildings/Production,building_production_0700.png,PNG,planned,varies,building sprite
MM-02119,Art/Buildings/Storage,building_storage_0001.png,PNG,planned,varies,building sprite
MM-02120,Art/Buildings/Storage,building_storage_0002.png,PNG,planned,varies,building sprite
MM-02121,Art/Buildings/Storage,building_storage_0003.png,PNG,planned,varies,building sprite
MM-02122,Art/Buildings/Storage,building_storage_0004.png,PNG,planned,varies,building sprite
MM-02123,Art/Buildings/Storage,building_storage_0005.png,PNG,planned,varies,building sprite
MM-02124,Art/Buildings/Storage,building_storage_0006.png,PNG,planned,varies,building sprite
MM-02125,Art/Buildings/Storage,building_storage_0007.png,PNG,planned,varies,building sprite
MM-02126,Art/Buildings/Storage,building_storage_0008.png,PNG,planned,varies,building sprite
MM-02127,Art/Buildings/Storage,building_storage_0009.png,PNG,planned,varies,building sprite
MM-02128,Art/Buildings/Storage,building_storage_0010.png,PNG,planned,varies,building sprite
MM-02129,Art/Buildings/Storage,building_storage_0011.png,PNG,planned,varies,building sprite
MM-02130,Art/Buildings/Storage,building_storage_0012.png,PNG,planned,varies,building sprite
MM-02131,Art/Buildings/Storage,building_storage_0013.png,PNG,planned,varies,building sprite
MM-02132,Art/Buildings/Storage,building_storage_0014.png,PNG,planned,varies,building sprite
MM-02133,Art/Buildings/Storage,building_storage_0015.png,PNG,planned,varies,building sprite
MM-02134,Art/Buildings/Storage,building_storage_0016.png,PNG,planned,varies,building sprite
MM-02135,Art/Buildings/Storage,building_storage_0017.png,PNG,planned,varies,building sprite
MM-02136,Art/Buildings/Storage,building_storage_0018.png,PNG,planned,varies,building sprite
MM-02137,Art/Buildings/Storage,building_storage_0019.png,PNG,planned,varies,building sprite
MM-02138,Art/Buildings/Storage,building_storage_0020.png,PNG,planned,varies,building sprite
MM-02139,Art/Buildings/Storage,building_storage_0021.png,PNG,planned,varies,building sprite
MM-02140,Art/Buildings/Storage,building_storage_0022.png,PNG,planned,varies,building sprite
MM-02141,Art/Buildings/Storage,building_storage_0023.png,PNG,planned,varies,building sprite
MM-02142,Art/Buildings/Storage,building_storage_0024.png,PNG,planned,varies,building sprite
MM-02143,Art/Buildings/Storage,building_storage_0025.png,PNG,planned,varies,building sprite
MM-02144,Art/Buildings/Storage,building_storage_0026.png,PNG,planned,varies,building sprite
MM-02145,Art/Buildings/Storage,building_storage_0027.png,PNG,planned,varies,building sprite
MM-02146,Art/Buildings/Storage,building_storage_0028.png,PNG,planned,varies,building sprite
MM-02147,Art/Buildings/Storage,building_storage_0029.png,PNG,planned,varies,building sprite
MM-02148,Art/Buildings/Storage,building_storage_0030.png,PNG,planned,varies,building sprite
MM-02149,Art/Buildings/Storage,building_storage_0031.png,PNG,planned,varies,building sprite
MM-02150,Art/Buildings/Storage,building_storage_0032.png,PNG,planned,varies,building sprite
MM-02151,Art/Buildings/Storage,building_storage_0033.png,PNG,planned,varies,building sprite
MM-02152,Art/Buildings/Storage,building_storage_0034.png,PNG,planned,varies,building sprite
MM-02153,Art/Buildings/Storage,building_storage_0035.png,PNG,planned,varies,building sprite
MM-02154,Art/Buildings/Storage,building_storage_0036.png,PNG,planned,varies,building sprite
MM-02155,Art/Buildings/Storage,building_storage_0037.png,PNG,planned,varies,building sprite
MM-02156,Art/Buildings/Storage,building_storage_0038.png,PNG,planned,varies,building sprite
MM-02157,Art/Buildings/Storage,building_storage_0039.png,PNG,planned,varies,building sprite
MM-02158,Art/Buildings/Storage,building_storage_0040.png,PNG,planned,varies,building sprite
MM-02159,Art/Buildings/Storage,building_storage_0041.png,PNG,planned,varies,building sprite
MM-02160,Art/Buildings/Storage,building_storage_0042.png,PNG,planned,varies,building sprite
MM-02161,Art/Buildings/Storage,building_storage_0043.png,PNG,planned,varies,building sprite
MM-02162,Art/Buildings/Storage,building_storage_0044.png,PNG,planned,varies,building sprite
MM-02163,Art/Buildings/Storage,building_storage_0045.png,PNG,planned,varies,building sprite
MM-02164,Art/Buildings/Storage,building_storage_0046.png,PNG,planned,varies,building sprite
MM-02165,Art/Buildings/Storage,building_storage_0047.png,PNG,planned,varies,building sprite
MM-02166,Art/Buildings/Storage,building_storage_0048.png,PNG,planned,varies,building sprite
MM-02167,Art/Buildings/Storage,building_storage_0049.png,PNG,planned,varies,building sprite
MM-02168,Art/Buildings/Storage,building_storage_0050.png,PNG,planned,varies,building sprite
MM-02169,Art/Buildings/Storage,building_storage_0051.png,PNG,planned,varies,building sprite
MM-02170,Art/Buildings/Storage,building_storage_0052.png,PNG,planned,varies,building sprite
MM-02171,Art/Buildings/Storage,building_storage_0053.png,PNG,planned,varies,building sprite
MM-02172,Art/Buildings/Storage,building_storage_0054.png,PNG,planned,varies,building sprite
MM-02173,Art/Buildings/Storage,building_storage_0055.png,PNG,planned,varies,building sprite
MM-02174,Art/Buildings/Storage,building_storage_0056.png,PNG,planned,varies,building sprite
MM-02175,Art/Buildings/Storage,building_storage_0057.png,PNG,planned,varies,building sprite
MM-02176,Art/Buildings/Storage,building_storage_0058.png,PNG,planned,varies,building sprite
MM-02177,Art/Buildings/Storage,building_storage_0059.png,PNG,planned,varies,building sprite
MM-02178,Art/Buildings/Storage,building_storage_0060.png,PNG,planned,varies,building sprite
MM-02179,Art/Buildings/Storage,building_storage_0061.png,PNG,planned,varies,building sprite
MM-02180,Art/Buildings/Storage,building_storage_0062.png,PNG,planned,varies,building sprite
MM-02181,Art/Buildings/Storage,building_storage_0063.png,PNG,planned,varies,building sprite
MM-02182,Art/Buildings/Storage,building_storage_0064.png,PNG,planned,varies,building sprite
MM-02183,Art/Buildings/Storage,building_storage_0065.png,PNG,planned,varies,building sprite
MM-02184,Art/Buildings/Storage,building_storage_0066.png,PNG,planned,varies,building sprite
MM-02185,Art/Buildings/Storage,building_storage_0067.png,PNG,planned,varies,building sprite
MM-02186,Art/Buildings/Storage,building_storage_0068.png,PNG,planned,varies,building sprite
MM-02187,Art/Buildings/Storage,building_storage_0069.png,PNG,planned,varies,building sprite
MM-02188,Art/Buildings/Storage,building_storage_0070.png,PNG,planned,varies,building sprite
MM-02189,Art/Buildings/Storage,building_storage_0071.png,PNG,planned,varies,building sprite
MM-02190,Art/Buildings/Storage,building_storage_0072.png,PNG,planned,varies,building sprite
MM-02191,Art/Buildings/Storage,building_storage_0073.png,PNG,planned,varies,building sprite
MM-02192,Art/Buildings/Storage,building_storage_0074.png,PNG,planned,varies,building sprite
MM-02193,Art/Buildings/Storage,building_storage_0075.png,PNG,planned,varies,building sprite
MM-02194,Art/Buildings/Storage,building_storage_0076.png,PNG,planned,varies,building sprite
MM-02195,Art/Buildings/Storage,building_storage_0077.png,PNG,planned,varies,building sprite
MM-02196,Art/Buildings/Storage,building_storage_0078.png,PNG,planned,varies,building sprite
MM-02197,Art/Buildings/Storage,building_storage_0079.png,PNG,planned,varies,building sprite
MM-02198,Art/Buildings/Storage,building_storage_0080.png,PNG,planned,varies,building sprite
MM-02199,Art/Buildings/Storage,building_storage_0081.png,PNG,planned,varies,building sprite
MM-02200,Art/Buildings/Storage,building_storage_0082.png,PNG,planned,varies,building sprite
MM-02201,Art/Buildings/Storage,building_storage_0083.png,PNG,planned,varies,building sprite
MM-02202,Art/Buildings/Storage,building_storage_0084.png,PNG,planned,varies,building sprite
MM-02203,Art/Buildings/Storage,building_storage_0085.png,PNG,planned,varies,building sprite
MM-02204,Art/Buildings/Storage,building_storage_0086.png,PNG,planned,varies,building sprite
MM-02205,Art/Buildings/Storage,building_storage_0087.png,PNG,planned,varies,building sprite
MM-02206,Art/Buildings/Storage,building_storage_0088.png,PNG,planned,varies,building sprite
MM-02207,Art/Buildings/Storage,building_storage_0089.png,PNG,planned,varies,building sprite
MM-02208,Art/Buildings/Storage,building_storage_0090.png,PNG,planned,varies,building sprite
MM-02209,Art/Buildings/Storage,building_storage_0091.png,PNG,planned,varies,building sprite
MM-02210,Art/Buildings/Storage,building_storage_0092.png,PNG,planned,varies,building sprite
MM-02211,Art/Buildings/Storage,building_storage_0093.png,PNG,planned,varies,building sprite
MM-02212,Art/Buildings/Storage,building_storage_0094.png,PNG,planned,varies,building sprite
MM-02213,Art/Buildings/Storage,building_storage_0095.png,PNG,planned,varies,building sprite
MM-02214,Art/Buildings/Storage,building_storage_0096.png,PNG,planned,varies,building sprite
MM-02215,Art/Buildings/Storage,building_storage_0097.png,PNG,planned,varies,building sprite
MM-02216,Art/Buildings/Storage,building_storage_0098.png,PNG,planned,varies,building sprite
MM-02217,Art/Buildings/Storage,building_storage_0099.png,PNG,planned,varies,building sprite
MM-02218,Art/Buildings/Storage,building_storage_0100.png,PNG,planned,varies,building sprite
MM-02219,Art/Buildings/Storage,building_storage_0101.png,PNG,planned,varies,building sprite
MM-02220,Art/Buildings/Storage,building_storage_0102.png,PNG,planned,varies,building sprite
MM-02221,Art/Buildings/Storage,building_storage_0103.png,PNG,planned,varies,building sprite
MM-02222,Art/Buildings/Storage,building_storage_0104.png,PNG,planned,varies,building sprite
MM-02223,Art/Buildings/Storage,building_storage_0105.png,PNG,planned,varies,building sprite
MM-02224,Art/Buildings/Storage,building_storage_0106.png,PNG,planned,varies,building sprite
MM-02225,Art/Buildings/Storage,building_storage_0107.png,PNG,planned,varies,building sprite
MM-02226,Art/Buildings/Storage,building_storage_0108.png,PNG,planned,varies,building sprite
MM-02227,Art/Buildings/Storage,building_storage_0109.png,PNG,planned,varies,building sprite
MM-02228,Art/Buildings/Storage,building_storage_0110.png,PNG,planned,varies,building sprite
MM-02229,Art/Buildings/Storage,building_storage_0111.png,PNG,planned,varies,building sprite
MM-02230,Art/Buildings/Storage,building_storage_0112.png,PNG,planned,varies,building sprite
MM-02231,Art/Buildings/Storage,building_storage_0113.png,PNG,planned,varies,building sprite
MM-02232,Art/Buildings/Storage,building_storage_0114.png,PNG,planned,varies,building sprite
MM-02233,Art/Buildings/Storage,building_storage_0115.png,PNG,planned,varies,building sprite
MM-02234,Art/Buildings/Storage,building_storage_0116.png,PNG,planned,varies,building sprite
MM-02235,Art/Buildings/Storage,building_storage_0117.png,PNG,planned,varies,building sprite
MM-02236,Art/Buildings/Storage,building_storage_0118.png,PNG,planned,varies,building sprite
MM-02237,Art/Buildings/Storage,building_storage_0119.png,PNG,planned,varies,building sprite
MM-02238,Art/Buildings/Storage,building_storage_0120.png,PNG,planned,varies,building sprite
MM-02239,Art/Buildings/Storage,building_storage_0121.png,PNG,planned,varies,building sprite
MM-02240,Art/Buildings/Storage,building_storage_0122.png,PNG,planned,varies,building sprite
MM-02241,Art/Buildings/Storage,building_storage_0123.png,PNG,planned,varies,building sprite
MM-02242,Art/Buildings/Storage,building_storage_0124.png,PNG,planned,varies,building sprite
MM-02243,Art/Buildings/Storage,building_storage_0125.png,PNG,planned,varies,building sprite
MM-02244,Art/Buildings/Storage,building_storage_0126.png,PNG,planned,varies,building sprite
MM-02245,Art/Buildings/Storage,building_storage_0127.png,PNG,planned,varies,building sprite
MM-02246,Art/Buildings/Storage,building_storage_0128.png,PNG,planned,varies,building sprite
MM-02247,Art/Buildings/Storage,building_storage_0129.png,PNG,planned,varies,building sprite
MM-02248,Art/Buildings/Storage,building_storage_0130.png,PNG,planned,varies,building sprite
MM-02249,Art/Buildings/Storage,building_storage_0131.png,PNG,planned,varies,building sprite
MM-02250,Art/Buildings/Storage,building_storage_0132.png,PNG,planned,varies,building sprite
MM-02251,Art/Buildings/Storage,building_storage_0133.png,PNG,planned,varies,building sprite
MM-02252,Art/Buildings/Storage,building_storage_0134.png,PNG,planned,varies,building sprite
MM-02253,Art/Buildings/Storage,building_storage_0135.png,PNG,planned,varies,building sprite
MM-02254,Art/Buildings/Storage,building_storage_0136.png,PNG,planned,varies,building sprite
MM-02255,Art/Buildings/Storage,building_storage_0137.png,PNG,planned,varies,building sprite
MM-02256,Art/Buildings/Storage,building_storage_0138.png,PNG,planned,varies,building sprite
MM-02257,Art/Buildings/Storage,building_storage_0139.png,PNG,planned,varies,building sprite
MM-02258,Art/Buildings/Storage,building_storage_0140.png,PNG,planned,varies,building sprite
MM-02259,Art/Buildings/Storage,building_storage_0141.png,PNG,planned,varies,building sprite
MM-02260,Art/Buildings/Storage,building_storage_0142.png,PNG,planned,varies,building sprite
MM-02261,Art/Buildings/Storage,building_storage_0143.png,PNG,planned,varies,building sprite
MM-02262,Art/Buildings/Storage,building_storage_0144.png,PNG,planned,varies,building sprite
MM-02263,Art/Buildings/Storage,building_storage_0145.png,PNG,planned,varies,building sprite
MM-02264,Art/Buildings/Storage,building_storage_0146.png,PNG,planned,varies,building sprite
MM-02265,Art/Buildings/Storage,building_storage_0147.png,PNG,planned,varies,building sprite
MM-02266,Art/Buildings/Storage,building_storage_0148.png,PNG,planned,varies,building sprite
MM-02267,Art/Buildings/Storage,building_storage_0149.png,PNG,planned,varies,building sprite
MM-02268,Art/Buildings/Storage,building_storage_0150.png,PNG,planned,varies,building sprite
MM-02269,Art/Buildings/Storage,building_storage_0151.png,PNG,planned,varies,building sprite
MM-02270,Art/Buildings/Storage,building_storage_0152.png,PNG,planned,varies,building sprite
MM-02271,Art/Buildings/Storage,building_storage_0153.png,PNG,planned,varies,building sprite
MM-02272,Art/Buildings/Storage,building_storage_0154.png,PNG,planned,varies,building sprite
MM-02273,Art/Buildings/Storage,building_storage_0155.png,PNG,planned,varies,building sprite
MM-02274,Art/Buildings/Storage,building_storage_0156.png,PNG,planned,varies,building sprite
MM-02275,Art/Buildings/Storage,building_storage_0157.png,PNG,planned,varies,building sprite
MM-02276,Art/Buildings/Storage,building_storage_0158.png,PNG,planned,varies,building sprite
MM-02277,Art/Buildings/Storage,building_storage_0159.png,PNG,planned,varies,building sprite
MM-02278,Art/Buildings/Storage,building_storage_0160.png,PNG,planned,varies,building sprite
MM-02279,Art/Buildings/Storage,building_storage_0161.png,PNG,planned,varies,building sprite
MM-02280,Art/Buildings/Storage,building_storage_0162.png,PNG,planned,varies,building sprite
MM-02281,Art/Buildings/Storage,building_storage_0163.png,PNG,planned,varies,building sprite
MM-02282,Art/Buildings/Storage,building_storage_0164.png,PNG,planned,varies,building sprite
MM-02283,Art/Buildings/Storage,building_storage_0165.png,PNG,planned,varies,building sprite
MM-02284,Art/Buildings/Storage,building_storage_0166.png,PNG,planned,varies,building sprite
MM-02285,Art/Buildings/Storage,building_storage_0167.png,PNG,planned,varies,building sprite
MM-02286,Art/Buildings/Storage,building_storage_0168.png,PNG,planned,varies,building sprite
MM-02287,Art/Buildings/Storage,building_storage_0169.png,PNG,planned,varies,building sprite
MM-02288,Art/Buildings/Storage,building_storage_0170.png,PNG,planned,varies,building sprite
MM-02289,Art/Buildings/Storage,building_storage_0171.png,PNG,planned,varies,building sprite
MM-02290,Art/Buildings/Storage,building_storage_0172.png,PNG,planned,varies,building sprite
MM-02291,Art/Buildings/Storage,building_storage_0173.png,PNG,planned,varies,building sprite
MM-02292,Art/Buildings/Storage,building_storage_0174.png,PNG,planned,varies,building sprite
MM-02293,Art/Buildings/Storage,building_storage_0175.png,PNG,planned,varies,building sprite
MM-02294,Art/Buildings/Storage,building_storage_0176.png,PNG,planned,varies,building sprite
MM-02295,Art/Buildings/Storage,building_storage_0177.png,PNG,planned,varies,building sprite
MM-02296,Art/Buildings/Storage,building_storage_0178.png,PNG,planned,varies,building sprite
MM-02297,Art/Buildings/Storage,building_storage_0179.png,PNG,planned,varies,building sprite
MM-02298,Art/Buildings/Storage,building_storage_0180.png,PNG,planned,varies,building sprite
MM-02299,Art/Buildings/Storage,building_storage_0181.png,PNG,planned,varies,building sprite
MM-02300,Art/Buildings/Storage,building_storage_0182.png,PNG,planned,varies,building sprite
MM-02301,Art/Buildings/Storage,building_storage_0183.png,PNG,planned,varies,building sprite
MM-02302,Art/Buildings/Storage,building_storage_0184.png,PNG,planned,varies,building sprite
MM-02303,Art/Buildings/Storage,building_storage_0185.png,PNG,planned,varies,building sprite
MM-02304,Art/Buildings/Storage,building_storage_0186.png,PNG,planned,varies,building sprite
MM-02305,Art/Buildings/Storage,building_storage_0187.png,PNG,planned,varies,building sprite
MM-02306,Art/Buildings/Storage,building_storage_0188.png,PNG,planned,varies,building sprite
MM-02307,Art/Buildings/Storage,building_storage_0189.png,PNG,planned,varies,building sprite
MM-02308,Art/Buildings/Storage,building_storage_0190.png,PNG,planned,varies,building sprite
MM-02309,Art/Buildings/Storage,building_storage_0191.png,PNG,planned,varies,building sprite
MM-02310,Art/Buildings/Storage,building_storage_0192.png,PNG,planned,varies,building sprite
MM-02311,Art/Buildings/Storage,building_storage_0193.png,PNG,planned,varies,building sprite
MM-02312,Art/Buildings/Storage,building_storage_0194.png,PNG,planned,varies,building sprite
MM-02313,Art/Buildings/Storage,building_storage_0195.png,PNG,planned,varies,building sprite
MM-02314,Art/Buildings/Storage,building_storage_0196.png,PNG,planned,varies,building sprite
MM-02315,Art/Buildings/Storage,building_storage_0197.png,PNG,planned,varies,building sprite
MM-02316,Art/Buildings/Storage,building_storage_0198.png,PNG,planned,varies,building sprite
MM-02317,Art/Buildings/Storage,building_storage_0199.png,PNG,planned,varies,building sprite
MM-02318,Art/Buildings/Storage,building_storage_0200.png,PNG,planned,varies,building sprite
MM-02319,Art/Buildings/Storage,building_storage_0201.png,PNG,planned,varies,building sprite
MM-02320,Art/Buildings/Storage,building_storage_0202.png,PNG,planned,varies,building sprite
MM-02321,Art/Buildings/Storage,building_storage_0203.png,PNG,planned,varies,building sprite
MM-02322,Art/Buildings/Storage,building_storage_0204.png,PNG,planned,varies,building sprite
MM-02323,Art/Buildings/Storage,building_storage_0205.png,PNG,planned,varies,building sprite
MM-02324,Art/Buildings/Storage,building_storage_0206.png,PNG,planned,varies,building sprite
MM-02325,Art/Buildings/Storage,building_storage_0207.png,PNG,planned,varies,building sprite
MM-02326,Art/Buildings/Storage,building_storage_0208.png,PNG,planned,varies,building sprite
MM-02327,Art/Buildings/Storage,building_storage_0209.png,PNG,planned,varies,building sprite
MM-02328,Art/Buildings/Storage,building_storage_0210.png,PNG,planned,varies,building sprite
MM-02329,Art/Buildings/Storage,building_storage_0211.png,PNG,planned,varies,building sprite
MM-02330,Art/Buildings/Storage,building_storage_0212.png,PNG,planned,varies,building sprite
MM-02331,Art/Buildings/Storage,building_storage_0213.png,PNG,planned,varies,building sprite
MM-02332,Art/Buildings/Storage,building_storage_0214.png,PNG,planned,varies,building sprite
MM-02333,Art/Buildings/Storage,building_storage_0215.png,PNG,planned,varies,building sprite
MM-02334,Art/Buildings/Storage,building_storage_0216.png,PNG,planned,varies,building sprite
MM-02335,Art/Buildings/Storage,building_storage_0217.png,PNG,planned,varies,building sprite
MM-02336,Art/Buildings/Storage,building_storage_0218.png,PNG,planned,varies,building sprite
MM-02337,Art/Buildings/Storage,building_storage_0219.png,PNG,planned,varies,building sprite
MM-02338,Art/Buildings/Storage,building_storage_0220.png,PNG,planned,varies,building sprite
MM-02339,Art/Buildings/Storage,building_storage_0221.png,PNG,planned,varies,building sprite
MM-02340,Art/Buildings/Storage,building_storage_0222.png,PNG,planned,varies,building sprite
MM-02341,Art/Buildings/Storage,building_storage_0223.png,PNG,planned,varies,building sprite
MM-02342,Art/Buildings/Storage,building_storage_0224.png,PNG,planned,varies,building sprite
MM-02343,Art/Buildings/Storage,building_storage_0225.png,PNG,planned,varies,building sprite
MM-02344,Art/Buildings/Storage,building_storage_0226.png,PNG,planned,varies,building sprite
MM-02345,Art/Buildings/Storage,building_storage_0227.png,PNG,planned,varies,building sprite
MM-02346,Art/Buildings/Storage,building_storage_0228.png,PNG,planned,varies,building sprite
MM-02347,Art/Buildings/Storage,building_storage_0229.png,PNG,planned,varies,building sprite
MM-02348,Art/Buildings/Storage,building_storage_0230.png,PNG,planned,varies,building sprite
MM-02349,Art/Buildings/Storage,building_storage_0231.png,PNG,planned,varies,building sprite
MM-02350,Art/Buildings/Storage,building_storage_0232.png,PNG,planned,varies,building sprite
MM-02351,Art/Buildings/Storage,building_storage_0233.png,PNG,planned,varies,building sprite
MM-02352,Art/Buildings/Storage,building_storage_0234.png,PNG,planned,varies,building sprite
MM-02353,Art/Buildings/Storage,building_storage_0235.png,PNG,planned,varies,building sprite
MM-02354,Art/Buildings/Storage,building_storage_0236.png,PNG,planned,varies,building sprite
MM-02355,Art/Buildings/Storage,building_storage_0237.png,PNG,planned,varies,building sprite
MM-02356,Art/Buildings/Storage,building_storage_0238.png,PNG,planned,varies,building sprite
MM-02357,Art/Buildings/Storage,building_storage_0239.png,PNG,planned,varies,building sprite
MM-02358,Art/Buildings/Storage,building_storage_0240.png,PNG,planned,varies,building sprite
MM-02359,Art/Buildings/Storage,building_storage_0241.png,PNG,planned,varies,building sprite
MM-02360,Art/Buildings/Storage,building_storage_0242.png,PNG,planned,varies,building sprite
MM-02361,Art/Buildings/Storage,building_storage_0243.png,PNG,planned,varies,building sprite
MM-02362,Art/Buildings/Storage,building_storage_0244.png,PNG,planned,varies,building sprite
MM-02363,Art/Buildings/Storage,building_storage_0245.png,PNG,planned,varies,building sprite
MM-02364,Art/Buildings/Storage,building_storage_0246.png,PNG,planned,varies,building sprite
MM-02365,Art/Buildings/Storage,building_storage_0247.png,PNG,planned,varies,building sprite
MM-02366,Art/Buildings/Storage,building_storage_0248.png,PNG,planned,varies,building sprite
MM-02367,Art/Buildings/Storage,building_storage_0249.png,PNG,planned,varies,building sprite
MM-02368,Art/Buildings/Storage,building_storage_0250.png,PNG,planned,varies,building sprite
MM-02369,Art/Buildings/Storage,building_storage_0251.png,PNG,planned,varies,building sprite
MM-02370,Art/Buildings/Storage,building_storage_0252.png,PNG,planned,varies,building sprite
MM-02371,Art/Buildings/Storage,building_storage_0253.png,PNG,planned,varies,building sprite
MM-02372,Art/Buildings/Storage,building_storage_0254.png,PNG,planned,varies,building sprite
MM-02373,Art/Buildings/Storage,building_storage_0255.png,PNG,planned,varies,building sprite
MM-02374,Art/Buildings/Storage,building_storage_0256.png,PNG,planned,varies,building sprite
MM-02375,Art/Buildings/Storage,building_storage_0257.png,PNG,planned,varies,building sprite
MM-02376,Art/Buildings/Storage,building_storage_0258.png,PNG,planned,varies,building sprite
MM-02377,Art/Buildings/Storage,building_storage_0259.png,PNG,planned,varies,building sprite
MM-02378,Art/Buildings/Storage,building_storage_0260.png,PNG,planned,varies,building sprite
MM-02379,Art/Buildings/Storage,building_storage_0261.png,PNG,planned,varies,building sprite
MM-02380,Art/Buildings/Storage,building_storage_0262.png,PNG,planned,varies,building sprite
MM-02381,Art/Buildings/Storage,building_storage_0263.png,PNG,planned,varies,building sprite
MM-02382,Art/Buildings/Storage,building_storage_0264.png,PNG,planned,varies,building sprite
MM-02383,Art/Buildings/Storage,building_storage_0265.png,PNG,planned,varies,building sprite
MM-02384,Art/Buildings/Storage,building_storage_0266.png,PNG,planned,varies,building sprite
MM-02385,Art/Buildings/Storage,building_storage_0267.png,PNG,planned,varies,building sprite
MM-02386,Art/Buildings/Storage,building_storage_0268.png,PNG,planned,varies,building sprite
MM-02387,Art/Buildings/Storage,building_storage_0269.png,PNG,planned,varies,building sprite
MM-02388,Art/Buildings/Storage,building_storage_0270.png,PNG,planned,varies,building sprite
MM-02389,Art/Buildings/Storage,building_storage_0271.png,PNG,planned,varies,building sprite
MM-02390,Art/Buildings/Storage,building_storage_0272.png,PNG,planned,varies,building sprite
MM-02391,Art/Buildings/Storage,building_storage_0273.png,PNG,planned,varies,building sprite
MM-02392,Art/Buildings/Storage,building_storage_0274.png,PNG,planned,varies,building sprite
MM-02393,Art/Buildings/Storage,building_storage_0275.png,PNG,planned,varies,building sprite
MM-02394,Art/Buildings/Storage,building_storage_0276.png,PNG,planned,varies,building sprite
MM-02395,Art/Buildings/Storage,building_storage_0277.png,PNG,planned,varies,building sprite
MM-02396,Art/Buildings/Storage,building_storage_0278.png,PNG,planned,varies,building sprite
MM-02397,Art/Buildings/Storage,building_storage_0279.png,PNG,planned,varies,building sprite
MM-02398,Art/Buildings/Storage,building_storage_0280.png,PNG,planned,varies,building sprite
MM-02399,Art/Worlds/Kitchen,tile_kitchen_0001.png,PNG,planned,varies,world tile
MM-02400,Art/Worlds/Kitchen,tile_kitchen_0002.png,PNG,planned,varies,world tile
MM-02401,Art/Worlds/Kitchen,tile_kitchen_0003.png,PNG,planned,varies,world tile
MM-02402,Art/Worlds/Kitchen,tile_kitchen_0004.png,PNG,planned,varies,world tile
MM-02403,Art/Worlds/Kitchen,tile_kitchen_0005.png,PNG,planned,varies,world tile
MM-02404,Art/Worlds/Kitchen,tile_kitchen_0006.png,PNG,planned,varies,world tile
MM-02405,Art/Worlds/Kitchen,tile_kitchen_0007.png,PNG,planned,varies,world tile
MM-02406,Art/Worlds/Kitchen,tile_kitchen_0008.png,PNG,planned,varies,world tile
MM-02407,Art/Worlds/Kitchen,tile_kitchen_0009.png,PNG,planned,varies,world tile
MM-02408,Art/Worlds/Kitchen,tile_kitchen_0010.png,PNG,planned,varies,world tile
MM-02409,Art/Worlds/Kitchen,tile_kitchen_0011.png,PNG,planned,varies,world tile
MM-02410,Art/Worlds/Kitchen,tile_kitchen_0012.png,PNG,planned,varies,world tile
MM-02411,Art/Worlds/Kitchen,tile_kitchen_0013.png,PNG,planned,varies,world tile
MM-02412,Art/Worlds/Kitchen,tile_kitchen_0014.png,PNG,planned,varies,world tile
MM-02413,Art/Worlds/Kitchen,tile_kitchen_0015.png,PNG,planned,varies,world tile
MM-02414,Art/Worlds/Kitchen,tile_kitchen_0016.png,PNG,planned,varies,world tile
MM-02415,Art/Worlds/Kitchen,tile_kitchen_0017.png,PNG,planned,varies,world tile
MM-02416,Art/Worlds/Kitchen,tile_kitchen_0018.png,PNG,planned,varies,world tile
MM-02417,Art/Worlds/Kitchen,tile_kitchen_0019.png,PNG,planned,varies,world tile
MM-02418,Art/Worlds/Kitchen,tile_kitchen_0020.png,PNG,planned,varies,world tile
MM-02419,Art/Worlds/Kitchen,tile_kitchen_0021.png,PNG,planned,varies,world tile
MM-02420,Art/Worlds/Kitchen,tile_kitchen_0022.png,PNG,planned,varies,world tile
MM-02421,Art/Worlds/Kitchen,tile_kitchen_0023.png,PNG,planned,varies,world tile
MM-02422,Art/Worlds/Kitchen,tile_kitchen_0024.png,PNG,planned,varies,world tile
MM-02423,Art/Worlds/Kitchen,tile_kitchen_0025.png,PNG,planned,varies,world tile
MM-02424,Art/Worlds/Kitchen,tile_kitchen_0026.png,PNG,planned,varies,world tile
MM-02425,Art/Worlds/Kitchen,tile_kitchen_0027.png,PNG,planned,varies,world tile
MM-02426,Art/Worlds/Kitchen,tile_kitchen_0028.png,PNG,planned,varies,world tile
MM-02427,Art/Worlds/Kitchen,tile_kitchen_0029.png,PNG,planned,varies,world tile
MM-02428,Art/Worlds/Kitchen,tile_kitchen_0030.png,PNG,planned,varies,world tile
MM-02429,Art/Worlds/Kitchen,tile_kitchen_0031.png,PNG,planned,varies,world tile
MM-02430,Art/Worlds/Kitchen,tile_kitchen_0032.png,PNG,planned,varies,world tile
MM-02431,Art/Worlds/Kitchen,tile_kitchen_0033.png,PNG,planned,varies,world tile
MM-02432,Art/Worlds/Kitchen,tile_kitchen_0034.png,PNG,planned,varies,world tile
MM-02433,Art/Worlds/Kitchen,tile_kitchen_0035.png,PNG,planned,varies,world tile
MM-02434,Art/Worlds/Kitchen,tile_kitchen_0036.png,PNG,planned,varies,world tile
MM-02435,Art/Worlds/Kitchen,tile_kitchen_0037.png,PNG,planned,varies,world tile
MM-02436,Art/Worlds/Kitchen,tile_kitchen_0038.png,PNG,planned,varies,world tile
MM-02437,Art/Worlds/Kitchen,tile_kitchen_0039.png,PNG,planned,varies,world tile
MM-02438,Art/Worlds/Kitchen,tile_kitchen_0040.png,PNG,planned,varies,world tile
MM-02439,Art/Worlds/Kitchen,tile_kitchen_0041.png,PNG,planned,varies,world tile
MM-02440,Art/Worlds/Kitchen,tile_kitchen_0042.png,PNG,planned,varies,world tile
MM-02441,Art/Worlds/Kitchen,tile_kitchen_0043.png,PNG,planned,varies,world tile
MM-02442,Art/Worlds/Kitchen,tile_kitchen_0044.png,PNG,planned,varies,world tile
MM-02443,Art/Worlds/Kitchen,tile_kitchen_0045.png,PNG,planned,varies,world tile
MM-02444,Art/Worlds/Kitchen,tile_kitchen_0046.png,PNG,planned,varies,world tile
MM-02445,Art/Worlds/Kitchen,tile_kitchen_0047.png,PNG,planned,varies,world tile
MM-02446,Art/Worlds/Kitchen,tile_kitchen_0048.png,PNG,planned,varies,world tile
MM-02447,Art/Worlds/Kitchen,tile_kitchen_0049.png,PNG,planned,varies,world tile
MM-02448,Art/Worlds/Kitchen,tile_kitchen_0050.png,PNG,planned,varies,world tile
MM-02449,Art/Worlds/Kitchen,tile_kitchen_0051.png,PNG,planned,varies,world tile
MM-02450,Art/Worlds/Kitchen,tile_kitchen_0052.png,PNG,planned,varies,world tile
MM-02451,Art/Worlds/Kitchen,tile_kitchen_0053.png,PNG,planned,varies,world tile
MM-02452,Art/Worlds/Kitchen,tile_kitchen_0054.png,PNG,planned,varies,world tile
MM-02453,Art/Worlds/Kitchen,tile_kitchen_0055.png,PNG,planned,varies,world tile
MM-02454,Art/Worlds/Kitchen,tile_kitchen_0056.png,PNG,planned,varies,world tile
MM-02455,Art/Worlds/Kitchen,tile_kitchen_0057.png,PNG,planned,varies,world tile
MM-02456,Art/Worlds/Kitchen,tile_kitchen_0058.png,PNG,planned,varies,world tile
MM-02457,Art/Worlds/Kitchen,tile_kitchen_0059.png,PNG,planned,varies,world tile
MM-02458,Art/Worlds/Kitchen,tile_kitchen_0060.png,PNG,planned,varies,world tile
MM-02459,Art/Worlds/Kitchen,tile_kitchen_0061.png,PNG,planned,varies,world tile
MM-02460,Art/Worlds/Kitchen,tile_kitchen_0062.png,PNG,planned,varies,world tile
MM-02461,Art/Worlds/Kitchen,tile_kitchen_0063.png,PNG,planned,varies,world tile
MM-02462,Art/Worlds/Kitchen,tile_kitchen_0064.png,PNG,planned,varies,world tile
MM-02463,Art/Worlds/Kitchen,tile_kitchen_0065.png,PNG,planned,varies,world tile
MM-02464,Art/Worlds/Kitchen,tile_kitchen_0066.png,PNG,planned,varies,world tile
MM-02465,Art/Worlds/Kitchen,tile_kitchen_0067.png,PNG,planned,varies,world tile
MM-02466,Art/Worlds/Kitchen,tile_kitchen_0068.png,PNG,planned,varies,world tile
MM-02467,Art/Worlds/Kitchen,tile_kitchen_0069.png,PNG,planned,varies,world tile
MM-02468,Art/Worlds/Kitchen,tile_kitchen_0070.png,PNG,planned,varies,world tile
MM-02469,Art/Worlds/Kitchen,tile_kitchen_0071.png,PNG,planned,varies,world tile
MM-02470,Art/Worlds/Kitchen,tile_kitchen_0072.png,PNG,planned,varies,world tile
MM-02471,Art/Worlds/Kitchen,tile_kitchen_0073.png,PNG,planned,varies,world tile
MM-02472,Art/Worlds/Kitchen,tile_kitchen_0074.png,PNG,planned,varies,world tile
MM-02473,Art/Worlds/Kitchen,tile_kitchen_0075.png,PNG,planned,varies,world tile
MM-02474,Art/Worlds/Kitchen,tile_kitchen_0076.png,PNG,planned,varies,world tile
MM-02475,Art/Worlds/Kitchen,tile_kitchen_0077.png,PNG,planned,varies,world tile
MM-02476,Art/Worlds/Kitchen,tile_kitchen_0078.png,PNG,planned,varies,world tile
MM-02477,Art/Worlds/Kitchen,tile_kitchen_0079.png,PNG,planned,varies,world tile
MM-02478,Art/Worlds/Kitchen,tile_kitchen_0080.png,PNG,planned,varies,world tile
MM-02479,Art/Worlds/Kitchen,tile_kitchen_0081.png,PNG,planned,varies,world tile
MM-02480,Art/Worlds/Kitchen,tile_kitchen_0082.png,PNG,planned,varies,world tile
MM-02481,Art/Worlds/Kitchen,tile_kitchen_0083.png,PNG,planned,varies,world tile
MM-02482,Art/Worlds/Kitchen,tile_kitchen_0084.png,PNG,planned,varies,world tile
MM-02483,Art/Worlds/Kitchen,tile_kitchen_0085.png,PNG,planned,varies,world tile
MM-02484,Art/Worlds/Kitchen,tile_kitchen_0086.png,PNG,planned,varies,world tile
MM-02485,Art/Worlds/Kitchen,tile_kitchen_0087.png,PNG,planned,varies,world tile
MM-02486,Art/Worlds/Kitchen,tile_kitchen_0088.png,PNG,planned,varies,world tile
MM-02487,Art/Worlds/Kitchen,tile_kitchen_0089.png,PNG,planned,varies,world tile
MM-02488,Art/Worlds/Kitchen,tile_kitchen_0090.png,PNG,planned,varies,world tile
MM-02489,Art/Worlds/Kitchen,tile_kitchen_0091.png,PNG,planned,varies,world tile
MM-02490,Art/Worlds/Kitchen,tile_kitchen_0092.png,PNG,planned,varies,world tile
MM-02491,Art/Worlds/Kitchen,tile_kitchen_0093.png,PNG,planned,varies,world tile
MM-02492,Art/Worlds/Kitchen,tile_kitchen_0094.png,PNG,planned,varies,world tile
MM-02493,Art/Worlds/Kitchen,tile_kitchen_0095.png,PNG,planned,varies,world tile
MM-02494,Art/Worlds/Kitchen,tile_kitchen_0096.png,PNG,planned,varies,world tile
MM-02495,Art/Worlds/Kitchen,tile_kitchen_0097.png,PNG,planned,varies,world tile
MM-02496,Art/Worlds/Kitchen,tile_kitchen_0098.png,PNG,planned,varies,world tile
MM-02497,Art/Worlds/Kitchen,tile_kitchen_0099.png,PNG,planned,varies,world tile
MM-02498,Art/Worlds/Kitchen,tile_kitchen_0100.png,PNG,planned,varies,world tile
MM-02499,Art/Worlds/Kitchen,tile_kitchen_0101.png,PNG,planned,varies,world tile
MM-02500,Art/Worlds/Kitchen,tile_kitchen_0102.png,PNG,planned,varies,world tile
MM-02501,Art/Worlds/Kitchen,tile_kitchen_0103.png,PNG,planned,varies,world tile
MM-02502,Art/Worlds/Kitchen,tile_kitchen_0104.png,PNG,planned,varies,world tile
MM-02503,Art/Worlds/Kitchen,tile_kitchen_0105.png,PNG,planned,varies,world tile
MM-02504,Art/Worlds/Kitchen,tile_kitchen_0106.png,PNG,planned,varies,world tile
MM-02505,Art/Worlds/Kitchen,tile_kitchen_0107.png,PNG,planned,varies,world tile
MM-02506,Art/Worlds/Kitchen,tile_kitchen_0108.png,PNG,planned,varies,world tile
MM-02507,Art/Worlds/Kitchen,tile_kitchen_0109.png,PNG,planned,varies,world tile
MM-02508,Art/Worlds/Kitchen,tile_kitchen_0110.png,PNG,planned,varies,world tile
MM-02509,Art/Worlds/Kitchen,tile_kitchen_0111.png,PNG,planned,varies,world tile
MM-02510,Art/Worlds/Kitchen,tile_kitchen_0112.png,PNG,planned,varies,world tile
MM-02511,Art/Worlds/Kitchen,tile_kitchen_0113.png,PNG,planned,varies,world tile
MM-02512,Art/Worlds/Kitchen,tile_kitchen_0114.png,PNG,planned,varies,world tile
MM-02513,Art/Worlds/Kitchen,tile_kitchen_0115.png,PNG,planned,varies,world tile
MM-02514,Art/Worlds/Kitchen,tile_kitchen_0116.png,PNG,planned,varies,world tile
MM-02515,Art/Worlds/Kitchen,tile_kitchen_0117.png,PNG,planned,varies,world tile
MM-02516,Art/Worlds/Kitchen,tile_kitchen_0118.png,PNG,planned,varies,world tile
MM-02517,Art/Worlds/Kitchen,tile_kitchen_0119.png,PNG,planned,varies,world tile
MM-02518,Art/Worlds/Kitchen,tile_kitchen_0120.png,PNG,planned,varies,world tile
MM-02519,Art/Worlds/Kitchen,tile_kitchen_0121.png,PNG,planned,varies,world tile
MM-02520,Art/Worlds/Kitchen,tile_kitchen_0122.png,PNG,planned,varies,world tile
MM-02521,Art/Worlds/Kitchen,tile_kitchen_0123.png,PNG,planned,varies,world tile
MM-02522,Art/Worlds/Kitchen,tile_kitchen_0124.png,PNG,planned,varies,world tile
MM-02523,Art/Worlds/Kitchen,tile_kitchen_0125.png,PNG,planned,varies,world tile
MM-02524,Art/Worlds/Kitchen,tile_kitchen_0126.png,PNG,planned,varies,world tile
MM-02525,Art/Worlds/Kitchen,tile_kitchen_0127.png,PNG,planned,varies,world tile
MM-02526,Art/Worlds/Kitchen,tile_kitchen_0128.png,PNG,planned,varies,world tile
MM-02527,Art/Worlds/Kitchen,tile_kitchen_0129.png,PNG,planned,varies,world tile
MM-02528,Art/Worlds/Kitchen,tile_kitchen_0130.png,PNG,planned,varies,world tile
MM-02529,Art/Worlds/Kitchen,tile_kitchen_0131.png,PNG,planned,varies,world tile
MM-02530,Art/Worlds/Kitchen,tile_kitchen_0132.png,PNG,planned,varies,world tile
MM-02531,Art/Worlds/Kitchen,tile_kitchen_0133.png,PNG,planned,varies,world tile
MM-02532,Art/Worlds/Kitchen,tile_kitchen_0134.png,PNG,planned,varies,world tile
MM-02533,Art/Worlds/Kitchen,tile_kitchen_0135.png,PNG,planned,varies,world tile
MM-02534,Art/Worlds/Kitchen,tile_kitchen_0136.png,PNG,planned,varies,world tile
MM-02535,Art/Worlds/Kitchen,tile_kitchen_0137.png,PNG,planned,varies,world tile
MM-02536,Art/Worlds/Kitchen,tile_kitchen_0138.png,PNG,planned,varies,world tile
MM-02537,Art/Worlds/Kitchen,tile_kitchen_0139.png,PNG,planned,varies,world tile
MM-02538,Art/Worlds/Kitchen,tile_kitchen_0140.png,PNG,planned,varies,world tile
MM-02539,Art/Worlds/Kitchen,tile_kitchen_0141.png,PNG,planned,varies,world tile
MM-02540,Art/Worlds/Kitchen,tile_kitchen_0142.png,PNG,planned,varies,world tile
MM-02541,Art/Worlds/Kitchen,tile_kitchen_0143.png,PNG,planned,varies,world tile
MM-02542,Art/Worlds/Kitchen,tile_kitchen_0144.png,PNG,planned,varies,world tile
MM-02543,Art/Worlds/Kitchen,tile_kitchen_0145.png,PNG,planned,varies,world tile
MM-02544,Art/Worlds/Kitchen,tile_kitchen_0146.png,PNG,planned,varies,world tile
MM-02545,Art/Worlds/Kitchen,tile_kitchen_0147.png,PNG,planned,varies,world tile
MM-02546,Art/Worlds/Kitchen,tile_kitchen_0148.png,PNG,planned,varies,world tile
MM-02547,Art/Worlds/Kitchen,tile_kitchen_0149.png,PNG,planned,varies,world tile
MM-02548,Art/Worlds/Kitchen,tile_kitchen_0150.png,PNG,planned,varies,world tile
MM-02549,Art/Worlds/Kitchen,tile_kitchen_0151.png,PNG,planned,varies,world tile
MM-02550,Art/Worlds/Kitchen,tile_kitchen_0152.png,PNG,planned,varies,world tile
MM-02551,Art/Worlds/Kitchen,tile_kitchen_0153.png,PNG,planned,varies,world tile
MM-02552,Art/Worlds/Kitchen,tile_kitchen_0154.png,PNG,planned,varies,world tile
MM-02553,Art/Worlds/Kitchen,tile_kitchen_0155.png,PNG,planned,varies,world tile
MM-02554,Art/Worlds/Kitchen,tile_kitchen_0156.png,PNG,planned,varies,world tile
MM-02555,Art/Worlds/Kitchen,tile_kitchen_0157.png,PNG,planned,varies,world tile
MM-02556,Art/Worlds/Kitchen,tile_kitchen_0158.png,PNG,planned,varies,world tile
MM-02557,Art/Worlds/Kitchen,tile_kitchen_0159.png,PNG,planned,varies,world tile
MM-02558,Art/Worlds/Kitchen,tile_kitchen_0160.png,PNG,planned,varies,world tile
MM-02559,Art/Worlds/Kitchen,tile_kitchen_0161.png,PNG,planned,varies,world tile
MM-02560,Art/Worlds/Kitchen,tile_kitchen_0162.png,PNG,planned,varies,world tile
MM-02561,Art/Worlds/Kitchen,tile_kitchen_0163.png,PNG,planned,varies,world tile
MM-02562,Art/Worlds/Kitchen,tile_kitchen_0164.png,PNG,planned,varies,world tile
MM-02563,Art/Worlds/Kitchen,tile_kitchen_0165.png,PNG,planned,varies,world tile
MM-02564,Art/Worlds/Kitchen,tile_kitchen_0166.png,PNG,planned,varies,world tile
MM-02565,Art/Worlds/Kitchen,tile_kitchen_0167.png,PNG,planned,varies,world tile
MM-02566,Art/Worlds/Kitchen,tile_kitchen_0168.png,PNG,planned,varies,world tile
MM-02567,Art/Worlds/Kitchen,tile_kitchen_0169.png,PNG,planned,varies,world tile
MM-02568,Art/Worlds/Kitchen,tile_kitchen_0170.png,PNG,planned,varies,world tile
MM-02569,Art/Worlds/Kitchen,tile_kitchen_0171.png,PNG,planned,varies,world tile
MM-02570,Art/Worlds/Kitchen,tile_kitchen_0172.png,PNG,planned,varies,world tile
MM-02571,Art/Worlds/Kitchen,tile_kitchen_0173.png,PNG,planned,varies,world tile
MM-02572,Art/Worlds/Kitchen,tile_kitchen_0174.png,PNG,planned,varies,world tile
MM-02573,Art/Worlds/Kitchen,tile_kitchen_0175.png,PNG,planned,varies,world tile
MM-02574,Art/Worlds/Kitchen,tile_kitchen_0176.png,PNG,planned,varies,world tile
MM-02575,Art/Worlds/Kitchen,tile_kitchen_0177.png,PNG,planned,varies,world tile
MM-02576,Art/Worlds/Kitchen,tile_kitchen_0178.png,PNG,planned,varies,world tile
MM-02577,Art/Worlds/Kitchen,tile_kitchen_0179.png,PNG,planned,varies,world tile
MM-02578,Art/Worlds/Kitchen,tile_kitchen_0180.png,PNG,planned,varies,world tile
MM-02579,Art/Worlds/Kitchen,tile_kitchen_0181.png,PNG,planned,varies,world tile
MM-02580,Art/Worlds/Kitchen,tile_kitchen_0182.png,PNG,planned,varies,world tile
MM-02581,Art/Worlds/Kitchen,tile_kitchen_0183.png,PNG,planned,varies,world tile
MM-02582,Art/Worlds/Kitchen,tile_kitchen_0184.png,PNG,planned,varies,world tile
MM-02583,Art/Worlds/Kitchen,tile_kitchen_0185.png,PNG,planned,varies,world tile
MM-02584,Art/Worlds/Kitchen,tile_kitchen_0186.png,PNG,planned,varies,world tile
MM-02585,Art/Worlds/Kitchen,tile_kitchen_0187.png,PNG,planned,varies,world tile
MM-02586,Art/Worlds/Kitchen,tile_kitchen_0188.png,PNG,planned,varies,world tile
MM-02587,Art/Worlds/Kitchen,tile_kitchen_0189.png,PNG,planned,varies,world tile
MM-02588,Art/Worlds/Kitchen,tile_kitchen_0190.png,PNG,planned,varies,world tile
MM-02589,Art/Worlds/Kitchen,tile_kitchen_0191.png,PNG,planned,varies,world tile
MM-02590,Art/Worlds/Kitchen,tile_kitchen_0192.png,PNG,planned,varies,world tile
MM-02591,Art/Worlds/Kitchen,tile_kitchen_0193.png,PNG,planned,varies,world tile
MM-02592,Art/Worlds/Kitchen,tile_kitchen_0194.png,PNG,planned,varies,world tile
MM-02593,Art/Worlds/Kitchen,tile_kitchen_0195.png,PNG,planned,varies,world tile
MM-02594,Art/Worlds/Kitchen,tile_kitchen_0196.png,PNG,planned,varies,world tile
MM-02595,Art/Worlds/Kitchen,tile_kitchen_0197.png,PNG,planned,varies,world tile
MM-02596,Art/Worlds/Kitchen,tile_kitchen_0198.png,PNG,planned,varies,world tile
MM-02597,Art/Worlds/Kitchen,tile_kitchen_0199.png,PNG,planned,varies,world tile
MM-02598,Art/Worlds/Kitchen,tile_kitchen_0200.png,PNG,planned,varies,world tile
MM-02599,Art/Worlds/Kitchen,tile_kitchen_0201.png,PNG,planned,varies,world tile
MM-02600,Art/Worlds/Kitchen,tile_kitchen_0202.png,PNG,planned,varies,world tile
MM-02601,Art/Worlds/Kitchen,tile_kitchen_0203.png,PNG,planned,varies,world tile
MM-02602,Art/Worlds/Kitchen,tile_kitchen_0204.png,PNG,planned,varies,world tile
MM-02603,Art/Worlds/Kitchen,tile_kitchen_0205.png,PNG,planned,varies,world tile
MM-02604,Art/Worlds/Kitchen,tile_kitchen_0206.png,PNG,planned,varies,world tile
MM-02605,Art/Worlds/Kitchen,tile_kitchen_0207.png,PNG,planned,varies,world tile
MM-02606,Art/Worlds/Kitchen,tile_kitchen_0208.png,PNG,planned,varies,world tile
MM-02607,Art/Worlds/Kitchen,tile_kitchen_0209.png,PNG,planned,varies,world tile
MM-02608,Art/Worlds/Kitchen,tile_kitchen_0210.png,PNG,planned,varies,world tile
MM-02609,Art/Worlds/Kitchen,tile_kitchen_0211.png,PNG,planned,varies,world tile
MM-02610,Art/Worlds/Kitchen,tile_kitchen_0212.png,PNG,planned,varies,world tile
MM-02611,Art/Worlds/Kitchen,tile_kitchen_0213.png,PNG,planned,varies,world tile
MM-02612,Art/Worlds/Kitchen,tile_kitchen_0214.png,PNG,planned,varies,world tile
MM-02613,Art/Worlds/Kitchen,tile_kitchen_0215.png,PNG,planned,varies,world tile
MM-02614,Art/Worlds/Kitchen,tile_kitchen_0216.png,PNG,planned,varies,world tile
MM-02615,Art/Worlds/Kitchen,tile_kitchen_0217.png,PNG,planned,varies,world tile
MM-02616,Art/Worlds/Kitchen,tile_kitchen_0218.png,PNG,planned,varies,world tile
MM-02617,Art/Worlds/Kitchen,tile_kitchen_0219.png,PNG,planned,varies,world tile
MM-02618,Art/Worlds/Kitchen,tile_kitchen_0220.png,PNG,planned,varies,world tile
MM-02619,Art/Worlds/Kitchen,tile_kitchen_0221.png,PNG,planned,varies,world tile
MM-02620,Art/Worlds/Kitchen,tile_kitchen_0222.png,PNG,planned,varies,world tile
MM-02621,Art/Worlds/Kitchen,tile_kitchen_0223.png,PNG,planned,varies,world tile
MM-02622,Art/Worlds/Kitchen,tile_kitchen_0224.png,PNG,planned,varies,world tile
MM-02623,Art/Worlds/Kitchen,tile_kitchen_0225.png,PNG,planned,varies,world tile
MM-02624,Art/Worlds/Kitchen,tile_kitchen_0226.png,PNG,planned,varies,world tile
MM-02625,Art/Worlds/Kitchen,tile_kitchen_0227.png,PNG,planned,varies,world tile
MM-02626,Art/Worlds/Kitchen,tile_kitchen_0228.png,PNG,planned,varies,world tile
MM-02627,Art/Worlds/Kitchen,tile_kitchen_0229.png,PNG,planned,varies,world tile
MM-02628,Art/Worlds/Kitchen,tile_kitchen_0230.png,PNG,planned,varies,world tile
MM-02629,Art/Worlds/Kitchen,tile_kitchen_0231.png,PNG,planned,varies,world tile
MM-02630,Art/Worlds/Kitchen,tile_kitchen_0232.png,PNG,planned,varies,world tile
MM-02631,Art/Worlds/Kitchen,tile_kitchen_0233.png,PNG,planned,varies,world tile
MM-02632,Art/Worlds/Kitchen,tile_kitchen_0234.png,PNG,planned,varies,world tile
MM-02633,Art/Worlds/Kitchen,tile_kitchen_0235.png,PNG,planned,varies,world tile
MM-02634,Art/Worlds/Kitchen,tile_kitchen_0236.png,PNG,planned,varies,world tile
MM-02635,Art/Worlds/Kitchen,tile_kitchen_0237.png,PNG,planned,varies,world tile
MM-02636,Art/Worlds/Kitchen,tile_kitchen_0238.png,PNG,planned,varies,world tile
MM-02637,Art/Worlds/Kitchen,tile_kitchen_0239.png,PNG,planned,varies,world tile
MM-02638,Art/Worlds/Kitchen,tile_kitchen_0240.png,PNG,planned,varies,world tile
MM-02639,Art/Worlds/Kitchen,tile_kitchen_0241.png,PNG,planned,varies,world tile
MM-02640,Art/Worlds/Kitchen,tile_kitchen_0242.png,PNG,planned,varies,world tile
MM-02641,Art/Worlds/Kitchen,tile_kitchen_0243.png,PNG,planned,varies,world tile
MM-02642,Art/Worlds/Kitchen,tile_kitchen_0244.png,PNG,planned,varies,world tile
MM-02643,Art/Worlds/Kitchen,tile_kitchen_0245.png,PNG,planned,varies,world tile
MM-02644,Art/Worlds/Kitchen,tile_kitchen_0246.png,PNG,planned,varies,world tile
MM-02645,Art/Worlds/Kitchen,tile_kitchen_0247.png,PNG,planned,varies,world tile
MM-02646,Art/Worlds/Kitchen,tile_kitchen_0248.png,PNG,planned,varies,world tile
MM-02647,Art/Worlds/Kitchen,tile_kitchen_0249.png,PNG,planned,varies,world tile
MM-02648,Art/Worlds/Kitchen,tile_kitchen_0250.png,PNG,planned,varies,world tile
MM-02649,Art/Worlds/Kitchen,tile_kitchen_0251.png,PNG,planned,varies,world tile
MM-02650,Art/Worlds/Kitchen,tile_kitchen_0252.png,PNG,planned,varies,world tile
MM-02651,Art/Worlds/Kitchen,tile_kitchen_0253.png,PNG,planned,varies,world tile
MM-02652,Art/Worlds/Kitchen,tile_kitchen_0254.png,PNG,planned,varies,world tile
MM-02653,Art/Worlds/Kitchen,tile_kitchen_0255.png,PNG,planned,varies,world tile
MM-02654,Art/Worlds/Kitchen,tile_kitchen_0256.png,PNG,planned,varies,world tile
MM-02655,Art/Worlds/Kitchen,tile_kitchen_0257.png,PNG,planned,varies,world tile
MM-02656,Art/Worlds/Kitchen,tile_kitchen_0258.png,PNG,planned,varies,world tile
MM-02657,Art/Worlds/Kitchen,tile_kitchen_0259.png,PNG,planned,varies,world tile
MM-02658,Art/Worlds/Kitchen,tile_kitchen_0260.png,PNG,planned,varies,world tile
MM-02659,Art/Worlds/Kitchen,tile_kitchen_0261.png,PNG,planned,varies,world tile
MM-02660,Art/Worlds/Kitchen,tile_kitchen_0262.png,PNG,planned,varies,world tile
MM-02661,Art/Worlds/Kitchen,tile_kitchen_0263.png,PNG,planned,varies,world tile
MM-02662,Art/Worlds/Kitchen,tile_kitchen_0264.png,PNG,planned,varies,world tile
MM-02663,Art/Worlds/Kitchen,tile_kitchen_0265.png,PNG,planned,varies,world tile
MM-02664,Art/Worlds/Kitchen,tile_kitchen_0266.png,PNG,planned,varies,world tile
MM-02665,Art/Worlds/Kitchen,tile_kitchen_0267.png,PNG,planned,varies,world tile
MM-02666,Art/Worlds/Kitchen,tile_kitchen_0268.png,PNG,planned,varies,world tile
MM-02667,Art/Worlds/Kitchen,tile_kitchen_0269.png,PNG,planned,varies,world tile
MM-02668,Art/Worlds/Kitchen,tile_kitchen_0270.png,PNG,planned,varies,world tile
MM-02669,Art/Worlds/Kitchen,tile_kitchen_0271.png,PNG,planned,varies,world tile
MM-02670,Art/Worlds/Kitchen,tile_kitchen_0272.png,PNG,planned,varies,world tile
MM-02671,Art/Worlds/Kitchen,tile_kitchen_0273.png,PNG,planned,varies,world tile
MM-02672,Art/Worlds/Kitchen,tile_kitchen_0274.png,PNG,planned,varies,world tile
MM-02673,Art/Worlds/Kitchen,tile_kitchen_0275.png,PNG,planned,varies,world tile
MM-02674,Art/Worlds/Kitchen,tile_kitchen_0276.png,PNG,planned,varies,world tile
MM-02675,Art/Worlds/Kitchen,tile_kitchen_0277.png,PNG,planned,varies,world tile
MM-02676,Art/Worlds/Kitchen,tile_kitchen_0278.png,PNG,planned,varies,world tile
MM-02677,Art/Worlds/Kitchen,tile_kitchen_0279.png,PNG,planned,varies,world tile
MM-02678,Art/Worlds/Kitchen,tile_kitchen_0280.png,PNG,planned,varies,world tile
MM-02679,Art/Worlds/Kitchen,tile_kitchen_0281.png,PNG,planned,varies,world tile
MM-02680,Art/Worlds/Kitchen,tile_kitchen_0282.png,PNG,planned,varies,world tile
MM-02681,Art/Worlds/Kitchen,tile_kitchen_0283.png,PNG,planned,varies,world tile
MM-02682,Art/Worlds/Kitchen,tile_kitchen_0284.png,PNG,planned,varies,world tile
MM-02683,Art/Worlds/Kitchen,tile_kitchen_0285.png,PNG,planned,varies,world tile
MM-02684,Art/Worlds/Kitchen,tile_kitchen_0286.png,PNG,planned,varies,world tile
MM-02685,Art/Worlds/Kitchen,tile_kitchen_0287.png,PNG,planned,varies,world tile
MM-02686,Art/Worlds/Kitchen,tile_kitchen_0288.png,PNG,planned,varies,world tile
MM-02687,Art/Worlds/Kitchen,tile_kitchen_0289.png,PNG,planned,varies,world tile
MM-02688,Art/Worlds/Kitchen,tile_kitchen_0290.png,PNG,planned,varies,world tile
MM-02689,Art/Worlds/Kitchen,tile_kitchen_0291.png,PNG,planned,varies,world tile
MM-02690,Art/Worlds/Kitchen,tile_kitchen_0292.png,PNG,planned,varies,world tile
MM-02691,Art/Worlds/Kitchen,tile_kitchen_0293.png,PNG,planned,varies,world tile
MM-02692,Art/Worlds/Kitchen,tile_kitchen_0294.png,PNG,planned,varies,world tile
MM-02693,Art/Worlds/Kitchen,tile_kitchen_0295.png,PNG,planned,varies,world tile
MM-02694,Art/Worlds/Kitchen,tile_kitchen_0296.png,PNG,planned,varies,world tile
MM-02695,Art/Worlds/Kitchen,tile_kitchen_0297.png,PNG,planned,varies,world tile
MM-02696,Art/Worlds/Kitchen,tile_kitchen_0298.png,PNG,planned,varies,world tile
MM-02697,Art/Worlds/Kitchen,tile_kitchen_0299.png,PNG,planned,varies,world tile
MM-02698,Art/Worlds/Kitchen,tile_kitchen_0300.png,PNG,planned,varies,world tile
MM-02699,Art/Worlds/Bathroom,tile_bathroom_0001.png,PNG,planned,varies,world tile
MM-02700,Art/Worlds/Bathroom,tile_bathroom_0002.png,PNG,planned,varies,world tile
MM-02701,Art/Worlds/Bathroom,tile_bathroom_0003.png,PNG,planned,varies,world tile
MM-02702,Art/Worlds/Bathroom,tile_bathroom_0004.png,PNG,planned,varies,world tile
MM-02703,Art/Worlds/Bathroom,tile_bathroom_0005.png,PNG,planned,varies,world tile
MM-02704,Art/Worlds/Bathroom,tile_bathroom_0006.png,PNG,planned,varies,world tile
MM-02705,Art/Worlds/Bathroom,tile_bathroom_0007.png,PNG,planned,varies,world tile
MM-02706,Art/Worlds/Bathroom,tile_bathroom_0008.png,PNG,planned,varies,world tile
MM-02707,Art/Worlds/Bathroom,tile_bathroom_0009.png,PNG,planned,varies,world tile
MM-02708,Art/Worlds/Bathroom,tile_bathroom_0010.png,PNG,planned,varies,world tile
MM-02709,Art/Worlds/Bathroom,tile_bathroom_0011.png,PNG,planned,varies,world tile
MM-02710,Art/Worlds/Bathroom,tile_bathroom_0012.png,PNG,planned,varies,world tile
MM-02711,Art/Worlds/Bathroom,tile_bathroom_0013.png,PNG,planned,varies,world tile
MM-02712,Art/Worlds/Bathroom,tile_bathroom_0014.png,PNG,planned,varies,world tile
MM-02713,Art/Worlds/Bathroom,tile_bathroom_0015.png,PNG,planned,varies,world tile
MM-02714,Art/Worlds/Bathroom,tile_bathroom_0016.png,PNG,planned,varies,world tile
MM-02715,Art/Worlds/Bathroom,tile_bathroom_0017.png,PNG,planned,varies,world tile
MM-02716,Art/Worlds/Bathroom,tile_bathroom_0018.png,PNG,planned,varies,world tile
MM-02717,Art/Worlds/Bathroom,tile_bathroom_0019.png,PNG,planned,varies,world tile
MM-02718,Art/Worlds/Bathroom,tile_bathroom_0020.png,PNG,planned,varies,world tile
MM-02719,Art/Worlds/Bathroom,tile_bathroom_0021.png,PNG,planned,varies,world tile
MM-02720,Art/Worlds/Bathroom,tile_bathroom_0022.png,PNG,planned,varies,world tile
MM-02721,Art/Worlds/Bathroom,tile_bathroom_0023.png,PNG,planned,varies,world tile
MM-02722,Art/Worlds/Bathroom,tile_bathroom_0024.png,PNG,planned,varies,world tile
MM-02723,Art/Worlds/Bathroom,tile_bathroom_0025.png,PNG,planned,varies,world tile
MM-02724,Art/Worlds/Bathroom,tile_bathroom_0026.png,PNG,planned,varies,world tile
MM-02725,Art/Worlds/Bathroom,tile_bathroom_0027.png,PNG,planned,varies,world tile
MM-02726,Art/Worlds/Bathroom,tile_bathroom_0028.png,PNG,planned,varies,world tile
MM-02727,Art/Worlds/Bathroom,tile_bathroom_0029.png,PNG,planned,varies,world tile
MM-02728,Art/Worlds/Bathroom,tile_bathroom_0030.png,PNG,planned,varies,world tile
MM-02729,Art/Worlds/Bathroom,tile_bathroom_0031.png,PNG,planned,varies,world tile
MM-02730,Art/Worlds/Bathroom,tile_bathroom_0032.png,PNG,planned,varies,world tile
MM-02731,Art/Worlds/Bathroom,tile_bathroom_0033.png,PNG,planned,varies,world tile
MM-02732,Art/Worlds/Bathroom,tile_bathroom_0034.png,PNG,planned,varies,world tile
MM-02733,Art/Worlds/Bathroom,tile_bathroom_0035.png,PNG,planned,varies,world tile
MM-02734,Art/Worlds/Bathroom,tile_bathroom_0036.png,PNG,planned,varies,world tile
MM-02735,Art/Worlds/Bathroom,tile_bathroom_0037.png,PNG,planned,varies,world tile
MM-02736,Art/Worlds/Bathroom,tile_bathroom_0038.png,PNG,planned,varies,world tile
MM-02737,Art/Worlds/Bathroom,tile_bathroom_0039.png,PNG,planned,varies,world tile
MM-02738,Art/Worlds/Bathroom,tile_bathroom_0040.png,PNG,planned,varies,world tile
MM-02739,Art/Worlds/Bathroom,tile_bathroom_0041.png,PNG,planned,varies,world tile
MM-02740,Art/Worlds/Bathroom,tile_bathroom_0042.png,PNG,planned,varies,world tile
MM-02741,Art/Worlds/Bathroom,tile_bathroom_0043.png,PNG,planned,varies,world tile
MM-02742,Art/Worlds/Bathroom,tile_bathroom_0044.png,PNG,planned,varies,world tile
MM-02743,Art/Worlds/Bathroom,tile_bathroom_0045.png,PNG,planned,varies,world tile
MM-02744,Art/Worlds/Bathroom,tile_bathroom_0046.png,PNG,planned,varies,world tile
MM-02745,Art/Worlds/Bathroom,tile_bathroom_0047.png,PNG,planned,varies,world tile
MM-02746,Art/Worlds/Bathroom,tile_bathroom_0048.png,PNG,planned,varies,world tile
MM-02747,Art/Worlds/Bathroom,tile_bathroom_0049.png,PNG,planned,varies,world tile
MM-02748,Art/Worlds/Bathroom,tile_bathroom_0050.png,PNG,planned,varies,world tile
MM-02749,Art/Worlds/Bathroom,tile_bathroom_0051.png,PNG,planned,varies,world tile
MM-02750,Art/Worlds/Bathroom,tile_bathroom_0052.png,PNG,planned,varies,world tile
MM-02751,Art/Worlds/Bathroom,tile_bathroom_0053.png,PNG,planned,varies,world tile
MM-02752,Art/Worlds/Bathroom,tile_bathroom_0054.png,PNG,planned,varies,world tile
MM-02753,Art/Worlds/Bathroom,tile_bathroom_0055.png,PNG,planned,varies,world tile
MM-02754,Art/Worlds/Bathroom,tile_bathroom_0056.png,PNG,planned,varies,world tile
MM-02755,Art/Worlds/Bathroom,tile_bathroom_0057.png,PNG,planned,varies,world tile
MM-02756,Art/Worlds/Bathroom,tile_bathroom_0058.png,PNG,planned,varies,world tile
MM-02757,Art/Worlds/Bathroom,tile_bathroom_0059.png,PNG,planned,varies,world tile
MM-02758,Art/Worlds/Bathroom,tile_bathroom_0060.png,PNG,planned,varies,world tile
MM-02759,Art/Worlds/Bathroom,tile_bathroom_0061.png,PNG,planned,varies,world tile
MM-02760,Art/Worlds/Bathroom,tile_bathroom_0062.png,PNG,planned,varies,world tile
MM-02761,Art/Worlds/Bathroom,tile_bathroom_0063.png,PNG,planned,varies,world tile
MM-02762,Art/Worlds/Bathroom,tile_bathroom_0064.png,PNG,planned,varies,world tile
MM-02763,Art/Worlds/Bathroom,tile_bathroom_0065.png,PNG,planned,varies,world tile
MM-02764,Art/Worlds/Bathroom,tile_bathroom_0066.png,PNG,planned,varies,world tile
MM-02765,Art/Worlds/Bathroom,tile_bathroom_0067.png,PNG,planned,varies,world tile
MM-02766,Art/Worlds/Bathroom,tile_bathroom_0068.png,PNG,planned,varies,world tile
MM-02767,Art/Worlds/Bathroom,tile_bathroom_0069.png,PNG,planned,varies,world tile
MM-02768,Art/Worlds/Bathroom,tile_bathroom_0070.png,PNG,planned,varies,world tile
MM-02769,Art/Worlds/Bathroom,tile_bathroom_0071.png,PNG,planned,varies,world tile
MM-02770,Art/Worlds/Bathroom,tile_bathroom_0072.png,PNG,planned,varies,world tile
MM-02771,Art/Worlds/Bathroom,tile_bathroom_0073.png,PNG,planned,varies,world tile
MM-02772,Art/Worlds/Bathroom,tile_bathroom_0074.png,PNG,planned,varies,world tile
MM-02773,Art/Worlds/Bathroom,tile_bathroom_0075.png,PNG,planned,varies,world tile
MM-02774,Art/Worlds/Bathroom,tile_bathroom_0076.png,PNG,planned,varies,world tile
MM-02775,Art/Worlds/Bathroom,tile_bathroom_0077.png,PNG,planned,varies,world tile
MM-02776,Art/Worlds/Bathroom,tile_bathroom_0078.png,PNG,planned,varies,world tile
MM-02777,Art/Worlds/Bathroom,tile_bathroom_0079.png,PNG,planned,varies,world tile
MM-02778,Art/Worlds/Bathroom,tile_bathroom_0080.png,PNG,planned,varies,world tile
MM-02779,Art/Worlds/Bathroom,tile_bathroom_0081.png,PNG,planned,varies,world tile
MM-02780,Art/Worlds/Bathroom,tile_bathroom_0082.png,PNG,planned,varies,world tile
MM-02781,Art/Worlds/Bathroom,tile_bathroom_0083.png,PNG,planned,varies,world tile
MM-02782,Art/Worlds/Bathroom,tile_bathroom_0084.png,PNG,planned,varies,world tile
MM-02783,Art/Worlds/Bathroom,tile_bathroom_0085.png,PNG,planned,varies,world tile
MM-02784,Art/Worlds/Bathroom,tile_bathroom_0086.png,PNG,planned,varies,world tile
MM-02785,Art/Worlds/Bathroom,tile_bathroom_0087.png,PNG,planned,varies,world tile
MM-02786,Art/Worlds/Bathroom,tile_bathroom_0088.png,PNG,planned,varies,world tile
MM-02787,Art/Worlds/Bathroom,tile_bathroom_0089.png,PNG,planned,varies,world tile
MM-02788,Art/Worlds/Bathroom,tile_bathroom_0090.png,PNG,planned,varies,world tile
MM-02789,Art/Worlds/Bathroom,tile_bathroom_0091.png,PNG,planned,varies,world tile
MM-02790,Art/Worlds/Bathroom,tile_bathroom_0092.png,PNG,planned,varies,world tile
MM-02791,Art/Worlds/Bathroom,tile_bathroom_0093.png,PNG,planned,varies,world tile
MM-02792,Art/Worlds/Bathroom,tile_bathroom_0094.png,PNG,planned,varies,world tile
MM-02793,Art/Worlds/Bathroom,tile_bathroom_0095.png,PNG,planned,varies,world tile
MM-02794,Art/Worlds/Bathroom,tile_bathroom_0096.png,PNG,planned,varies,world tile
MM-02795,Art/Worlds/Bathroom,tile_bathroom_0097.png,PNG,planned,varies,world tile
MM-02796,Art/Worlds/Bathroom,tile_bathroom_0098.png,PNG,planned,varies,world tile
MM-02797,Art/Worlds/Bathroom,tile_bathroom_0099.png,PNG,planned,varies,world tile
MM-02798,Art/Worlds/Bathroom,tile_bathroom_0100.png,PNG,planned,varies,world tile
MM-02799,Art/Worlds/Bathroom,tile_bathroom_0101.png,PNG,planned,varies,world tile
MM-02800,Art/Worlds/Bathroom,tile_bathroom_0102.png,PNG,planned,varies,world tile
MM-02801,Art/Worlds/Bathroom,tile_bathroom_0103.png,PNG,planned,varies,world tile
MM-02802,Art/Worlds/Bathroom,tile_bathroom_0104.png,PNG,planned,varies,world tile
MM-02803,Art/Worlds/Bathroom,tile_bathroom_0105.png,PNG,planned,varies,world tile
MM-02804,Art/Worlds/Bathroom,tile_bathroom_0106.png,PNG,planned,varies,world tile
MM-02805,Art/Worlds/Bathroom,tile_bathroom_0107.png,PNG,planned,varies,world tile
MM-02806,Art/Worlds/Bathroom,tile_bathroom_0108.png,PNG,planned,varies,world tile
MM-02807,Art/Worlds/Bathroom,tile_bathroom_0109.png,PNG,planned,varies,world tile
MM-02808,Art/Worlds/Bathroom,tile_bathroom_0110.png,PNG,planned,varies,world tile
MM-02809,Art/Worlds/Bathroom,tile_bathroom_0111.png,PNG,planned,varies,world tile
MM-02810,Art/Worlds/Bathroom,tile_bathroom_0112.png,PNG,planned,varies,world tile
MM-02811,Art/Worlds/Bathroom,tile_bathroom_0113.png,PNG,planned,varies,world tile
MM-02812,Art/Worlds/Bathroom,tile_bathroom_0114.png,PNG,planned,varies,world tile
MM-02813,Art/Worlds/Bathroom,tile_bathroom_0115.png,PNG,planned,varies,world tile
MM-02814,Art/Worlds/Bathroom,tile_bathroom_0116.png,PNG,planned,varies,world tile
MM-02815,Art/Worlds/Bathroom,tile_bathroom_0117.png,PNG,planned,varies,world tile
MM-02816,Art/Worlds/Bathroom,tile_bathroom_0118.png,PNG,planned,varies,world tile
MM-02817,Art/Worlds/Bathroom,tile_bathroom_0119.png,PNG,planned,varies,world tile
MM-02818,Art/Worlds/Bathroom,tile_bathroom_0120.png,PNG,planned,varies,world tile
MM-02819,Art/Worlds/Bathroom,tile_bathroom_0121.png,PNG,planned,varies,world tile
MM-02820,Art/Worlds/Bathroom,tile_bathroom_0122.png,PNG,planned,varies,world tile
MM-02821,Art/Worlds/Bathroom,tile_bathroom_0123.png,PNG,planned,varies,world tile
MM-02822,Art/Worlds/Bathroom,tile_bathroom_0124.png,PNG,planned,varies,world tile
MM-02823,Art/Worlds/Bathroom,tile_bathroom_0125.png,PNG,planned,varies,world tile
MM-02824,Art/Worlds/Bathroom,tile_bathroom_0126.png,PNG,planned,varies,world tile
MM-02825,Art/Worlds/Bathroom,tile_bathroom_0127.png,PNG,planned,varies,world tile
MM-02826,Art/Worlds/Bathroom,tile_bathroom_0128.png,PNG,planned,varies,world tile
MM-02827,Art/Worlds/Bathroom,tile_bathroom_0129.png,PNG,planned,varies,world tile
MM-02828,Art/Worlds/Bathroom,tile_bathroom_0130.png,PNG,planned,varies,world tile
MM-02829,Art/Worlds/Bathroom,tile_bathroom_0131.png,PNG,planned,varies,world tile
MM-02830,Art/Worlds/Bathroom,tile_bathroom_0132.png,PNG,planned,varies,world tile
MM-02831,Art/Worlds/Bathroom,tile_bathroom_0133.png,PNG,planned,varies,world tile
MM-02832,Art/Worlds/Bathroom,tile_bathroom_0134.png,PNG,planned,varies,world tile
MM-02833,Art/Worlds/Bathroom,tile_bathroom_0135.png,PNG,planned,varies,world tile
MM-02834,Art/Worlds/Bathroom,tile_bathroom_0136.png,PNG,planned,varies,world tile
MM-02835,Art/Worlds/Bathroom,tile_bathroom_0137.png,PNG,planned,varies,world tile
MM-02836,Art/Worlds/Bathroom,tile_bathroom_0138.png,PNG,planned,varies,world tile
MM-02837,Art/Worlds/Bathroom,tile_bathroom_0139.png,PNG,planned,varies,world tile
MM-02838,Art/Worlds/Bathroom,tile_bathroom_0140.png,PNG,planned,varies,world tile
MM-02839,Art/Worlds/Bathroom,tile_bathroom_0141.png,PNG,planned,varies,world tile
MM-02840,Art/Worlds/Bathroom,tile_bathroom_0142.png,PNG,planned,varies,world tile
MM-02841,Art/Worlds/Bathroom,tile_bathroom_0143.png,PNG,planned,varies,world tile
MM-02842,Art/Worlds/Bathroom,tile_bathroom_0144.png,PNG,planned,varies,world tile
MM-02843,Art/Worlds/Bathroom,tile_bathroom_0145.png,PNG,planned,varies,world tile
MM-02844,Art/Worlds/Bathroom,tile_bathroom_0146.png,PNG,planned,varies,world tile
MM-02845,Art/Worlds/Bathroom,tile_bathroom_0147.png,PNG,planned,varies,world tile
MM-02846,Art/Worlds/Bathroom,tile_bathroom_0148.png,PNG,planned,varies,world tile
MM-02847,Art/Worlds/Bathroom,tile_bathroom_0149.png,PNG,planned,varies,world tile
MM-02848,Art/Worlds/Bathroom,tile_bathroom_0150.png,PNG,planned,varies,world tile
MM-02849,Art/Worlds/Bathroom,tile_bathroom_0151.png,PNG,planned,varies,world tile
MM-02850,Art/Worlds/Bathroom,tile_bathroom_0152.png,PNG,planned,varies,world tile
MM-02851,Art/Worlds/Bathroom,tile_bathroom_0153.png,PNG,planned,varies,world tile
MM-02852,Art/Worlds/Bathroom,tile_bathroom_0154.png,PNG,planned,varies,world tile
MM-02853,Art/Worlds/Bathroom,tile_bathroom_0155.png,PNG,planned,varies,world tile
MM-02854,Art/Worlds/Bathroom,tile_bathroom_0156.png,PNG,planned,varies,world tile
MM-02855,Art/Worlds/Bathroom,tile_bathroom_0157.png,PNG,planned,varies,world tile
MM-02856,Art/Worlds/Bathroom,tile_bathroom_0158.png,PNG,planned,varies,world tile
MM-02857,Art/Worlds/Bathroom,tile_bathroom_0159.png,PNG,planned,varies,world tile
MM-02858,Art/Worlds/Bathroom,tile_bathroom_0160.png,PNG,planned,varies,world tile
MM-02859,Art/Worlds/Bathroom,tile_bathroom_0161.png,PNG,planned,varies,world tile
MM-02860,Art/Worlds/Bathroom,tile_bathroom_0162.png,PNG,planned,varies,world tile
MM-02861,Art/Worlds/Bathroom,tile_bathroom_0163.png,PNG,planned,varies,world tile
MM-02862,Art/Worlds/Bathroom,tile_bathroom_0164.png,PNG,planned,varies,world tile
MM-02863,Art/Worlds/Bathroom,tile_bathroom_0165.png,PNG,planned,varies,world tile
MM-02864,Art/Worlds/Bathroom,tile_bathroom_0166.png,PNG,planned,varies,world tile
MM-02865,Art/Worlds/Bathroom,tile_bathroom_0167.png,PNG,planned,varies,world tile
MM-02866,Art/Worlds/Bathroom,tile_bathroom_0168.png,PNG,planned,varies,world tile
MM-02867,Art/Worlds/Bathroom,tile_bathroom_0169.png,PNG,planned,varies,world tile
MM-02868,Art/Worlds/Bathroom,tile_bathroom_0170.png,PNG,planned,varies,world tile
MM-02869,Art/Worlds/Bathroom,tile_bathroom_0171.png,PNG,planned,varies,world tile
MM-02870,Art/Worlds/Bathroom,tile_bathroom_0172.png,PNG,planned,varies,world tile
MM-02871,Art/Worlds/Bathroom,tile_bathroom_0173.png,PNG,planned,varies,world tile
MM-02872,Art/Worlds/Bathroom,tile_bathroom_0174.png,PNG,planned,varies,world tile
MM-02873,Art/Worlds/Bathroom,tile_bathroom_0175.png,PNG,planned,varies,world tile
MM-02874,Art/Worlds/Bathroom,tile_bathroom_0176.png,PNG,planned,varies,world tile
MM-02875,Art/Worlds/Bathroom,tile_bathroom_0177.png,PNG,planned,varies,world tile
MM-02876,Art/Worlds/Bathroom,tile_bathroom_0178.png,PNG,planned,varies,world tile
MM-02877,Art/Worlds/Bathroom,tile_bathroom_0179.png,PNG,planned,varies,world tile
MM-02878,Art/Worlds/Bathroom,tile_bathroom_0180.png,PNG,planned,varies,world tile
MM-02879,Art/Worlds/Bathroom,tile_bathroom_0181.png,PNG,planned,varies,world tile
MM-02880,Art/Worlds/Bathroom,tile_bathroom_0182.png,PNG,planned,varies,world tile
MM-02881,Art/Worlds/Bathroom,tile_bathroom_0183.png,PNG,planned,varies,world tile
MM-02882,Art/Worlds/Bathroom,tile_bathroom_0184.png,PNG,planned,varies,world tile
MM-02883,Art/Worlds/Bathroom,tile_bathroom_0185.png,PNG,planned,varies,world tile
MM-02884,Art/Worlds/Bathroom,tile_bathroom_0186.png,PNG,planned,varies,world tile
MM-02885,Art/Worlds/Bathroom,tile_bathroom_0187.png,PNG,planned,varies,world tile
MM-02886,Art/Worlds/Bathroom,tile_bathroom_0188.png,PNG,planned,varies,world tile
MM-02887,Art/Worlds/Bathroom,tile_bathroom_0189.png,PNG,planned,varies,world tile
MM-02888,Art/Worlds/Bathroom,tile_bathroom_0190.png,PNG,planned,varies,world tile
MM-02889,Art/Worlds/Bathroom,tile_bathroom_0191.png,PNG,planned,varies,world tile
MM-02890,Art/Worlds/Bathroom,tile_bathroom_0192.png,PNG,planned,varies,world tile
MM-02891,Art/Worlds/Bathroom,tile_bathroom_0193.png,PNG,planned,varies,world tile
MM-02892,Art/Worlds/Bathroom,tile_bathroom_0194.png,PNG,planned,varies,world tile
MM-02893,Art/Worlds/Bathroom,tile_bathroom_0195.png,PNG,planned,varies,world tile
MM-02894,Art/Worlds/Bathroom,tile_bathroom_0196.png,PNG,planned,varies,world tile
MM-02895,Art/Worlds/Bathroom,tile_bathroom_0197.png,PNG,planned,varies,world tile
MM-02896,Art/Worlds/Bathroom,tile_bathroom_0198.png,PNG,planned,varies,world tile
MM-02897,Art/Worlds/Bathroom,tile_bathroom_0199.png,PNG,planned,varies,world tile
MM-02898,Art/Worlds/Bathroom,tile_bathroom_0200.png,PNG,planned,varies,world tile
MM-02899,Art/Worlds/Bathroom,tile_bathroom_0201.png,PNG,planned,varies,world tile
MM-02900,Art/Worlds/Bathroom,tile_bathroom_0202.png,PNG,planned,varies,world tile
MM-02901,Art/Worlds/Bathroom,tile_bathroom_0203.png,PNG,planned,varies,world tile
MM-02902,Art/Worlds/Bathroom,tile_bathroom_0204.png,PNG,planned,varies,world tile
MM-02903,Art/Worlds/Bathroom,tile_bathroom_0205.png,PNG,planned,varies,world tile
MM-02904,Art/Worlds/Bathroom,tile_bathroom_0206.png,PNG,planned,varies,world tile
MM-02905,Art/Worlds/Bathroom,tile_bathroom_0207.png,PNG,planned,varies,world tile
MM-02906,Art/Worlds/Bathroom,tile_bathroom_0208.png,PNG,planned,varies,world tile
MM-02907,Art/Worlds/Bathroom,tile_bathroom_0209.png,PNG,planned,varies,world tile
MM-02908,Art/Worlds/Bathroom,tile_bathroom_0210.png,PNG,planned,varies,world tile
MM-02909,Art/Worlds/Bathroom,tile_bathroom_0211.png,PNG,planned,varies,world tile
MM-02910,Art/Worlds/Bathroom,tile_bathroom_0212.png,PNG,planned,varies,world tile
MM-02911,Art/Worlds/Bathroom,tile_bathroom_0213.png,PNG,planned,varies,world tile
MM-02912,Art/Worlds/Bathroom,tile_bathroom_0214.png,PNG,planned,varies,world tile
MM-02913,Art/Worlds/Bathroom,tile_bathroom_0215.png,PNG,planned,varies,world tile
MM-02914,Art/Worlds/Bathroom,tile_bathroom_0216.png,PNG,planned,varies,world tile
MM-02915,Art/Worlds/Bathroom,tile_bathroom_0217.png,PNG,planned,varies,world tile
MM-02916,Art/Worlds/Bathroom,tile_bathroom_0218.png,PNG,planned,varies,world tile
MM-02917,Art/Worlds/Bathroom,tile_bathroom_0219.png,PNG,planned,varies,world tile
MM-02918,Art/Worlds/Bathroom,tile_bathroom_0220.png,PNG,planned,varies,world tile
MM-02919,Art/Worlds/Bathroom,tile_bathroom_0221.png,PNG,planned,varies,world tile
MM-02920,Art/Worlds/Bathroom,tile_bathroom_0222.png,PNG,planned,varies,world tile
MM-02921,Art/Worlds/Bathroom,tile_bathroom_0223.png,PNG,planned,varies,world tile
MM-02922,Art/Worlds/Bathroom,tile_bathroom_0224.png,PNG,planned,varies,world tile
MM-02923,Art/Worlds/Bathroom,tile_bathroom_0225.png,PNG,planned,varies,world tile
MM-02924,Art/Worlds/Bathroom,tile_bathroom_0226.png,PNG,planned,varies,world tile
MM-02925,Art/Worlds/Bathroom,tile_bathroom_0227.png,PNG,planned,varies,world tile
MM-02926,Art/Worlds/Bathroom,tile_bathroom_0228.png,PNG,planned,varies,world tile
MM-02927,Art/Worlds/Bathroom,tile_bathroom_0229.png,PNG,planned,varies,world tile
MM-02928,Art/Worlds/Bathroom,tile_bathroom_0230.png,PNG,planned,varies,world tile
MM-02929,Art/Worlds/Bathroom,tile_bathroom_0231.png,PNG,planned,varies,world tile
MM-02930,Art/Worlds/Bathroom,tile_bathroom_0232.png,PNG,planned,varies,world tile
MM-02931,Art/Worlds/Bathroom,tile_bathroom_0233.png,PNG,planned,varies,world tile
MM-02932,Art/Worlds/Bathroom,tile_bathroom_0234.png,PNG,planned,varies,world tile
MM-02933,Art/Worlds/Bathroom,tile_bathroom_0235.png,PNG,planned,varies,world tile
MM-02934,Art/Worlds/Bathroom,tile_bathroom_0236.png,PNG,planned,varies,world tile
MM-02935,Art/Worlds/Bathroom,tile_bathroom_0237.png,PNG,planned,varies,world tile
MM-02936,Art/Worlds/Bathroom,tile_bathroom_0238.png,PNG,planned,varies,world tile
MM-02937,Art/Worlds/Bathroom,tile_bathroom_0239.png,PNG,planned,varies,world tile
MM-02938,Art/Worlds/Bathroom,tile_bathroom_0240.png,PNG,planned,varies,world tile
MM-02939,Art/Worlds/Bathroom,tile_bathroom_0241.png,PNG,planned,varies,world tile
MM-02940,Art/Worlds/Bathroom,tile_bathroom_0242.png,PNG,planned,varies,world tile
MM-02941,Art/Worlds/Bathroom,tile_bathroom_0243.png,PNG,planned,varies,world tile
MM-02942,Art/Worlds/Bathroom,tile_bathroom_0244.png,PNG,planned,varies,world tile
MM-02943,Art/Worlds/Bathroom,tile_bathroom_0245.png,PNG,planned,varies,world tile
MM-02944,Art/Worlds/Bathroom,tile_bathroom_0246.png,PNG,planned,varies,world tile
MM-02945,Art/Worlds/Bathroom,tile_bathroom_0247.png,PNG,planned,varies,world tile
MM-02946,Art/Worlds/Bathroom,tile_bathroom_0248.png,PNG,planned,varies,world tile
MM-02947,Art/Worlds/Bathroom,tile_bathroom_0249.png,PNG,planned,varies,world tile
MM-02948,Art/Worlds/Bathroom,tile_bathroom_0250.png,PNG,planned,varies,world tile
MM-02949,Art/Worlds/Bathroom,tile_bathroom_0251.png,PNG,planned,varies,world tile
MM-02950,Art/Worlds/Bathroom,tile_bathroom_0252.png,PNG,planned,varies,world tile
MM-02951,Art/Worlds/Bathroom,tile_bathroom_0253.png,PNG,planned,varies,world tile
MM-02952,Art/Worlds/Bathroom,tile_bathroom_0254.png,PNG,planned,varies,world tile
MM-02953,Art/Worlds/Bathroom,tile_bathroom_0255.png,PNG,planned,varies,world tile
MM-02954,Art/Worlds/Bathroom,tile_bathroom_0256.png,PNG,planned,varies,world tile
MM-02955,Art/Worlds/Bathroom,tile_bathroom_0257.png,PNG,planned,varies,world tile
MM-02956,Art/Worlds/Bathroom,tile_bathroom_0258.png,PNG,planned,varies,world tile
MM-02957,Art/Worlds/Bathroom,tile_bathroom_0259.png,PNG,planned,varies,world tile
MM-02958,Art/Worlds/Bathroom,tile_bathroom_0260.png,PNG,planned,varies,world tile
MM-02959,Art/Worlds/Bathroom,tile_bathroom_0261.png,PNG,planned,varies,world tile
MM-02960,Art/Worlds/Bathroom,tile_bathroom_0262.png,PNG,planned,varies,world tile
MM-02961,Art/Worlds/Bathroom,tile_bathroom_0263.png,PNG,planned,varies,world tile
MM-02962,Art/Worlds/Bathroom,tile_bathroom_0264.png,PNG,planned,varies,world tile
MM-02963,Art/Worlds/Bathroom,tile_bathroom_0265.png,PNG,planned,varies,world tile
MM-02964,Art/Worlds/Bathroom,tile_bathroom_0266.png,PNG,planned,varies,world tile
MM-02965,Art/Worlds/Bathroom,tile_bathroom_0267.png,PNG,planned,varies,world tile
MM-02966,Art/Worlds/Bathroom,tile_bathroom_0268.png,PNG,planned,varies,world tile
MM-02967,Art/Worlds/Bathroom,tile_bathroom_0269.png,PNG,planned,varies,world tile
MM-02968,Art/Worlds/Bathroom,tile_bathroom_0270.png,PNG,planned,varies,world tile
MM-02969,Art/Worlds/Bathroom,tile_bathroom_0271.png,PNG,planned,varies,world tile
MM-02970,Art/Worlds/Bathroom,tile_bathroom_0272.png,PNG,planned,varies,world tile
MM-02971,Art/Worlds/Bathroom,tile_bathroom_0273.png,PNG,planned,varies,world tile
MM-02972,Art/Worlds/Bathroom,tile_bathroom_0274.png,PNG,planned,varies,world tile
MM-02973,Art/Worlds/Bathroom,tile_bathroom_0275.png,PNG,planned,varies,world tile
MM-02974,Art/Worlds/Bathroom,tile_bathroom_0276.png,PNG,planned,varies,world tile
MM-02975,Art/Worlds/Bathroom,tile_bathroom_0277.png,PNG,planned,varies,world tile
MM-02976,Art/Worlds/Bathroom,tile_bathroom_0278.png,PNG,planned,varies,world tile
MM-02977,Art/Worlds/Bathroom,tile_bathroom_0279.png,PNG,planned,varies,world tile
MM-02978,Art/Worlds/Bathroom,tile_bathroom_0280.png,PNG,planned,varies,world tile
MM-02979,Art/Worlds/Bathroom,tile_bathroom_0281.png,PNG,planned,varies,world tile
MM-02980,Art/Worlds/Bathroom,tile_bathroom_0282.png,PNG,planned,varies,world tile
MM-02981,Art/Worlds/Bathroom,tile_bathroom_0283.png,PNG,planned,varies,world tile
MM-02982,Art/Worlds/Bathroom,tile_bathroom_0284.png,PNG,planned,varies,world tile
MM-02983,Art/Worlds/Bathroom,tile_bathroom_0285.png,PNG,planned,varies,world tile
MM-02984,Art/Worlds/Bathroom,tile_bathroom_0286.png,PNG,planned,varies,world tile
MM-02985,Art/Worlds/Bathroom,tile_bathroom_0287.png,PNG,planned,varies,world tile
MM-02986,Art/Worlds/Bathroom,tile_bathroom_0288.png,PNG,planned,varies,world tile
MM-02987,Art/Worlds/Bathroom,tile_bathroom_0289.png,PNG,planned,varies,world tile
MM-02988,Art/Worlds/Bathroom,tile_bathroom_0290.png,PNG,planned,varies,world tile
MM-02989,Art/Worlds/Bathroom,tile_bathroom_0291.png,PNG,planned,varies,world tile
MM-02990,Art/Worlds/Bathroom,tile_bathroom_0292.png,PNG,planned,varies,world tile
MM-02991,Art/Worlds/Bathroom,tile_bathroom_0293.png,PNG,planned,varies,world tile
MM-02992,Art/Worlds/Bathroom,tile_bathroom_0294.png,PNG,planned,varies,world tile
MM-02993,Art/Worlds/Bathroom,tile_bathroom_0295.png,PNG,planned,varies,world tile
MM-02994,Art/Worlds/Bathroom,tile_bathroom_0296.png,PNG,planned,varies,world tile
MM-02995,Art/Worlds/Bathroom,tile_bathroom_0297.png,PNG,planned,varies,world tile
MM-02996,Art/Worlds/Bathroom,tile_bathroom_0298.png,PNG,planned,varies,world tile
MM-02997,Art/Worlds/Bathroom,tile_bathroom_0299.png,PNG,planned,varies,world tile
MM-02998,Art/Worlds/Bathroom,tile_bathroom_0300.png,PNG,planned,varies,world tile
MM-02999,Art/Worlds/Garden,tile_garden_0001.png,PNG,planned,varies,world tile
MM-03000,Art/Worlds/Garden,tile_garden_0002.png,PNG,planned,varies,world tile
MM-03001,Art/Worlds/Garden,tile_garden_0003.png,PNG,planned,varies,world tile
MM-03002,Art/Worlds/Garden,tile_garden_0004.png,PNG,planned,varies,world tile
MM-03003,Art/Worlds/Garden,tile_garden_0005.png,PNG,planned,varies,world tile
MM-03004,Art/Worlds/Garden,tile_garden_0006.png,PNG,planned,varies,world tile
MM-03005,Art/Worlds/Garden,tile_garden_0007.png,PNG,planned,varies,world tile
MM-03006,Art/Worlds/Garden,tile_garden_0008.png,PNG,planned,varies,world tile
MM-03007,Art/Worlds/Garden,tile_garden_0009.png,PNG,planned,varies,world tile
MM-03008,Art/Worlds/Garden,tile_garden_0010.png,PNG,planned,varies,world tile
MM-03009,Art/Worlds/Garden,tile_garden_0011.png,PNG,planned,varies,world tile
MM-03010,Art/Worlds/Garden,tile_garden_0012.png,PNG,planned,varies,world tile
MM-03011,Art/Worlds/Garden,tile_garden_0013.png,PNG,planned,varies,world tile
MM-03012,Art/Worlds/Garden,tile_garden_0014.png,PNG,planned,varies,world tile
MM-03013,Art/Worlds/Garden,tile_garden_0015.png,PNG,planned,varies,world tile
MM-03014,Art/Worlds/Garden,tile_garden_0016.png,PNG,planned,varies,world tile
MM-03015,Art/Worlds/Garden,tile_garden_0017.png,PNG,planned,varies,world tile
MM-03016,Art/Worlds/Garden,tile_garden_0018.png,PNG,planned,varies,world tile
MM-03017,Art/Worlds/Garden,tile_garden_0019.png,PNG,planned,varies,world tile
MM-03018,Art/Worlds/Garden,tile_garden_0020.png,PNG,planned,varies,world tile
MM-03019,Art/Worlds/Garden,tile_garden_0021.png,PNG,planned,varies,world tile
MM-03020,Art/Worlds/Garden,tile_garden_0022.png,PNG,planned,varies,world tile
MM-03021,Art/Worlds/Garden,tile_garden_0023.png,PNG,planned,varies,world tile
MM-03022,Art/Worlds/Garden,tile_garden_0024.png,PNG,planned,varies,world tile
MM-03023,Art/Worlds/Garden,tile_garden_0025.png,PNG,planned,varies,world tile
MM-03024,Art/Worlds/Garden,tile_garden_0026.png,PNG,planned,varies,world tile
MM-03025,Art/Worlds/Garden,tile_garden_0027.png,PNG,planned,varies,world tile
MM-03026,Art/Worlds/Garden,tile_garden_0028.png,PNG,planned,varies,world tile
MM-03027,Art/Worlds/Garden,tile_garden_0029.png,PNG,planned,varies,world tile
MM-03028,Art/Worlds/Garden,tile_garden_0030.png,PNG,planned,varies,world tile
MM-03029,Art/Worlds/Garden,tile_garden_0031.png,PNG,planned,varies,world tile
MM-03030,Art/Worlds/Garden,tile_garden_0032.png,PNG,planned,varies,world tile
MM-03031,Art/Worlds/Garden,tile_garden_0033.png,PNG,planned,varies,world tile
MM-03032,Art/Worlds/Garden,tile_garden_0034.png,PNG,planned,varies,world tile
MM-03033,Art/Worlds/Garden,tile_garden_0035.png,PNG,planned,varies,world tile
MM-03034,Art/Worlds/Garden,tile_garden_0036.png,PNG,planned,varies,world tile
MM-03035,Art/Worlds/Garden,tile_garden_0037.png,PNG,planned,varies,world tile
MM-03036,Art/Worlds/Garden,tile_garden_0038.png,PNG,planned,varies,world tile
MM-03037,Art/Worlds/Garden,tile_garden_0039.png,PNG,planned,varies,world tile
MM-03038,Art/Worlds/Garden,tile_garden_0040.png,PNG,planned,varies,world tile
MM-03039,Art/Worlds/Garden,tile_garden_0041.png,PNG,planned,varies,world tile
MM-03040,Art/Worlds/Garden,tile_garden_0042.png,PNG,planned,varies,world tile
MM-03041,Art/Worlds/Garden,tile_garden_0043.png,PNG,planned,varies,world tile
MM-03042,Art/Worlds/Garden,tile_garden_0044.png,PNG,planned,varies,world tile
MM-03043,Art/Worlds/Garden,tile_garden_0045.png,PNG,planned,varies,world tile
MM-03044,Art/Worlds/Garden,tile_garden_0046.png,PNG,planned,varies,world tile
MM-03045,Art/Worlds/Garden,tile_garden_0047.png,PNG,planned,varies,world tile
MM-03046,Art/Worlds/Garden,tile_garden_0048.png,PNG,planned,varies,world tile
MM-03047,Art/Worlds/Garden,tile_garden_0049.png,PNG,planned,varies,world tile
MM-03048,Art/Worlds/Garden,tile_garden_0050.png,PNG,planned,varies,world tile
MM-03049,Art/Worlds/Garden,tile_garden_0051.png,PNG,planned,varies,world tile
MM-03050,Art/Worlds/Garden,tile_garden_0052.png,PNG,planned,varies,world tile
MM-03051,Art/Worlds/Garden,tile_garden_0053.png,PNG,planned,varies,world tile
MM-03052,Art/Worlds/Garden,tile_garden_0054.png,PNG,planned,varies,world tile
MM-03053,Art/Worlds/Garden,tile_garden_0055.png,PNG,planned,varies,world tile
MM-03054,Art/Worlds/Garden,tile_garden_0056.png,PNG,planned,varies,world tile
MM-03055,Art/Worlds/Garden,tile_garden_0057.png,PNG,planned,varies,world tile
MM-03056,Art/Worlds/Garden,tile_garden_0058.png,PNG,planned,varies,world tile
MM-03057,Art/Worlds/Garden,tile_garden_0059.png,PNG,planned,varies,world tile
MM-03058,Art/Worlds/Garden,tile_garden_0060.png,PNG,planned,varies,world tile
MM-03059,Art/Worlds/Garden,tile_garden_0061.png,PNG,planned,varies,world tile
MM-03060,Art/Worlds/Garden,tile_garden_0062.png,PNG,planned,varies,world tile
MM-03061,Art/Worlds/Garden,tile_garden_0063.png,PNG,planned,varies,world tile
MM-03062,Art/Worlds/Garden,tile_garden_0064.png,PNG,planned,varies,world tile
MM-03063,Art/Worlds/Garden,tile_garden_0065.png,PNG,planned,varies,world tile
MM-03064,Art/Worlds/Garden,tile_garden_0066.png,PNG,planned,varies,world tile
MM-03065,Art/Worlds/Garden,tile_garden_0067.png,PNG,planned,varies,world tile
MM-03066,Art/Worlds/Garden,tile_garden_0068.png,PNG,planned,varies,world tile
MM-03067,Art/Worlds/Garden,tile_garden_0069.png,PNG,planned,varies,world tile
MM-03068,Art/Worlds/Garden,tile_garden_0070.png,PNG,planned,varies,world tile
MM-03069,Art/Worlds/Garden,tile_garden_0071.png,PNG,planned,varies,world tile
MM-03070,Art/Worlds/Garden,tile_garden_0072.png,PNG,planned,varies,world tile
MM-03071,Art/Worlds/Garden,tile_garden_0073.png,PNG,planned,varies,world tile
MM-03072,Art/Worlds/Garden,tile_garden_0074.png,PNG,planned,varies,world tile
MM-03073,Art/Worlds/Garden,tile_garden_0075.png,PNG,planned,varies,world tile
MM-03074,Art/Worlds/Garden,tile_garden_0076.png,PNG,planned,varies,world tile
MM-03075,Art/Worlds/Garden,tile_garden_0077.png,PNG,planned,varies,world tile
MM-03076,Art/Worlds/Garden,tile_garden_0078.png,PNG,planned,varies,world tile
MM-03077,Art/Worlds/Garden,tile_garden_0079.png,PNG,planned,varies,world tile
MM-03078,Art/Worlds/Garden,tile_garden_0080.png,PNG,planned,varies,world tile
MM-03079,Art/Worlds/Garden,tile_garden_0081.png,PNG,planned,varies,world tile
MM-03080,Art/Worlds/Garden,tile_garden_0082.png,PNG,planned,varies,world tile
MM-03081,Art/Worlds/Garden,tile_garden_0083.png,PNG,planned,varies,world tile
MM-03082,Art/Worlds/Garden,tile_garden_0084.png,PNG,planned,varies,world tile
MM-03083,Art/Worlds/Garden,tile_garden_0085.png,PNG,planned,varies,world tile
MM-03084,Art/Worlds/Garden,tile_garden_0086.png,PNG,planned,varies,world tile
MM-03085,Art/Worlds/Garden,tile_garden_0087.png,PNG,planned,varies,world tile
MM-03086,Art/Worlds/Garden,tile_garden_0088.png,PNG,planned,varies,world tile
MM-03087,Art/Worlds/Garden,tile_garden_0089.png,PNG,planned,varies,world tile
MM-03088,Art/Worlds/Garden,tile_garden_0090.png,PNG,planned,varies,world tile
MM-03089,Art/Worlds/Garden,tile_garden_0091.png,PNG,planned,varies,world tile
MM-03090,Art/Worlds/Garden,tile_garden_0092.png,PNG,planned,varies,world tile
MM-03091,Art/Worlds/Garden,tile_garden_0093.png,PNG,planned,varies,world tile
MM-03092,Art/Worlds/Garden,tile_garden_0094.png,PNG,planned,varies,world tile
MM-03093,Art/Worlds/Garden,tile_garden_0095.png,PNG,planned,varies,world tile
MM-03094,Art/Worlds/Garden,tile_garden_0096.png,PNG,planned,varies,world tile
MM-03095,Art/Worlds/Garden,tile_garden_0097.png,PNG,planned,varies,world tile
MM-03096,Art/Worlds/Garden,tile_garden_0098.png,PNG,planned,varies,world tile
MM-03097,Art/Worlds/Garden,tile_garden_0099.png,PNG,planned,varies,world tile
MM-03098,Art/Worlds/Garden,tile_garden_0100.png,PNG,planned,varies,world tile
MM-03099,Art/Worlds/Garden,tile_garden_0101.png,PNG,planned,varies,world tile
MM-03100,Art/Worlds/Garden,tile_garden_0102.png,PNG,planned,varies,world tile
MM-03101,Art/Worlds/Garden,tile_garden_0103.png,PNG,planned,varies,world tile
MM-03102,Art/Worlds/Garden,tile_garden_0104.png,PNG,planned,varies,world tile
MM-03103,Art/Worlds/Garden,tile_garden_0105.png,PNG,planned,varies,world tile
MM-03104,Art/Worlds/Garden,tile_garden_0106.png,PNG,planned,varies,world tile
MM-03105,Art/Worlds/Garden,tile_garden_0107.png,PNG,planned,varies,world tile
MM-03106,Art/Worlds/Garden,tile_garden_0108.png,PNG,planned,varies,world tile
MM-03107,Art/Worlds/Garden,tile_garden_0109.png,PNG,planned,varies,world tile
MM-03108,Art/Worlds/Garden,tile_garden_0110.png,PNG,planned,varies,world tile
MM-03109,Art/Worlds/Garden,tile_garden_0111.png,PNG,planned,varies,world tile
MM-03110,Art/Worlds/Garden,tile_garden_0112.png,PNG,planned,varies,world tile
MM-03111,Art/Worlds/Garden,tile_garden_0113.png,PNG,planned,varies,world tile
MM-03112,Art/Worlds/Garden,tile_garden_0114.png,PNG,planned,varies,world tile
MM-03113,Art/Worlds/Garden,tile_garden_0115.png,PNG,planned,varies,world tile
MM-03114,Art/Worlds/Garden,tile_garden_0116.png,PNG,planned,varies,world tile
MM-03115,Art/Worlds/Garden,tile_garden_0117.png,PNG,planned,varies,world tile
MM-03116,Art/Worlds/Garden,tile_garden_0118.png,PNG,planned,varies,world tile
MM-03117,Art/Worlds/Garden,tile_garden_0119.png,PNG,planned,varies,world tile
MM-03118,Art/Worlds/Garden,tile_garden_0120.png,PNG,planned,varies,world tile
MM-03119,Art/Worlds/Garden,tile_garden_0121.png,PNG,planned,varies,world tile
MM-03120,Art/Worlds/Garden,tile_garden_0122.png,PNG,planned,varies,world tile
MM-03121,Art/Worlds/Garden,tile_garden_0123.png,PNG,planned,varies,world tile
MM-03122,Art/Worlds/Garden,tile_garden_0124.png,PNG,planned,varies,world tile
MM-03123,Art/Worlds/Garden,tile_garden_0125.png,PNG,planned,varies,world tile
MM-03124,Art/Worlds/Garden,tile_garden_0126.png,PNG,planned,varies,world tile
MM-03125,Art/Worlds/Garden,tile_garden_0127.png,PNG,planned,varies,world tile
MM-03126,Art/Worlds/Garden,tile_garden_0128.png,PNG,planned,varies,world tile
MM-03127,Art/Worlds/Garden,tile_garden_0129.png,PNG,planned,varies,world tile
MM-03128,Art/Worlds/Garden,tile_garden_0130.png,PNG,planned,varies,world tile
MM-03129,Art/Worlds/Garden,tile_garden_0131.png,PNG,planned,varies,world tile
MM-03130,Art/Worlds/Garden,tile_garden_0132.png,PNG,planned,varies,world tile
MM-03131,Art/Worlds/Garden,tile_garden_0133.png,PNG,planned,varies,world tile
MM-03132,Art/Worlds/Garden,tile_garden_0134.png,PNG,planned,varies,world tile
MM-03133,Art/Worlds/Garden,tile_garden_0135.png,PNG,planned,varies,world tile
MM-03134,Art/Worlds/Garden,tile_garden_0136.png,PNG,planned,varies,world tile
MM-03135,Art/Worlds/Garden,tile_garden_0137.png,PNG,planned,varies,world tile
MM-03136,Art/Worlds/Garden,tile_garden_0138.png,PNG,planned,varies,world tile
MM-03137,Art/Worlds/Garden,tile_garden_0139.png,PNG,planned,varies,world tile
MM-03138,Art/Worlds/Garden,tile_garden_0140.png,PNG,planned,varies,world tile
MM-03139,Art/Worlds/Garden,tile_garden_0141.png,PNG,planned,varies,world tile
MM-03140,Art/Worlds/Garden,tile_garden_0142.png,PNG,planned,varies,world tile
MM-03141,Art/Worlds/Garden,tile_garden_0143.png,PNG,planned,varies,world tile
MM-03142,Art/Worlds/Garden,tile_garden_0144.png,PNG,planned,varies,world tile
MM-03143,Art/Worlds/Garden,tile_garden_0145.png,PNG,planned,varies,world tile
MM-03144,Art/Worlds/Garden,tile_garden_0146.png,PNG,planned,varies,world tile
MM-03145,Art/Worlds/Garden,tile_garden_0147.png,PNG,planned,varies,world tile
MM-03146,Art/Worlds/Garden,tile_garden_0148.png,PNG,planned,varies,world tile
MM-03147,Art/Worlds/Garden,tile_garden_0149.png,PNG,planned,varies,world tile
MM-03148,Art/Worlds/Garden,tile_garden_0150.png,PNG,planned,varies,world tile
MM-03149,Art/Worlds/Garden,tile_garden_0151.png,PNG,planned,varies,world tile
MM-03150,Art/Worlds/Garden,tile_garden_0152.png,PNG,planned,varies,world tile
MM-03151,Art/Worlds/Garden,tile_garden_0153.png,PNG,planned,varies,world tile
MM-03152,Art/Worlds/Garden,tile_garden_0154.png,PNG,planned,varies,world tile
MM-03153,Art/Worlds/Garden,tile_garden_0155.png,PNG,planned,varies,world tile
MM-03154,Art/Worlds/Garden,tile_garden_0156.png,PNG,planned,varies,world tile
MM-03155,Art/Worlds/Garden,tile_garden_0157.png,PNG,planned,varies,world tile
MM-03156,Art/Worlds/Garden,tile_garden_0158.png,PNG,planned,varies,world tile
MM-03157,Art/Worlds/Garden,tile_garden_0159.png,PNG,planned,varies,world tile
MM-03158,Art/Worlds/Garden,tile_garden_0160.png,PNG,planned,varies,world tile
MM-03159,Art/Worlds/Garden,tile_garden_0161.png,PNG,planned,varies,world tile
MM-03160,Art/Worlds/Garden,tile_garden_0162.png,PNG,planned,varies,world tile
MM-03161,Art/Worlds/Garden,tile_garden_0163.png,PNG,planned,varies,world tile
MM-03162,Art/Worlds/Garden,tile_garden_0164.png,PNG,planned,varies,world tile
MM-03163,Art/Worlds/Garden,tile_garden_0165.png,PNG,planned,varies,world tile
MM-03164,Art/Worlds/Garden,tile_garden_0166.png,PNG,planned,varies,world tile
MM-03165,Art/Worlds/Garden,tile_garden_0167.png,PNG,planned,varies,world tile
MM-03166,Art/Worlds/Garden,tile_garden_0168.png,PNG,planned,varies,world tile
MM-03167,Art/Worlds/Garden,tile_garden_0169.png,PNG,planned,varies,world tile
MM-03168,Art/Worlds/Garden,tile_garden_0170.png,PNG,planned,varies,world tile
MM-03169,Art/Worlds/Garden,tile_garden_0171.png,PNG,planned,varies,world tile
MM-03170,Art/Worlds/Garden,tile_garden_0172.png,PNG,planned,varies,world tile
MM-03171,Art/Worlds/Garden,tile_garden_0173.png,PNG,planned,varies,world tile
MM-03172,Art/Worlds/Garden,tile_garden_0174.png,PNG,planned,varies,world tile
MM-03173,Art/Worlds/Garden,tile_garden_0175.png,PNG,planned,varies,world tile
MM-03174,Art/Worlds/Garden,tile_garden_0176.png,PNG,planned,varies,world tile
MM-03175,Art/Worlds/Garden,tile_garden_0177.png,PNG,planned,varies,world tile
MM-03176,Art/Worlds/Garden,tile_garden_0178.png,PNG,planned,varies,world tile
MM-03177,Art/Worlds/Garden,tile_garden_0179.png,PNG,planned,varies,world tile
MM-03178,Art/Worlds/Garden,tile_garden_0180.png,PNG,planned,varies,world tile
MM-03179,Art/Worlds/Garden,tile_garden_0181.png,PNG,planned,varies,world tile
MM-03180,Art/Worlds/Garden,tile_garden_0182.png,PNG,planned,varies,world tile
MM-03181,Art/Worlds/Garden,tile_garden_0183.png,PNG,planned,varies,world tile
MM-03182,Art/Worlds/Garden,tile_garden_0184.png,PNG,planned,varies,world tile
MM-03183,Art/Worlds/Garden,tile_garden_0185.png,PNG,planned,varies,world tile
MM-03184,Art/Worlds/Garden,tile_garden_0186.png,PNG,planned,varies,world tile
MM-03185,Art/Worlds/Garden,tile_garden_0187.png,PNG,planned,varies,world tile
MM-03186,Art/Worlds/Garden,tile_garden_0188.png,PNG,planned,varies,world tile
MM-03187,Art/Worlds/Garden,tile_garden_0189.png,PNG,planned,varies,world tile
MM-03188,Art/Worlds/Garden,tile_garden_0190.png,PNG,planned,varies,world tile
MM-03189,Art/Worlds/Garden,tile_garden_0191.png,PNG,planned,varies,world tile
MM-03190,Art/Worlds/Garden,tile_garden_0192.png,PNG,planned,varies,world tile
MM-03191,Art/Worlds/Garden,tile_garden_0193.png,PNG,planned,varies,world tile
MM-03192,Art/Worlds/Garden,tile_garden_0194.png,PNG,planned,varies,world tile
MM-03193,Art/Worlds/Garden,tile_garden_0195.png,PNG,planned,varies,world tile
MM-03194,Art/Worlds/Garden,tile_garden_0196.png,PNG,planned,varies,world tile
MM-03195,Art/Worlds/Garden,tile_garden_0197.png,PNG,planned,varies,world tile
MM-03196,Art/Worlds/Garden,tile_garden_0198.png,PNG,planned,varies,world tile
MM-03197,Art/Worlds/Garden,tile_garden_0199.png,PNG,planned,varies,world tile
MM-03198,Art/Worlds/Garden,tile_garden_0200.png,PNG,planned,varies,world tile
MM-03199,Art/Worlds/Garden,tile_garden_0201.png,PNG,planned,varies,world tile
MM-03200,Art/Worlds/Garden,tile_garden_0202.png,PNG,planned,varies,world tile
MM-03201,Art/Worlds/Garden,tile_garden_0203.png,PNG,planned,varies,world tile
MM-03202,Art/Worlds/Garden,tile_garden_0204.png,PNG,planned,varies,world tile
MM-03203,Art/Worlds/Garden,tile_garden_0205.png,PNG,planned,varies,world tile
MM-03204,Art/Worlds/Garden,tile_garden_0206.png,PNG,planned,varies,world tile
MM-03205,Art/Worlds/Garden,tile_garden_0207.png,PNG,planned,varies,world tile
MM-03206,Art/Worlds/Garden,tile_garden_0208.png,PNG,planned,varies,world tile
MM-03207,Art/Worlds/Garden,tile_garden_0209.png,PNG,planned,varies,world tile
MM-03208,Art/Worlds/Garden,tile_garden_0210.png,PNG,planned,varies,world tile
MM-03209,Art/Worlds/Garden,tile_garden_0211.png,PNG,planned,varies,world tile
MM-03210,Art/Worlds/Garden,tile_garden_0212.png,PNG,planned,varies,world tile
MM-03211,Art/Worlds/Garden,tile_garden_0213.png,PNG,planned,varies,world tile
MM-03212,Art/Worlds/Garden,tile_garden_0214.png,PNG,planned,varies,world tile
MM-03213,Art/Worlds/Garden,tile_garden_0215.png,PNG,planned,varies,world tile
MM-03214,Art/Worlds/Garden,tile_garden_0216.png,PNG,planned,varies,world tile
MM-03215,Art/Worlds/Garden,tile_garden_0217.png,PNG,planned,varies,world tile
MM-03216,Art/Worlds/Garden,tile_garden_0218.png,PNG,planned,varies,world tile
MM-03217,Art/Worlds/Garden,tile_garden_0219.png,PNG,planned,varies,world tile
MM-03218,Art/Worlds/Garden,tile_garden_0220.png,PNG,planned,varies,world tile
MM-03219,Art/Worlds/Garden,tile_garden_0221.png,PNG,planned,varies,world tile
MM-03220,Art/Worlds/Garden,tile_garden_0222.png,PNG,planned,varies,world tile
MM-03221,Art/Worlds/Garden,tile_garden_0223.png,PNG,planned,varies,world tile
MM-03222,Art/Worlds/Garden,tile_garden_0224.png,PNG,planned,varies,world tile
MM-03223,Art/Worlds/Garden,tile_garden_0225.png,PNG,planned,varies,world tile
MM-03224,Art/Worlds/Garden,tile_garden_0226.png,PNG,planned,varies,world tile
MM-03225,Art/Worlds/Garden,tile_garden_0227.png,PNG,planned,varies,world tile
MM-03226,Art/Worlds/Garden,tile_garden_0228.png,PNG,planned,varies,world tile
MM-03227,Art/Worlds/Garden,tile_garden_0229.png,PNG,planned,varies,world tile
MM-03228,Art/Worlds/Garden,tile_garden_0230.png,PNG,planned,varies,world tile
MM-03229,Art/Worlds/Garden,tile_garden_0231.png,PNG,planned,varies,world tile
MM-03230,Art/Worlds/Garden,tile_garden_0232.png,PNG,planned,varies,world tile
MM-03231,Art/Worlds/Garden,tile_garden_0233.png,PNG,planned,varies,world tile
MM-03232,Art/Worlds/Garden,tile_garden_0234.png,PNG,planned,varies,world tile
MM-03233,Art/Worlds/Garden,tile_garden_0235.png,PNG,planned,varies,world tile
MM-03234,Art/Worlds/Garden,tile_garden_0236.png,PNG,planned,varies,world tile
MM-03235,Art/Worlds/Garden,tile_garden_0237.png,PNG,planned,varies,world tile
MM-03236,Art/Worlds/Garden,tile_garden_0238.png,PNG,planned,varies,world tile
MM-03237,Art/Worlds/Garden,tile_garden_0239.png,PNG,planned,varies,world tile
MM-03238,Art/Worlds/Garden,tile_garden_0240.png,PNG,planned,varies,world tile
MM-03239,Art/Worlds/Garden,tile_garden_0241.png,PNG,planned,varies,world tile
MM-03240,Art/Worlds/Garden,tile_garden_0242.png,PNG,planned,varies,world tile
MM-03241,Art/Worlds/Garden,tile_garden_0243.png,PNG,planned,varies,world tile
MM-03242,Art/Worlds/Garden,tile_garden_0244.png,PNG,planned,varies,world tile
MM-03243,Art/Worlds/Garden,tile_garden_0245.png,PNG,planned,varies,world tile
MM-03244,Art/Worlds/Garden,tile_garden_0246.png,PNG,planned,varies,world tile
MM-03245,Art/Worlds/Garden,tile_garden_0247.png,PNG,planned,varies,world tile
MM-03246,Art/Worlds/Garden,tile_garden_0248.png,PNG,planned,varies,world tile
MM-03247,Art/Worlds/Garden,tile_garden_0249.png,PNG,planned,varies,world tile
MM-03248,Art/Worlds/Garden,tile_garden_0250.png,PNG,planned,varies,world tile
MM-03249,Art/Worlds/Garden,tile_garden_0251.png,PNG,planned,varies,world tile
MM-03250,Art/Worlds/Garden,tile_garden_0252.png,PNG,planned,varies,world tile
MM-03251,Art/Worlds/Garden,tile_garden_0253.png,PNG,planned,varies,world tile
MM-03252,Art/Worlds/Garden,tile_garden_0254.png,PNG,planned,varies,world tile
MM-03253,Art/Worlds/Garden,tile_garden_0255.png,PNG,planned,varies,world tile
MM-03254,Art/Worlds/Garden,tile_garden_0256.png,PNG,planned,varies,world tile
MM-03255,Art/Worlds/Garden,tile_garden_0257.png,PNG,planned,varies,world tile
MM-03256,Art/Worlds/Garden,tile_garden_0258.png,PNG,planned,varies,world tile
MM-03257,Art/Worlds/Garden,tile_garden_0259.png,PNG,planned,varies,world tile
MM-03258,Art/Worlds/Garden,tile_garden_0260.png,PNG,planned,varies,world tile
MM-03259,Art/Worlds/Garden,tile_garden_0261.png,PNG,planned,varies,world tile
MM-03260,Art/Worlds/Garden,tile_garden_0262.png,PNG,planned,varies,world tile
MM-03261,Art/Worlds/Garden,tile_garden_0263.png,PNG,planned,varies,world tile
MM-03262,Art/Worlds/Garden,tile_garden_0264.png,PNG,planned,varies,world tile
MM-03263,Art/Worlds/Garden,tile_garden_0265.png,PNG,planned,varies,world tile
MM-03264,Art/Worlds/Garden,tile_garden_0266.png,PNG,planned,varies,world tile
MM-03265,Art/Worlds/Garden,tile_garden_0267.png,PNG,planned,varies,world tile
MM-03266,Art/Worlds/Garden,tile_garden_0268.png,PNG,planned,varies,world tile
MM-03267,Art/Worlds/Garden,tile_garden_0269.png,PNG,planned,varies,world tile
MM-03268,Art/Worlds/Garden,tile_garden_0270.png,PNG,planned,varies,world tile
MM-03269,Art/Worlds/Garden,tile_garden_0271.png,PNG,planned,varies,world tile
MM-03270,Art/Worlds/Garden,tile_garden_0272.png,PNG,planned,varies,world tile
MM-03271,Art/Worlds/Garden,tile_garden_0273.png,PNG,planned,varies,world tile
MM-03272,Art/Worlds/Garden,tile_garden_0274.png,PNG,planned,varies,world tile
MM-03273,Art/Worlds/Garden,tile_garden_0275.png,PNG,planned,varies,world tile
MM-03274,Art/Worlds/Garden,tile_garden_0276.png,PNG,planned,varies,world tile
MM-03275,Art/Worlds/Garden,tile_garden_0277.png,PNG,planned,varies,world tile
MM-03276,Art/Worlds/Garden,tile_garden_0278.png,PNG,planned,varies,world tile
MM-03277,Art/Worlds/Garden,tile_garden_0279.png,PNG,planned,varies,world tile
MM-03278,Art/Worlds/Garden,tile_garden_0280.png,PNG,planned,varies,world tile
MM-03279,Art/Worlds/Garden,tile_garden_0281.png,PNG,planned,varies,world tile
MM-03280,Art/Worlds/Garden,tile_garden_0282.png,PNG,planned,varies,world tile
MM-03281,Art/Worlds/Garden,tile_garden_0283.png,PNG,planned,varies,world tile
MM-03282,Art/Worlds/Garden,tile_garden_0284.png,PNG,planned,varies,world tile
MM-03283,Art/Worlds/Garden,tile_garden_0285.png,PNG,planned,varies,world tile
MM-03284,Art/Worlds/Garden,tile_garden_0286.png,PNG,planned,varies,world tile
MM-03285,Art/Worlds/Garden,tile_garden_0287.png,PNG,planned,varies,world tile
MM-03286,Art/Worlds/Garden,tile_garden_0288.png,PNG,planned,varies,world tile
MM-03287,Art/Worlds/Garden,tile_garden_0289.png,PNG,planned,varies,world tile
MM-03288,Art/Worlds/Garden,tile_garden_0290.png,PNG,planned,varies,world tile
MM-03289,Art/Worlds/Garden,tile_garden_0291.png,PNG,planned,varies,world tile
MM-03290,Art/Worlds/Garden,tile_garden_0292.png,PNG,planned,varies,world tile
MM-03291,Art/Worlds/Garden,tile_garden_0293.png,PNG,planned,varies,world tile
MM-03292,Art/Worlds/Garden,tile_garden_0294.png,PNG,planned,varies,world tile
MM-03293,Art/Worlds/Garden,tile_garden_0295.png,PNG,planned,varies,world tile
MM-03294,Art/Worlds/Garden,tile_garden_0296.png,PNG,planned,varies,world tile
MM-03295,Art/Worlds/Garden,tile_garden_0297.png,PNG,planned,varies,world tile
MM-03296,Art/Worlds/Garden,tile_garden_0298.png,PNG,planned,varies,world tile
MM-03297,Art/Worlds/Garden,tile_garden_0299.png,PNG,planned,varies,world tile
MM-03298,Art/Worlds/Garden,tile_garden_0300.png,PNG,planned,varies,world tile
MM-03299,Art/Worlds/Space,tile_space_0001.png,PNG,planned,varies,world tile
MM-03300,Art/Worlds/Space,tile_space_0002.png,PNG,planned,varies,world tile
MM-03301,Art/Worlds/Space,tile_space_0003.png,PNG,planned,varies,world tile
MM-03302,Art/Worlds/Space,tile_space_0004.png,PNG,planned,varies,world tile
MM-03303,Art/Worlds/Space,tile_space_0005.png,PNG,planned,varies,world tile
MM-03304,Art/Worlds/Space,tile_space_0006.png,PNG,planned,varies,world tile
MM-03305,Art/Worlds/Space,tile_space_0007.png,PNG,planned,varies,world tile
MM-03306,Art/Worlds/Space,tile_space_0008.png,PNG,planned,varies,world tile
MM-03307,Art/Worlds/Space,tile_space_0009.png,PNG,planned,varies,world tile
MM-03308,Art/Worlds/Space,tile_space_0010.png,PNG,planned,varies,world tile
MM-03309,Art/Worlds/Space,tile_space_0011.png,PNG,planned,varies,world tile
MM-03310,Art/Worlds/Space,tile_space_0012.png,PNG,planned,varies,world tile
MM-03311,Art/Worlds/Space,tile_space_0013.png,PNG,planned,varies,world tile
MM-03312,Art/Worlds/Space,tile_space_0014.png,PNG,planned,varies,world tile
MM-03313,Art/Worlds/Space,tile_space_0015.png,PNG,planned,varies,world tile
MM-03314,Art/Worlds/Space,tile_space_0016.png,PNG,planned,varies,world tile
MM-03315,Art/Worlds/Space,tile_space_0017.png,PNG,planned,varies,world tile
MM-03316,Art/Worlds/Space,tile_space_0018.png,PNG,planned,varies,world tile
MM-03317,Art/Worlds/Space,tile_space_0019.png,PNG,planned,varies,world tile
MM-03318,Art/Worlds/Space,tile_space_0020.png,PNG,planned,varies,world tile
MM-03319,Art/Worlds/Space,tile_space_0021.png,PNG,planned,varies,world tile
MM-03320,Art/Worlds/Space,tile_space_0022.png,PNG,planned,varies,world tile
MM-03321,Art/Worlds/Space,tile_space_0023.png,PNG,planned,varies,world tile
MM-03322,Art/Worlds/Space,tile_space_0024.png,PNG,planned,varies,world tile
MM-03323,Art/Worlds/Space,tile_space_0025.png,PNG,planned,varies,world tile
MM-03324,Art/Worlds/Space,tile_space_0026.png,PNG,planned,varies,world tile
MM-03325,Art/Worlds/Space,tile_space_0027.png,PNG,planned,varies,world tile
MM-03326,Art/Worlds/Space,tile_space_0028.png,PNG,planned,varies,world tile
MM-03327,Art/Worlds/Space,tile_space_0029.png,PNG,planned,varies,world tile
MM-03328,Art/Worlds/Space,tile_space_0030.png,PNG,planned,varies,world tile
MM-03329,Art/Worlds/Space,tile_space_0031.png,PNG,planned,varies,world tile
MM-03330,Art/Worlds/Space,tile_space_0032.png,PNG,planned,varies,world tile
MM-03331,Art/Worlds/Space,tile_space_0033.png,PNG,planned,varies,world tile
MM-03332,Art/Worlds/Space,tile_space_0034.png,PNG,planned,varies,world tile
MM-03333,Art/Worlds/Space,tile_space_0035.png,PNG,planned,varies,world tile
MM-03334,Art/Worlds/Space,tile_space_0036.png,PNG,planned,varies,world tile
MM-03335,Art/Worlds/Space,tile_space_0037.png,PNG,planned,varies,world tile
MM-03336,Art/Worlds/Space,tile_space_0038.png,PNG,planned,varies,world tile
MM-03337,Art/Worlds/Space,tile_space_0039.png,PNG,planned,varies,world tile
MM-03338,Art/Worlds/Space,tile_space_0040.png,PNG,planned,varies,world tile
MM-03339,Art/Worlds/Space,tile_space_0041.png,PNG,planned,varies,world tile
MM-03340,Art/Worlds/Space,tile_space_0042.png,PNG,planned,varies,world tile
MM-03341,Art/Worlds/Space,tile_space_0043.png,PNG,planned,varies,world tile
MM-03342,Art/Worlds/Space,tile_space_0044.png,PNG,planned,varies,world tile
MM-03343,Art/Worlds/Space,tile_space_0045.png,PNG,planned,varies,world tile
MM-03344,Art/Worlds/Space,tile_space_0046.png,PNG,planned,varies,world tile
MM-03345,Art/Worlds/Space,tile_space_0047.png,PNG,planned,varies,world tile
MM-03346,Art/Worlds/Space,tile_space_0048.png,PNG,planned,varies,world tile
MM-03347,Art/Worlds/Space,tile_space_0049.png,PNG,planned,varies,world tile
MM-03348,Art/Worlds/Space,tile_space_0050.png,PNG,planned,varies,world tile
MM-03349,Art/Worlds/Space,tile_space_0051.png,PNG,planned,varies,world tile
MM-03350,Art/Worlds/Space,tile_space_0052.png,PNG,planned,varies,world tile
MM-03351,Art/Worlds/Space,tile_space_0053.png,PNG,planned,varies,world tile
MM-03352,Art/Worlds/Space,tile_space_0054.png,PNG,planned,varies,world tile
MM-03353,Art/Worlds/Space,tile_space_0055.png,PNG,planned,varies,world tile
MM-03354,Art/Worlds/Space,tile_space_0056.png,PNG,planned,varies,world tile
MM-03355,Art/Worlds/Space,tile_space_0057.png,PNG,planned,varies,world tile
MM-03356,Art/Worlds/Space,tile_space_0058.png,PNG,planned,varies,world tile
MM-03357,Art/Worlds/Space,tile_space_0059.png,PNG,planned,varies,world tile
MM-03358,Art/Worlds/Space,tile_space_0060.png,PNG,planned,varies,world tile
MM-03359,Art/Worlds/Space,tile_space_0061.png,PNG,planned,varies,world tile
MM-03360,Art/Worlds/Space,tile_space_0062.png,PNG,planned,varies,world tile
MM-03361,Art/Worlds/Space,tile_space_0063.png,PNG,planned,varies,world tile
MM-03362,Art/Worlds/Space,tile_space_0064.png,PNG,planned,varies,world tile
MM-03363,Art/Worlds/Space,tile_space_0065.png,PNG,planned,varies,world tile
MM-03364,Art/Worlds/Space,tile_space_0066.png,PNG,planned,varies,world tile
MM-03365,Art/Worlds/Space,tile_space_0067.png,PNG,planned,varies,world tile
MM-03366,Art/Worlds/Space,tile_space_0068.png,PNG,planned,varies,world tile
MM-03367,Art/Worlds/Space,tile_space_0069.png,PNG,planned,varies,world tile
MM-03368,Art/Worlds/Space,tile_space_0070.png,PNG,planned,varies,world tile
MM-03369,Art/Worlds/Space,tile_space_0071.png,PNG,planned,varies,world tile
MM-03370,Art/Worlds/Space,tile_space_0072.png,PNG,planned,varies,world tile
MM-03371,Art/Worlds/Space,tile_space_0073.png,PNG,planned,varies,world tile
MM-03372,Art/Worlds/Space,tile_space_0074.png,PNG,planned,varies,world tile
MM-03373,Art/Worlds/Space,tile_space_0075.png,PNG,planned,varies,world tile
MM-03374,Art/Worlds/Space,tile_space_0076.png,PNG,planned,varies,world tile
MM-03375,Art/Worlds/Space,tile_space_0077.png,PNG,planned,varies,world tile
MM-03376,Art/Worlds/Space,tile_space_0078.png,PNG,planned,varies,world tile
MM-03377,Art/Worlds/Space,tile_space_0079.png,PNG,planned,varies,world tile
MM-03378,Art/Worlds/Space,tile_space_0080.png,PNG,planned,varies,world tile
MM-03379,Art/Worlds/Space,tile_space_0081.png,PNG,planned,varies,world tile
MM-03380,Art/Worlds/Space,tile_space_0082.png,PNG,planned,varies,world tile
MM-03381,Art/Worlds/Space,tile_space_0083.png,PNG,planned,varies,world tile
MM-03382,Art/Worlds/Space,tile_space_0084.png,PNG,planned,varies,world tile
MM-03383,Art/Worlds/Space,tile_space_0085.png,PNG,planned,varies,world tile
MM-03384,Art/Worlds/Space,tile_space_0086.png,PNG,planned,varies,world tile
MM-03385,Art/Worlds/Space,tile_space_0087.png,PNG,planned,varies,world tile
MM-03386,Art/Worlds/Space,tile_space_0088.png,PNG,planned,varies,world tile
MM-03387,Art/Worlds/Space,tile_space_0089.png,PNG,planned,varies,world tile
MM-03388,Art/Worlds/Space,tile_space_0090.png,PNG,planned,varies,world tile
MM-03389,Art/Worlds/Space,tile_space_0091.png,PNG,planned,varies,world tile
MM-03390,Art/Worlds/Space,tile_space_0092.png,PNG,planned,varies,world tile
MM-03391,Art/Worlds/Space,tile_space_0093.png,PNG,planned,varies,world tile
MM-03392,Art/Worlds/Space,tile_space_0094.png,PNG,planned,varies,world tile
MM-03393,Art/Worlds/Space,tile_space_0095.png,PNG,planned,varies,world tile
MM-03394,Art/Worlds/Space,tile_space_0096.png,PNG,planned,varies,world tile
MM-03395,Art/Worlds/Space,tile_space_0097.png,PNG,planned,varies,world tile
MM-03396,Art/Worlds/Space,tile_space_0098.png,PNG,planned,varies,world tile
MM-03397,Art/Worlds/Space,tile_space_0099.png,PNG,planned,varies,world tile
MM-03398,Art/Worlds/Space,tile_space_0100.png,PNG,planned,varies,world tile
MM-03399,Art/Worlds/Space,tile_space_0101.png,PNG,planned,varies,world tile
MM-03400,Art/Worlds/Space,tile_space_0102.png,PNG,planned,varies,world tile
MM-03401,Art/Worlds/Space,tile_space_0103.png,PNG,planned,varies,world tile
MM-03402,Art/Worlds/Space,tile_space_0104.png,PNG,planned,varies,world tile
MM-03403,Art/Worlds/Space,tile_space_0105.png,PNG,planned,varies,world tile
MM-03404,Art/Worlds/Space,tile_space_0106.png,PNG,planned,varies,world tile
MM-03405,Art/Worlds/Space,tile_space_0107.png,PNG,planned,varies,world tile
MM-03406,Art/Worlds/Space,tile_space_0108.png,PNG,planned,varies,world tile
MM-03407,Art/Worlds/Space,tile_space_0109.png,PNG,planned,varies,world tile
MM-03408,Art/Worlds/Space,tile_space_0110.png,PNG,planned,varies,world tile
MM-03409,Art/Worlds/Space,tile_space_0111.png,PNG,planned,varies,world tile
MM-03410,Art/Worlds/Space,tile_space_0112.png,PNG,planned,varies,world tile
MM-03411,Art/Worlds/Space,tile_space_0113.png,PNG,planned,varies,world tile
MM-03412,Art/Worlds/Space,tile_space_0114.png,PNG,planned,varies,world tile
MM-03413,Art/Worlds/Space,tile_space_0115.png,PNG,planned,varies,world tile
MM-03414,Art/Worlds/Space,tile_space_0116.png,PNG,planned,varies,world tile
MM-03415,Art/Worlds/Space,tile_space_0117.png,PNG,planned,varies,world tile
MM-03416,Art/Worlds/Space,tile_space_0118.png,PNG,planned,varies,world tile
MM-03417,Art/Worlds/Space,tile_space_0119.png,PNG,planned,varies,world tile
MM-03418,Art/Worlds/Space,tile_space_0120.png,PNG,planned,varies,world tile
MM-03419,Art/Worlds/Space,tile_space_0121.png,PNG,planned,varies,world tile
MM-03420,Art/Worlds/Space,tile_space_0122.png,PNG,planned,varies,world tile
MM-03421,Art/Worlds/Space,tile_space_0123.png,PNG,planned,varies,world tile
MM-03422,Art/Worlds/Space,tile_space_0124.png,PNG,planned,varies,world tile
MM-03423,Art/Worlds/Space,tile_space_0125.png,PNG,planned,varies,world tile
MM-03424,Art/Worlds/Space,tile_space_0126.png,PNG,planned,varies,world tile
MM-03425,Art/Worlds/Space,tile_space_0127.png,PNG,planned,varies,world tile
MM-03426,Art/Worlds/Space,tile_space_0128.png,PNG,planned,varies,world tile
MM-03427,Art/Worlds/Space,tile_space_0129.png,PNG,planned,varies,world tile
MM-03428,Art/Worlds/Space,tile_space_0130.png,PNG,planned,varies,world tile
MM-03429,Art/Worlds/Space,tile_space_0131.png,PNG,planned,varies,world tile
MM-03430,Art/Worlds/Space,tile_space_0132.png,PNG,planned,varies,world tile
MM-03431,Art/Worlds/Space,tile_space_0133.png,PNG,planned,varies,world tile
MM-03432,Art/Worlds/Space,tile_space_0134.png,PNG,planned,varies,world tile
MM-03433,Art/Worlds/Space,tile_space_0135.png,PNG,planned,varies,world tile
MM-03434,Art/Worlds/Space,tile_space_0136.png,PNG,planned,varies,world tile
MM-03435,Art/Worlds/Space,tile_space_0137.png,PNG,planned,varies,world tile
MM-03436,Art/Worlds/Space,tile_space_0138.png,PNG,planned,varies,world tile
MM-03437,Art/Worlds/Space,tile_space_0139.png,PNG,planned,varies,world tile
MM-03438,Art/Worlds/Space,tile_space_0140.png,PNG,planned,varies,world tile
MM-03439,Art/Worlds/Space,tile_space_0141.png,PNG,planned,varies,world tile
MM-03440,Art/Worlds/Space,tile_space_0142.png,PNG,planned,varies,world tile
MM-03441,Art/Worlds/Space,tile_space_0143.png,PNG,planned,varies,world tile
MM-03442,Art/Worlds/Space,tile_space_0144.png,PNG,planned,varies,world tile
MM-03443,Art/Worlds/Space,tile_space_0145.png,PNG,planned,varies,world tile
MM-03444,Art/Worlds/Space,tile_space_0146.png,PNG,planned,varies,world tile
MM-03445,Art/Worlds/Space,tile_space_0147.png,PNG,planned,varies,world tile
MM-03446,Art/Worlds/Space,tile_space_0148.png,PNG,planned,varies,world tile
MM-03447,Art/Worlds/Space,tile_space_0149.png,PNG,planned,varies,world tile
MM-03448,Art/Worlds/Space,tile_space_0150.png,PNG,planned,varies,world tile
MM-03449,Art/Worlds/Space,tile_space_0151.png,PNG,planned,varies,world tile
MM-03450,Art/Worlds/Space,tile_space_0152.png,PNG,planned,varies,world tile
MM-03451,Art/Worlds/Space,tile_space_0153.png,PNG,planned,varies,world tile
MM-03452,Art/Worlds/Space,tile_space_0154.png,PNG,planned,varies,world tile
MM-03453,Art/Worlds/Space,tile_space_0155.png,PNG,planned,varies,world tile
MM-03454,Art/Worlds/Space,tile_space_0156.png,PNG,planned,varies,world tile
MM-03455,Art/Worlds/Space,tile_space_0157.png,PNG,planned,varies,world tile
MM-03456,Art/Worlds/Space,tile_space_0158.png,PNG,planned,varies,world tile
MM-03457,Art/Worlds/Space,tile_space_0159.png,PNG,planned,varies,world tile
MM-03458,Art/Worlds/Space,tile_space_0160.png,PNG,planned,varies,world tile
MM-03459,Art/Worlds/Space,tile_space_0161.png,PNG,planned,varies,world tile
MM-03460,Art/Worlds/Space,tile_space_0162.png,PNG,planned,varies,world tile
MM-03461,Art/Worlds/Space,tile_space_0163.png,PNG,planned,varies,world tile
MM-03462,Art/Worlds/Space,tile_space_0164.png,PNG,planned,varies,world tile
MM-03463,Art/Worlds/Space,tile_space_0165.png,PNG,planned,varies,world tile
MM-03464,Art/Worlds/Space,tile_space_0166.png,PNG,planned,varies,world tile
MM-03465,Art/Worlds/Space,tile_space_0167.png,PNG,planned,varies,world tile
MM-03466,Art/Worlds/Space,tile_space_0168.png,PNG,planned,varies,world tile
MM-03467,Art/Worlds/Space,tile_space_0169.png,PNG,planned,varies,world tile
MM-03468,Art/Worlds/Space,tile_space_0170.png,PNG,planned,varies,world tile
MM-03469,Art/Worlds/Space,tile_space_0171.png,PNG,planned,varies,world tile
MM-03470,Art/Worlds/Space,tile_space_0172.png,PNG,planned,varies,world tile
MM-03471,Art/Worlds/Space,tile_space_0173.png,PNG,planned,varies,world tile
MM-03472,Art/Worlds/Space,tile_space_0174.png,PNG,planned,varies,world tile
MM-03473,Art/Worlds/Space,tile_space_0175.png,PNG,planned,varies,world tile
MM-03474,Art/Worlds/Space,tile_space_0176.png,PNG,planned,varies,world tile
MM-03475,Art/Worlds/Space,tile_space_0177.png,PNG,planned,varies,world tile
MM-03476,Art/Worlds/Space,tile_space_0178.png,PNG,planned,varies,world tile
MM-03477,Art/Worlds/Space,tile_space_0179.png,PNG,planned,varies,world tile
MM-03478,Art/Worlds/Space,tile_space_0180.png,PNG,planned,varies,world tile
MM-03479,Art/Worlds/Space,tile_space_0181.png,PNG,planned,varies,world tile
MM-03480,Art/Worlds/Space,tile_space_0182.png,PNG,planned,varies,world tile
MM-03481,Art/Worlds/Space,tile_space_0183.png,PNG,planned,varies,world tile
MM-03482,Art/Worlds/Space,tile_space_0184.png,PNG,planned,varies,world tile
MM-03483,Art/Worlds/Space,tile_space_0185.png,PNG,planned,varies,world tile
MM-03484,Art/Worlds/Space,tile_space_0186.png,PNG,planned,varies,world tile
MM-03485,Art/Worlds/Space,tile_space_0187.png,PNG,planned,varies,world tile
MM-03486,Art/Worlds/Space,tile_space_0188.png,PNG,planned,varies,world tile
MM-03487,Art/Worlds/Space,tile_space_0189.png,PNG,planned,varies,world tile
MM-03488,Art/Worlds/Space,tile_space_0190.png,PNG,planned,varies,world tile
MM-03489,Art/Worlds/Space,tile_space_0191.png,PNG,planned,varies,world tile
MM-03490,Art/Worlds/Space,tile_space_0192.png,PNG,planned,varies,world tile
MM-03491,Art/Worlds/Space,tile_space_0193.png,PNG,planned,varies,world tile
MM-03492,Art/Worlds/Space,tile_space_0194.png,PNG,planned,varies,world tile
MM-03493,Art/Worlds/Space,tile_space_0195.png,PNG,planned,varies,world tile
MM-03494,Art/Worlds/Space,tile_space_0196.png,PNG,planned,varies,world tile
MM-03495,Art/Worlds/Space,tile_space_0197.png,PNG,planned,varies,world tile
MM-03496,Art/Worlds/Space,tile_space_0198.png,PNG,planned,varies,world tile
MM-03497,Art/Worlds/Space,tile_space_0199.png,PNG,planned,varies,world tile
MM-03498,Art/Worlds/Space,tile_space_0200.png,PNG,planned,varies,world tile
MM-03499,Art/Worlds/Space,tile_space_0201.png,PNG,planned,varies,world tile
MM-03500,Art/Worlds/Space,tile_space_0202.png,PNG,planned,varies,world tile
MM-03501,Art/Worlds/Space,tile_space_0203.png,PNG,planned,varies,world tile
MM-03502,Art/Worlds/Space,tile_space_0204.png,PNG,planned,varies,world tile
MM-03503,Art/Worlds/Space,tile_space_0205.png,PNG,planned,varies,world tile
MM-03504,Art/Worlds/Space,tile_space_0206.png,PNG,planned,varies,world tile
MM-03505,Art/Worlds/Space,tile_space_0207.png,PNG,planned,varies,world tile
MM-03506,Art/Worlds/Space,tile_space_0208.png,PNG,planned,varies,world tile
MM-03507,Art/Worlds/Space,tile_space_0209.png,PNG,planned,varies,world tile
MM-03508,Art/Worlds/Space,tile_space_0210.png,PNG,planned,varies,world tile
MM-03509,Art/Worlds/Space,tile_space_0211.png,PNG,planned,varies,world tile
MM-03510,Art/Worlds/Space,tile_space_0212.png,PNG,planned,varies,world tile
MM-03511,Art/Worlds/Space,tile_space_0213.png,PNG,planned,varies,world tile
MM-03512,Art/Worlds/Space,tile_space_0214.png,PNG,planned,varies,world tile
MM-03513,Art/Worlds/Space,tile_space_0215.png,PNG,planned,varies,world tile
MM-03514,Art/Worlds/Space,tile_space_0216.png,PNG,planned,varies,world tile
MM-03515,Art/Worlds/Space,tile_space_0217.png,PNG,planned,varies,world tile
MM-03516,Art/Worlds/Space,tile_space_0218.png,PNG,planned,varies,world tile
MM-03517,Art/Worlds/Space,tile_space_0219.png,PNG,planned,varies,world tile
MM-03518,Art/Worlds/Space,tile_space_0220.png,PNG,planned,varies,world tile
MM-03519,Art/Worlds/Space,tile_space_0221.png,PNG,planned,varies,world tile
MM-03520,Art/Worlds/Space,tile_space_0222.png,PNG,planned,varies,world tile
MM-03521,Art/Worlds/Space,tile_space_0223.png,PNG,planned,varies,world tile
MM-03522,Art/Worlds/Space,tile_space_0224.png,PNG,planned,varies,world tile
MM-03523,Art/Worlds/Space,tile_space_0225.png,PNG,planned,varies,world tile
MM-03524,Art/Worlds/Space,tile_space_0226.png,PNG,planned,varies,world tile
MM-03525,Art/Worlds/Space,tile_space_0227.png,PNG,planned,varies,world tile
MM-03526,Art/Worlds/Space,tile_space_0228.png,PNG,planned,varies,world tile
MM-03527,Art/Worlds/Space,tile_space_0229.png,PNG,planned,varies,world tile
MM-03528,Art/Worlds/Space,tile_space_0230.png,PNG,planned,varies,world tile
MM-03529,Art/Worlds/Space,tile_space_0231.png,PNG,planned,varies,world tile
MM-03530,Art/Worlds/Space,tile_space_0232.png,PNG,planned,varies,world tile
MM-03531,Art/Worlds/Space,tile_space_0233.png,PNG,planned,varies,world tile
MM-03532,Art/Worlds/Space,tile_space_0234.png,PNG,planned,varies,world tile
MM-03533,Art/Worlds/Space,tile_space_0235.png,PNG,planned,varies,world tile
MM-03534,Art/Worlds/Space,tile_space_0236.png,PNG,planned,varies,world tile
MM-03535,Art/Worlds/Space,tile_space_0237.png,PNG,planned,varies,world tile
MM-03536,Art/Worlds/Space,tile_space_0238.png,PNG,planned,varies,world tile
MM-03537,Art/Worlds/Space,tile_space_0239.png,PNG,planned,varies,world tile
MM-03538,Art/Worlds/Space,tile_space_0240.png,PNG,planned,varies,world tile
MM-03539,Art/Worlds/Space,tile_space_0241.png,PNG,planned,varies,world tile
MM-03540,Art/Worlds/Space,tile_space_0242.png,PNG,planned,varies,world tile
MM-03541,Art/Worlds/Space,tile_space_0243.png,PNG,planned,varies,world tile
MM-03542,Art/Worlds/Space,tile_space_0244.png,PNG,planned,varies,world tile
MM-03543,Art/Worlds/Space,tile_space_0245.png,PNG,planned,varies,world tile
MM-03544,Art/Worlds/Space,tile_space_0246.png,PNG,planned,varies,world tile
MM-03545,Art/Worlds/Space,tile_space_0247.png,PNG,planned,varies,world tile
MM-03546,Art/Worlds/Space,tile_space_0248.png,PNG,planned,varies,world tile
MM-03547,Art/Worlds/Space,tile_space_0249.png,PNG,planned,varies,world tile
MM-03548,Art/Worlds/Space,tile_space_0250.png,PNG,planned,varies,world tile
MM-03549,Art/Worlds/Space,tile_space_0251.png,PNG,planned,varies,world tile
MM-03550,Art/Worlds/Space,tile_space_0252.png,PNG,planned,varies,world tile
MM-03551,Art/Worlds/Space,tile_space_0253.png,PNG,planned,varies,world tile
MM-03552,Art/Worlds/Space,tile_space_0254.png,PNG,planned,varies,world tile
MM-03553,Art/Worlds/Space,tile_space_0255.png,PNG,planned,varies,world tile
MM-03554,Art/Worlds/Space,tile_space_0256.png,PNG,planned,varies,world tile
MM-03555,Art/Worlds/Space,tile_space_0257.png,PNG,planned,varies,world tile
MM-03556,Art/Worlds/Space,tile_space_0258.png,PNG,planned,varies,world tile
MM-03557,Art/Worlds/Space,tile_space_0259.png,PNG,planned,varies,world tile
MM-03558,Art/Worlds/Space,tile_space_0260.png,PNG,planned,varies,world tile
MM-03559,Art/Worlds/Space,tile_space_0261.png,PNG,planned,varies,world tile
MM-03560,Art/Worlds/Space,tile_space_0262.png,PNG,planned,varies,world tile
MM-03561,Art/Worlds/Space,tile_space_0263.png,PNG,planned,varies,world tile
MM-03562,Art/Worlds/Space,tile_space_0264.png,PNG,planned,varies,world tile
MM-03563,Art/Worlds/Space,tile_space_0265.png,PNG,planned,varies,world tile
MM-03564,Art/Worlds/Space,tile_space_0266.png,PNG,planned,varies,world tile
MM-03565,Art/Worlds/Space,tile_space_0267.png,PNG,planned,varies,world tile
MM-03566,Art/Worlds/Space,tile_space_0268.png,PNG,planned,varies,world tile
MM-03567,Art/Worlds/Space,tile_space_0269.png,PNG,planned,varies,world tile
MM-03568,Art/Worlds/Space,tile_space_0270.png,PNG,planned,varies,world tile
MM-03569,Art/Worlds/Space,tile_space_0271.png,PNG,planned,varies,world tile
MM-03570,Art/Worlds/Space,tile_space_0272.png,PNG,planned,varies,world tile
MM-03571,Art/Worlds/Space,tile_space_0273.png,PNG,planned,varies,world tile
MM-03572,Art/Worlds/Space,tile_space_0274.png,PNG,planned,varies,world tile
MM-03573,Art/Worlds/Space,tile_space_0275.png,PNG,planned,varies,world tile
MM-03574,Art/Worlds/Space,tile_space_0276.png,PNG,planned,varies,world tile
MM-03575,Art/Worlds/Space,tile_space_0277.png,PNG,planned,varies,world tile
MM-03576,Art/Worlds/Space,tile_space_0278.png,PNG,planned,varies,world tile
MM-03577,Art/Worlds/Space,tile_space_0279.png,PNG,planned,varies,world tile
MM-03578,Art/Worlds/Space,tile_space_0280.png,PNG,planned,varies,world tile
MM-03579,Art/Worlds/Space,tile_space_0281.png,PNG,planned,varies,world tile
MM-03580,Art/Worlds/Space,tile_space_0282.png,PNG,planned,varies,world tile
MM-03581,Art/Worlds/Space,tile_space_0283.png,PNG,planned,varies,world tile
MM-03582,Art/Worlds/Space,tile_space_0284.png,PNG,planned,varies,world tile
MM-03583,Art/Worlds/Space,tile_space_0285.png,PNG,planned,varies,world tile
MM-03584,Art/Worlds/Space,tile_space_0286.png,PNG,planned,varies,world tile
MM-03585,Art/Worlds/Space,tile_space_0287.png,PNG,planned,varies,world tile
MM-03586,Art/Worlds/Space,tile_space_0288.png,PNG,planned,varies,world tile
MM-03587,Art/Worlds/Space,tile_space_0289.png,PNG,planned,varies,world tile
MM-03588,Art/Worlds/Space,tile_space_0290.png,PNG,planned,varies,world tile
MM-03589,Art/Worlds/Space,tile_space_0291.png,PNG,planned,varies,world tile
MM-03590,Art/Worlds/Space,tile_space_0292.png,PNG,planned,varies,world tile
MM-03591,Art/Worlds/Space,tile_space_0293.png,PNG,planned,varies,world tile
MM-03592,Art/Worlds/Space,tile_space_0294.png,PNG,planned,varies,world tile
MM-03593,Art/Worlds/Space,tile_space_0295.png,PNG,planned,varies,world tile
MM-03594,Art/Worlds/Space,tile_space_0296.png,PNG,planned,varies,world tile
MM-03595,Art/Worlds/Space,tile_space_0297.png,PNG,planned,varies,world tile
MM-03596,Art/Worlds/Space,tile_space_0298.png,PNG,planned,varies,world tile
MM-03597,Art/Worlds/Space,tile_space_0299.png,PNG,planned,varies,world tile
MM-03598,Art/Worlds/Space,tile_space_0300.png,PNG,planned,varies,world tile
MM-03599,Art/Resources,resource_0001.png,PNG,planned,varies,resource sprite
MM-03600,Art/Resources,resource_0002.png,PNG,planned,varies,resource sprite
MM-03601,Art/Resources,resource_0003.png,PNG,planned,varies,resource sprite
MM-03602,Art/Resources,resource_0004.png,PNG,planned,varies,resource sprite
MM-03603,Art/Resources,resource_0005.png,PNG,planned,varies,resource sprite
MM-03604,Art/Resources,resource_0006.png,PNG,planned,varies,resource sprite
MM-03605,Art/Resources,resource_0007.png,PNG,planned,varies,resource sprite
MM-03606,Art/Resources,resource_0008.png,PNG,planned,varies,resource sprite
MM-03607,Art/Resources,resource_0009.png,PNG,planned,varies,resource sprite
MM-03608,Art/Resources,resource_0010.png,PNG,planned,varies,resource sprite
MM-03609,Art/Resources,resource_0011.png,PNG,planned,varies,resource sprite
MM-03610,Art/Resources,resource_0012.png,PNG,planned,varies,resource sprite
MM-03611,Art/Resources,resource_0013.png,PNG,planned,varies,resource sprite
MM-03612,Art/Resources,resource_0014.png,PNG,planned,varies,resource sprite
MM-03613,Art/Resources,resource_0015.png,PNG,planned,varies,resource sprite
MM-03614,Art/Resources,resource_0016.png,PNG,planned,varies,resource sprite
MM-03615,Art/Resources,resource_0017.png,PNG,planned,varies,resource sprite
MM-03616,Art/Resources,resource_0018.png,PNG,planned,varies,resource sprite
MM-03617,Art/Resources,resource_0019.png,PNG,planned,varies,resource sprite
MM-03618,Art/Resources,resource_0020.png,PNG,planned,varies,resource sprite
MM-03619,Art/Resources,resource_0021.png,PNG,planned,varies,resource sprite
MM-03620,Art/Resources,resource_0022.png,PNG,planned,varies,resource sprite
MM-03621,Art/Resources,resource_0023.png,PNG,planned,varies,resource sprite
MM-03622,Art/Resources,resource_0024.png,PNG,planned,varies,resource sprite
MM-03623,Art/Resources,resource_0025.png,PNG,planned,varies,resource sprite
MM-03624,Art/Resources,resource_0026.png,PNG,planned,varies,resource sprite
MM-03625,Art/Resources,resource_0027.png,PNG,planned,varies,resource sprite
MM-03626,Art/Resources,resource_0028.png,PNG,planned,varies,resource sprite
MM-03627,Art/Resources,resource_0029.png,PNG,planned,varies,resource sprite
MM-03628,Art/Resources,resource_0030.png,PNG,planned,varies,resource sprite
MM-03629,Art/Resources,resource_0031.png,PNG,planned,varies,resource sprite
MM-03630,Art/Resources,resource_0032.png,PNG,planned,varies,resource sprite
MM-03631,Art/Resources,resource_0033.png,PNG,planned,varies,resource sprite
MM-03632,Art/Resources,resource_0034.png,PNG,planned,varies,resource sprite
MM-03633,Art/Resources,resource_0035.png,PNG,planned,varies,resource sprite
MM-03634,Art/Resources,resource_0036.png,PNG,planned,varies,resource sprite
MM-03635,Art/Resources,resource_0037.png,PNG,planned,varies,resource sprite
MM-03636,Art/Resources,resource_0038.png,PNG,planned,varies,resource sprite
MM-03637,Art/Resources,resource_0039.png,PNG,planned,varies,resource sprite
MM-03638,Art/Resources,resource_0040.png,PNG,planned,varies,resource sprite
MM-03639,Art/Resources,resource_0041.png,PNG,planned,varies,resource sprite
MM-03640,Art/Resources,resource_0042.png,PNG,planned,varies,resource sprite
MM-03641,Art/Resources,resource_0043.png,PNG,planned,varies,resource sprite
MM-03642,Art/Resources,resource_0044.png,PNG,planned,varies,resource sprite
MM-03643,Art/Resources,resource_0045.png,PNG,planned,varies,resource sprite
MM-03644,Art/Resources,resource_0046.png,PNG,planned,varies,resource sprite
MM-03645,Art/Resources,resource_0047.png,PNG,planned,varies,resource sprite
MM-03646,Art/Resources,resource_0048.png,PNG,planned,varies,resource sprite
MM-03647,Art/Resources,resource_0049.png,PNG,planned,varies,resource sprite
MM-03648,Art/Resources,resource_0050.png,PNG,planned,varies,resource sprite
MM-03649,Art/Resources,resource_0051.png,PNG,planned,varies,resource sprite
MM-03650,Art/Resources,resource_0052.png,PNG,planned,varies,resource sprite
MM-03651,Art/Resources,resource_0053.png,PNG,planned,varies,resource sprite
MM-03652,Art/Resources,resource_0054.png,PNG,planned,varies,resource sprite
MM-03653,Art/Resources,resource_0055.png,PNG,planned,varies,resource sprite
MM-03654,Art/Resources,resource_0056.png,PNG,planned,varies,resource sprite
MM-03655,Art/Resources,resource_0057.png,PNG,planned,varies,resource sprite
MM-03656,Art/Resources,resource_0058.png,PNG,planned,varies,resource sprite
MM-03657,Art/Resources,resource_0059.png,PNG,planned,varies,resource sprite
MM-03658,Art/Resources,resource_0060.png,PNG,planned,varies,resource sprite
MM-03659,Art/Resources,resource_0061.png,PNG,planned,varies,resource sprite
MM-03660,Art/Resources,resource_0062.png,PNG,planned,varies,resource sprite
MM-03661,Art/Resources,resource_0063.png,PNG,planned,varies,resource sprite
MM-03662,Art/Resources,resource_0064.png,PNG,planned,varies,resource sprite
MM-03663,Art/Resources,resource_0065.png,PNG,planned,varies,resource sprite
MM-03664,Art/Resources,resource_0066.png,PNG,planned,varies,resource sprite
MM-03665,Art/Resources,resource_0067.png,PNG,planned,varies,resource sprite
MM-03666,Art/Resources,resource_0068.png,PNG,planned,varies,resource sprite
MM-03667,Art/Resources,resource_0069.png,PNG,planned,varies,resource sprite
MM-03668,Art/Resources,resource_0070.png,PNG,planned,varies,resource sprite
MM-03669,Art/Resources,resource_0071.png,PNG,planned,varies,resource sprite
MM-03670,Art/Resources,resource_0072.png,PNG,planned,varies,resource sprite
MM-03671,Art/Resources,resource_0073.png,PNG,planned,varies,resource sprite
MM-03672,Art/Resources,resource_0074.png,PNG,planned,varies,resource sprite
MM-03673,Art/Resources,resource_0075.png,PNG,planned,varies,resource sprite
MM-03674,Art/Resources,resource_0076.png,PNG,planned,varies,resource sprite
MM-03675,Art/Resources,resource_0077.png,PNG,planned,varies,resource sprite
MM-03676,Art/Resources,resource_0078.png,PNG,planned,varies,resource sprite
MM-03677,Art/Resources,resource_0079.png,PNG,planned,varies,resource sprite
MM-03678,Art/Resources,resource_0080.png,PNG,planned,varies,resource sprite
MM-03679,Art/Resources,resource_0081.png,PNG,planned,varies,resource sprite
MM-03680,Art/Resources,resource_0082.png,PNG,planned,varies,resource sprite
MM-03681,Art/Resources,resource_0083.png,PNG,planned,varies,resource sprite
MM-03682,Art/Resources,resource_0084.png,PNG,planned,varies,resource sprite
MM-03683,Art/Resources,resource_0085.png,PNG,planned,varies,resource sprite
MM-03684,Art/Resources,resource_0086.png,PNG,planned,varies,resource sprite
MM-03685,Art/Resources,resource_0087.png,PNG,planned,varies,resource sprite
MM-03686,Art/Resources,resource_0088.png,PNG,planned,varies,resource sprite
MM-03687,Art/Resources,resource_0089.png,PNG,planned,varies,resource sprite
MM-03688,Art/Resources,resource_0090.png,PNG,planned,varies,resource sprite
MM-03689,Art/Resources,resource_0091.png,PNG,planned,varies,resource sprite
MM-03690,Art/Resources,resource_0092.png,PNG,planned,varies,resource sprite
MM-03691,Art/Resources,resource_0093.png,PNG,planned,varies,resource sprite
MM-03692,Art/Resources,resource_0094.png,PNG,planned,varies,resource sprite
MM-03693,Art/Resources,resource_0095.png,PNG,planned,varies,resource sprite
MM-03694,Art/Resources,resource_0096.png,PNG,planned,varies,resource sprite
MM-03695,Art/Resources,resource_0097.png,PNG,planned,varies,resource sprite
MM-03696,Art/Resources,resource_0098.png,PNG,planned,varies,resource sprite
MM-03697,Art/Resources,resource_0099.png,PNG,planned,varies,resource sprite
MM-03698,Art/Resources,resource_0100.png,PNG,planned,varies,resource sprite
MM-03699,Art/Resources,resource_0101.png,PNG,planned,varies,resource sprite
MM-03700,Art/Resources,resource_0102.png,PNG,planned,varies,resource sprite
MM-03701,Art/Resources,resource_0103.png,PNG,planned,varies,resource sprite
MM-03702,Art/Resources,resource_0104.png,PNG,planned,varies,resource sprite
MM-03703,Art/Resources,resource_0105.png,PNG,planned,varies,resource sprite
MM-03704,Art/Resources,resource_0106.png,PNG,planned,varies,resource sprite
MM-03705,Art/Resources,resource_0107.png,PNG,planned,varies,resource sprite
MM-03706,Art/Resources,resource_0108.png,PNG,planned,varies,resource sprite
MM-03707,Art/Resources,resource_0109.png,PNG,planned,varies,resource sprite
MM-03708,Art/Resources,resource_0110.png,PNG,planned,varies,resource sprite
MM-03709,Art/Resources,resource_0111.png,PNG,planned,varies,resource sprite
MM-03710,Art/Resources,resource_0112.png,PNG,planned,varies,resource sprite
MM-03711,Art/Resources,resource_0113.png,PNG,planned,varies,resource sprite
MM-03712,Art/Resources,resource_0114.png,PNG,planned,varies,resource sprite
MM-03713,Art/Resources,resource_0115.png,PNG,planned,varies,resource sprite
MM-03714,Art/Resources,resource_0116.png,PNG,planned,varies,resource sprite
MM-03715,Art/Resources,resource_0117.png,PNG,planned,varies,resource sprite
MM-03716,Art/Resources,resource_0118.png,PNG,planned,varies,resource sprite
MM-03717,Art/Resources,resource_0119.png,PNG,planned,varies,resource sprite
MM-03718,Art/Resources,resource_0120.png,PNG,planned,varies,resource sprite
MM-03719,Art/Resources,resource_0121.png,PNG,planned,varies,resource sprite
MM-03720,Art/Resources,resource_0122.png,PNG,planned,varies,resource sprite
MM-03721,Art/Resources,resource_0123.png,PNG,planned,varies,resource sprite
MM-03722,Art/Resources,resource_0124.png,PNG,planned,varies,resource sprite
MM-03723,Art/Resources,resource_0125.png,PNG,planned,varies,resource sprite
MM-03724,Art/Resources,resource_0126.png,PNG,planned,varies,resource sprite
MM-03725,Art/Resources,resource_0127.png,PNG,planned,varies,resource sprite
MM-03726,Art/Resources,resource_0128.png,PNG,planned,varies,resource sprite
MM-03727,Art/Resources,resource_0129.png,PNG,planned,varies,resource sprite
MM-03728,Art/Resources,resource_0130.png,PNG,planned,varies,resource sprite
MM-03729,Art/Resources,resource_0131.png,PNG,planned,varies,resource sprite
MM-03730,Art/Resources,resource_0132.png,PNG,planned,varies,resource sprite
MM-03731,Art/Resources,resource_0133.png,PNG,planned,varies,resource sprite
MM-03732,Art/Resources,resource_0134.png,PNG,planned,varies,resource sprite
MM-03733,Art/Resources,resource_0135.png,PNG,planned,varies,resource sprite
MM-03734,Art/Resources,resource_0136.png,PNG,planned,varies,resource sprite
MM-03735,Art/Resources,resource_0137.png,PNG,planned,varies,resource sprite
MM-03736,Art/Resources,resource_0138.png,PNG,planned,varies,resource sprite
MM-03737,Art/Resources,resource_0139.png,PNG,planned,varies,resource sprite
MM-03738,Art/Resources,resource_0140.png,PNG,planned,varies,resource sprite
MM-03739,Art/Resources,resource_0141.png,PNG,planned,varies,resource sprite
MM-03740,Art/Resources,resource_0142.png,PNG,planned,varies,resource sprite
MM-03741,Art/Resources,resource_0143.png,PNG,planned,varies,resource sprite
MM-03742,Art/Resources,resource_0144.png,PNG,planned,varies,resource sprite
MM-03743,Art/Resources,resource_0145.png,PNG,planned,varies,resource sprite
MM-03744,Art/Resources,resource_0146.png,PNG,planned,varies,resource sprite
MM-03745,Art/Resources,resource_0147.png,PNG,planned,varies,resource sprite
MM-03746,Art/Resources,resource_0148.png,PNG,planned,varies,resource sprite
MM-03747,Art/Resources,resource_0149.png,PNG,planned,varies,resource sprite
MM-03748,Art/Resources,resource_0150.png,PNG,planned,varies,resource sprite
MM-03749,Art/Resources,resource_0151.png,PNG,planned,varies,resource sprite
MM-03750,Art/Resources,resource_0152.png,PNG,planned,varies,resource sprite
MM-03751,Art/Resources,resource_0153.png,PNG,planned,varies,resource sprite
MM-03752,Art/Resources,resource_0154.png,PNG,planned,varies,resource sprite
MM-03753,Art/Resources,resource_0155.png,PNG,planned,varies,resource sprite
MM-03754,Art/Resources,resource_0156.png,PNG,planned,varies,resource sprite
MM-03755,Art/Resources,resource_0157.png,PNG,planned,varies,resource sprite
MM-03756,Art/Resources,resource_0158.png,PNG,planned,varies,resource sprite
MM-03757,Art/Resources,resource_0159.png,PNG,planned,varies,resource sprite
MM-03758,Art/Resources,resource_0160.png,PNG,planned,varies,resource sprite
MM-03759,Art/Resources,resource_0161.png,PNG,planned,varies,resource sprite
MM-03760,Art/Resources,resource_0162.png,PNG,planned,varies,resource sprite
MM-03761,Art/Resources,resource_0163.png,PNG,planned,varies,resource sprite
MM-03762,Art/Resources,resource_0164.png,PNG,planned,varies,resource sprite
MM-03763,Art/Resources,resource_0165.png,PNG,planned,varies,resource sprite
MM-03764,Art/Resources,resource_0166.png,PNG,planned,varies,resource sprite
MM-03765,Art/Resources,resource_0167.png,PNG,planned,varies,resource sprite
MM-03766,Art/Resources,resource_0168.png,PNG,planned,varies,resource sprite
MM-03767,Art/Resources,resource_0169.png,PNG,planned,varies,resource sprite
MM-03768,Art/Resources,resource_0170.png,PNG,planned,varies,resource sprite
MM-03769,Art/Resources,resource_0171.png,PNG,planned,varies,resource sprite
MM-03770,Art/Resources,resource_0172.png,PNG,planned,varies,resource sprite
MM-03771,Art/Resources,resource_0173.png,PNG,planned,varies,resource sprite
MM-03772,Art/Resources,resource_0174.png,PNG,planned,varies,resource sprite
MM-03773,Art/Resources,resource_0175.png,PNG,planned,varies,resource sprite
MM-03774,Art/Resources,resource_0176.png,PNG,planned,varies,resource sprite
MM-03775,Art/Resources,resource_0177.png,PNG,planned,varies,resource sprite
MM-03776,Art/Resources,resource_0178.png,PNG,planned,varies,resource sprite
MM-03777,Art/Resources,resource_0179.png,PNG,planned,varies,resource sprite
MM-03778,Art/Resources,resource_0180.png,PNG,planned,varies,resource sprite
MM-03779,Art/Resources,resource_0181.png,PNG,planned,varies,resource sprite
MM-03780,Art/Resources,resource_0182.png,PNG,planned,varies,resource sprite
MM-03781,Art/Resources,resource_0183.png,PNG,planned,varies,resource sprite
MM-03782,Art/Resources,resource_0184.png,PNG,planned,varies,resource sprite
MM-03783,Art/Resources,resource_0185.png,PNG,planned,varies,resource sprite
MM-03784,Art/Resources,resource_0186.png,PNG,planned,varies,resource sprite
MM-03785,Art/Resources,resource_0187.png,PNG,planned,varies,resource sprite
MM-03786,Art/Resources,resource_0188.png,PNG,planned,varies,resource sprite
MM-03787,Art/Resources,resource_0189.png,PNG,planned,varies,resource sprite
MM-03788,Art/Resources,resource_0190.png,PNG,planned,varies,resource sprite
MM-03789,Art/Resources,resource_0191.png,PNG,planned,varies,resource sprite
MM-03790,Art/Resources,resource_0192.png,PNG,planned,varies,resource sprite
MM-03791,Art/Resources,resource_0193.png,PNG,planned,varies,resource sprite
MM-03792,Art/Resources,resource_0194.png,PNG,planned,varies,resource sprite
MM-03793,Art/Resources,resource_0195.png,PNG,planned,varies,resource sprite
MM-03794,Art/Resources,resource_0196.png,PNG,planned,varies,resource sprite
MM-03795,Art/Resources,resource_0197.png,PNG,planned,varies,resource sprite
MM-03796,Art/Resources,resource_0198.png,PNG,planned,varies,resource sprite
MM-03797,Art/Resources,resource_0199.png,PNG,planned,varies,resource sprite
MM-03798,Art/Resources,resource_0200.png,PNG,planned,varies,resource sprite
MM-03799,Art/Resources,resource_0201.png,PNG,planned,varies,resource sprite
MM-03800,Art/Resources,resource_0202.png,PNG,planned,varies,resource sprite
MM-03801,Art/Resources,resource_0203.png,PNG,planned,varies,resource sprite
MM-03802,Art/Resources,resource_0204.png,PNG,planned,varies,resource sprite
MM-03803,Art/Resources,resource_0205.png,PNG,planned,varies,resource sprite
MM-03804,Art/Resources,resource_0206.png,PNG,planned,varies,resource sprite
MM-03805,Art/Resources,resource_0207.png,PNG,planned,varies,resource sprite
MM-03806,Art/Resources,resource_0208.png,PNG,planned,varies,resource sprite
MM-03807,Art/Resources,resource_0209.png,PNG,planned,varies,resource sprite
MM-03808,Art/Resources,resource_0210.png,PNG,planned,varies,resource sprite
MM-03809,Art/Resources,resource_0211.png,PNG,planned,varies,resource sprite
MM-03810,Art/Resources,resource_0212.png,PNG,planned,varies,resource sprite
MM-03811,Art/Resources,resource_0213.png,PNG,planned,varies,resource sprite
MM-03812,Art/Resources,resource_0214.png,PNG,planned,varies,resource sprite
MM-03813,Art/Resources,resource_0215.png,PNG,planned,varies,resource sprite
MM-03814,Art/Resources,resource_0216.png,PNG,planned,varies,resource sprite
MM-03815,Art/Resources,resource_0217.png,PNG,planned,varies,resource sprite
MM-03816,Art/Resources,resource_0218.png,PNG,planned,varies,resource sprite
MM-03817,Art/Resources,resource_0219.png,PNG,planned,varies,resource sprite
MM-03818,Art/Resources,resource_0220.png,PNG,planned,varies,resource sprite
MM-03819,Art/Resources,resource_0221.png,PNG,planned,varies,resource sprite
MM-03820,Art/Resources,resource_0222.png,PNG,planned,varies,resource sprite
MM-03821,Art/Resources,resource_0223.png,PNG,planned,varies,resource sprite
MM-03822,Art/Resources,resource_0224.png,PNG,planned,varies,resource sprite
MM-03823,Art/Resources,resource_0225.png,PNG,planned,varies,resource sprite
MM-03824,Art/Resources,resource_0226.png,PNG,planned,varies,resource sprite
MM-03825,Art/Resources,resource_0227.png,PNG,planned,varies,resource sprite
MM-03826,Art/Resources,resource_0228.png,PNG,planned,varies,resource sprite
MM-03827,Art/Resources,resource_0229.png,PNG,planned,varies,resource sprite
MM-03828,Art/Resources,resource_0230.png,PNG,planned,varies,resource sprite
MM-03829,Art/Resources,resource_0231.png,PNG,planned,varies,resource sprite
MM-03830,Art/Resources,resource_0232.png,PNG,planned,varies,resource sprite
MM-03831,Art/Resources,resource_0233.png,PNG,planned,varies,resource sprite
MM-03832,Art/Resources,resource_0234.png,PNG,planned,varies,resource sprite
MM-03833,Art/Resources,resource_0235.png,PNG,planned,varies,resource sprite
MM-03834,Art/Resources,resource_0236.png,PNG,planned,varies,resource sprite
MM-03835,Art/Resources,resource_0237.png,PNG,planned,varies,resource sprite
MM-03836,Art/Resources,resource_0238.png,PNG,planned,varies,resource sprite
MM-03837,Art/Resources,resource_0239.png,PNG,planned,varies,resource sprite
MM-03838,Art/Resources,resource_0240.png,PNG,planned,varies,resource sprite
MM-03839,Art/Resources,resource_0241.png,PNG,planned,varies,resource sprite
MM-03840,Art/Resources,resource_0242.png,PNG,planned,varies,resource sprite
MM-03841,Art/Resources,resource_0243.png,PNG,planned,varies,resource sprite
MM-03842,Art/Resources,resource_0244.png,PNG,planned,varies,resource sprite
MM-03843,Art/Resources,resource_0245.png,PNG,planned,varies,resource sprite
MM-03844,Art/Resources,resource_0246.png,PNG,planned,varies,resource sprite
MM-03845,Art/Resources,resource_0247.png,PNG,planned,varies,resource sprite
MM-03846,Art/Resources,resource_0248.png,PNG,planned,varies,resource sprite
MM-03847,Art/Resources,resource_0249.png,PNG,planned,varies,resource sprite
MM-03848,Art/Resources,resource_0250.png,PNG,planned,varies,resource sprite
MM-03849,Art/Resources,resource_0251.png,PNG,planned,varies,resource sprite
MM-03850,Art/Resources,resource_0252.png,PNG,planned,varies,resource sprite
MM-03851,Art/Resources,resource_0253.png,PNG,planned,varies,resource sprite
MM-03852,Art/Resources,resource_0254.png,PNG,planned,varies,resource sprite
MM-03853,Art/Resources,resource_0255.png,PNG,planned,varies,resource sprite
MM-03854,Art/Resources,resource_0256.png,PNG,planned,varies,resource sprite
MM-03855,Art/Resources,resource_0257.png,PNG,planned,varies,resource sprite
MM-03856,Art/Resources,resource_0258.png,PNG,planned,varies,resource sprite
MM-03857,Art/Resources,resource_0259.png,PNG,planned,varies,resource sprite
MM-03858,Art/Resources,resource_0260.png,PNG,planned,varies,resource sprite
MM-03859,Art/Resources,resource_0261.png,PNG,planned,varies,resource sprite
MM-03860,Art/Resources,resource_0262.png,PNG,planned,varies,resource sprite
MM-03861,Art/Resources,resource_0263.png,PNG,planned,varies,resource sprite
MM-03862,Art/Resources,resource_0264.png,PNG,planned,varies,resource sprite
MM-03863,Art/Resources,resource_0265.png,PNG,planned,varies,resource sprite
MM-03864,Art/Resources,resource_0266.png,PNG,planned,varies,resource sprite
MM-03865,Art/Resources,resource_0267.png,PNG,planned,varies,resource sprite
MM-03866,Art/Resources,resource_0268.png,PNG,planned,varies,resource sprite
MM-03867,Art/Resources,resource_0269.png,PNG,planned,varies,resource sprite
MM-03868,Art/Resources,resource_0270.png,PNG,planned,varies,resource sprite
MM-03869,Art/Resources,resource_0271.png,PNG,planned,varies,resource sprite
MM-03870,Art/Resources,resource_0272.png,PNG,planned,varies,resource sprite
MM-03871,Art/Resources,resource_0273.png,PNG,planned,varies,resource sprite
MM-03872,Art/Resources,resource_0274.png,PNG,planned,varies,resource sprite
MM-03873,Art/Resources,resource_0275.png,PNG,planned,varies,resource sprite
MM-03874,Art/Resources,resource_0276.png,PNG,planned,varies,resource sprite
MM-03875,Art/Resources,resource_0277.png,PNG,planned,varies,resource sprite
MM-03876,Art/Resources,resource_0278.png,PNG,planned,varies,resource sprite
MM-03877,Art/Resources,resource_0279.png,PNG,planned,varies,resource sprite
MM-03878,Art/Resources,resource_0280.png,PNG,planned,varies,resource sprite
MM-03879,Art/Resources,resource_0281.png,PNG,planned,varies,resource sprite
MM-03880,Art/Resources,resource_0282.png,PNG,planned,varies,resource sprite
MM-03881,Art/Resources,resource_0283.png,PNG,planned,varies,resource sprite
MM-03882,Art/Resources,resource_0284.png,PNG,planned,varies,resource sprite
MM-03883,Art/Resources,resource_0285.png,PNG,planned,varies,resource sprite
MM-03884,Art/Resources,resource_0286.png,PNG,planned,varies,resource sprite
MM-03885,Art/Resources,resource_0287.png,PNG,planned,varies,resource sprite
MM-03886,Art/Resources,resource_0288.png,PNG,planned,varies,resource sprite
MM-03887,Art/Resources,resource_0289.png,PNG,planned,varies,resource sprite
MM-03888,Art/Resources,resource_0290.png,PNG,planned,varies,resource sprite
MM-03889,Art/Resources,resource_0291.png,PNG,planned,varies,resource sprite
MM-03890,Art/Resources,resource_0292.png,PNG,planned,varies,resource sprite
MM-03891,Art/Resources,resource_0293.png,PNG,planned,varies,resource sprite
MM-03892,Art/Resources,resource_0294.png,PNG,planned,varies,resource sprite
MM-03893,Art/Resources,resource_0295.png,PNG,planned,varies,resource sprite
MM-03894,Art/Resources,resource_0296.png,PNG,planned,varies,resource sprite
MM-03895,Art/Resources,resource_0297.png,PNG,planned,varies,resource sprite
MM-03896,Art/Resources,resource_0298.png,PNG,planned,varies,resource sprite
MM-03897,Art/Resources,resource_0299.png,PNG,planned,varies,resource sprite
MM-03898,Art/Resources,resource_0300.png,PNG,planned,varies,resource sprite
MM-03899,Art/Resources,resource_0301.png,PNG,planned,varies,resource sprite
MM-03900,Art/Resources,resource_0302.png,PNG,planned,varies,resource sprite
MM-03901,Art/Resources,resource_0303.png,PNG,planned,varies,resource sprite
MM-03902,Art/Resources,resource_0304.png,PNG,planned,varies,resource sprite
MM-03903,Art/Resources,resource_0305.png,PNG,planned,varies,resource sprite
MM-03904,Art/Resources,resource_0306.png,PNG,planned,varies,resource sprite
MM-03905,Art/Resources,resource_0307.png,PNG,planned,varies,resource sprite
MM-03906,Art/Resources,resource_0308.png,PNG,planned,varies,resource sprite
MM-03907,Art/Resources,resource_0309.png,PNG,planned,varies,resource sprite
MM-03908,Art/Resources,resource_0310.png,PNG,planned,varies,resource sprite
MM-03909,Art/Resources,resource_0311.png,PNG,planned,varies,resource sprite
MM-03910,Art/Resources,resource_0312.png,PNG,planned,varies,resource sprite
MM-03911,Art/Resources,resource_0313.png,PNG,planned,varies,resource sprite
MM-03912,Art/Resources,resource_0314.png,PNG,planned,varies,resource sprite
MM-03913,Art/Resources,resource_0315.png,PNG,planned,varies,resource sprite
MM-03914,Art/Resources,resource_0316.png,PNG,planned,varies,resource sprite
MM-03915,Art/Resources,resource_0317.png,PNG,planned,varies,resource sprite
MM-03916,Art/Resources,resource_0318.png,PNG,planned,varies,resource sprite
MM-03917,Art/Resources,resource_0319.png,PNG,planned,varies,resource sprite
MM-03918,Art/Resources,resource_0320.png,PNG,planned,varies,resource sprite
MM-03919,Art/Resources,resource_0321.png,PNG,planned,varies,resource sprite
MM-03920,Art/Resources,resource_0322.png,PNG,planned,varies,resource sprite
MM-03921,Art/Resources,resource_0323.png,PNG,planned,varies,resource sprite
MM-03922,Art/Resources,resource_0324.png,PNG,planned,varies,resource sprite
MM-03923,Art/Resources,resource_0325.png,PNG,planned,varies,resource sprite
MM-03924,Art/Resources,resource_0326.png,PNG,planned,varies,resource sprite
MM-03925,Art/Resources,resource_0327.png,PNG,planned,varies,resource sprite
MM-03926,Art/Resources,resource_0328.png,PNG,planned,varies,resource sprite
MM-03927,Art/Resources,resource_0329.png,PNG,planned,varies,resource sprite
MM-03928,Art/Resources,resource_0330.png,PNG,planned,varies,resource sprite
MM-03929,Art/Resources,resource_0331.png,PNG,planned,varies,resource sprite
MM-03930,Art/Resources,resource_0332.png,PNG,planned,varies,resource sprite
MM-03931,Art/Resources,resource_0333.png,PNG,planned,varies,resource sprite
MM-03932,Art/Resources,resource_0334.png,PNG,planned,varies,resource sprite
MM-03933,Art/Resources,resource_0335.png,PNG,planned,varies,resource sprite
MM-03934,Art/Resources,resource_0336.png,PNG,planned,varies,resource sprite
MM-03935,Art/Resources,resource_0337.png,PNG,planned,varies,resource sprite
MM-03936,Art/Resources,resource_0338.png,PNG,planned,varies,resource sprite
MM-03937,Art/Resources,resource_0339.png,PNG,planned,varies,resource sprite
MM-03938,Art/Resources,resource_0340.png,PNG,planned,varies,resource sprite
MM-03939,Art/Resources,resource_0341.png,PNG,planned,varies,resource sprite
MM-03940,Art/Resources,resource_0342.png,PNG,planned,varies,resource sprite
MM-03941,Art/Resources,resource_0343.png,PNG,planned,varies,resource sprite
MM-03942,Art/Resources,resource_0344.png,PNG,planned,varies,resource sprite
MM-03943,Art/Resources,resource_0345.png,PNG,planned,varies,resource sprite
MM-03944,Art/Resources,resource_0346.png,PNG,planned,varies,resource sprite
MM-03945,Art/Resources,resource_0347.png,PNG,planned,varies,resource sprite
MM-03946,Art/Resources,resource_0348.png,PNG,planned,varies,resource sprite
MM-03947,Art/Resources,resource_0349.png,PNG,planned,varies,resource sprite
MM-03948,Art/Resources,resource_0350.png,PNG,planned,varies,resource sprite
MM-03949,Art/Props,prop_0001.png,PNG,planned,varies,environment prop
MM-03950,Art/Props,prop_0002.png,PNG,planned,varies,environment prop
MM-03951,Art/Props,prop_0003.png,PNG,planned,varies,environment prop
MM-03952,Art/Props,prop_0004.png,PNG,planned,varies,environment prop
MM-03953,Art/Props,prop_0005.png,PNG,planned,varies,environment prop
MM-03954,Art/Props,prop_0006.png,PNG,planned,varies,environment prop
MM-03955,Art/Props,prop_0007.png,PNG,planned,varies,environment prop
MM-03956,Art/Props,prop_0008.png,PNG,planned,varies,environment prop
MM-03957,Art/Props,prop_0009.png,PNG,planned,varies,environment prop
MM-03958,Art/Props,prop_0010.png,PNG,planned,varies,environment prop
MM-03959,Art/Props,prop_0011.png,PNG,planned,varies,environment prop
MM-03960,Art/Props,prop_0012.png,PNG,planned,varies,environment prop
MM-03961,Art/Props,prop_0013.png,PNG,planned,varies,environment prop
MM-03962,Art/Props,prop_0014.png,PNG,planned,varies,environment prop
MM-03963,Art/Props,prop_0015.png,PNG,planned,varies,environment prop
MM-03964,Art/Props,prop_0016.png,PNG,planned,varies,environment prop
MM-03965,Art/Props,prop_0017.png,PNG,planned,varies,environment prop
MM-03966,Art/Props,prop_0018.png,PNG,planned,varies,environment prop
MM-03967,Art/Props,prop_0019.png,PNG,planned,varies,environment prop
MM-03968,Art/Props,prop_0020.png,PNG,planned,varies,environment prop
MM-03969,Art/Props,prop_0021.png,PNG,planned,varies,environment prop
MM-03970,Art/Props,prop_0022.png,PNG,planned,varies,environment prop
MM-03971,Art/Props,prop_0023.png,PNG,planned,varies,environment prop
MM-03972,Art/Props,prop_0024.png,PNG,planned,varies,environment prop
MM-03973,Art/Props,prop_0025.png,PNG,planned,varies,environment prop
MM-03974,Art/Props,prop_0026.png,PNG,planned,varies,environment prop
MM-03975,Art/Props,prop_0027.png,PNG,planned,varies,environment prop
MM-03976,Art/Props,prop_0028.png,PNG,planned,varies,environment prop
MM-03977,Art/Props,prop_0029.png,PNG,planned,varies,environment prop
MM-03978,Art/Props,prop_0030.png,PNG,planned,varies,environment prop
MM-03979,Art/Props,prop_0031.png,PNG,planned,varies,environment prop
MM-03980,Art/Props,prop_0032.png,PNG,planned,varies,environment prop
MM-03981,Art/Props,prop_0033.png,PNG,planned,varies,environment prop
MM-03982,Art/Props,prop_0034.png,PNG,planned,varies,environment prop
MM-03983,Art/Props,prop_0035.png,PNG,planned,varies,environment prop
MM-03984,Art/Props,prop_0036.png,PNG,planned,varies,environment prop
MM-03985,Art/Props,prop_0037.png,PNG,planned,varies,environment prop
MM-03986,Art/Props,prop_0038.png,PNG,planned,varies,environment prop
MM-03987,Art/Props,prop_0039.png,PNG,planned,varies,environment prop
MM-03988,Art/Props,prop_0040.png,PNG,planned,varies,environment prop
MM-03989,Art/Props,prop_0041.png,PNG,planned,varies,environment prop
MM-03990,Art/Props,prop_0042.png,PNG,planned,varies,environment prop
MM-03991,Art/Props,prop_0043.png,PNG,planned,varies,environment prop
MM-03992,Art/Props,prop_0044.png,PNG,planned,varies,environment prop
MM-03993,Art/Props,prop_0045.png,PNG,planned,varies,environment prop
MM-03994,Art/Props,prop_0046.png,PNG,planned,varies,environment prop
MM-03995,Art/Props,prop_0047.png,PNG,planned,varies,environment prop
MM-03996,Art/Props,prop_0048.png,PNG,planned,varies,environment prop
MM-03997,Art/Props,prop_0049.png,PNG,planned,varies,environment prop
MM-03998,Art/Props,prop_0050.png,PNG,planned,varies,environment prop
MM-03999,Art/Props,prop_0051.png,PNG,planned,varies,environment prop
MM-04000,Art/Props,prop_0052.png,PNG,planned,varies,environment prop
MM-04001,Art/Props,prop_0053.png,PNG,planned,varies,environment prop
MM-04002,Art/Props,prop_0054.png,PNG,planned,varies,environment prop
MM-04003,Art/Props,prop_0055.png,PNG,planned,varies,environment prop
MM-04004,Art/Props,prop_0056.png,PNG,planned,varies,environment prop
MM-04005,Art/Props,prop_0057.png,PNG,planned,varies,environment prop
MM-04006,Art/Props,prop_0058.png,PNG,planned,varies,environment prop
MM-04007,Art/Props,prop_0059.png,PNG,planned,varies,environment prop
MM-04008,Art/Props,prop_0060.png,PNG,planned,varies,environment prop
MM-04009,Art/Props,prop_0061.png,PNG,planned,varies,environment prop
MM-04010,Art/Props,prop_0062.png,PNG,planned,varies,environment prop
MM-04011,Art/Props,prop_0063.png,PNG,planned,varies,environment prop
MM-04012,Art/Props,prop_0064.png,PNG,planned,varies,environment prop
MM-04013,Art/Props,prop_0065.png,PNG,planned,varies,environment prop
MM-04014,Art/Props,prop_0066.png,PNG,planned,varies,environment prop
MM-04015,Art/Props,prop_0067.png,PNG,planned,varies,environment prop
MM-04016,Art/Props,prop_0068.png,PNG,planned,varies,environment prop
MM-04017,Art/Props,prop_0069.png,PNG,planned,varies,environment prop
MM-04018,Art/Props,prop_0070.png,PNG,planned,varies,environment prop
MM-04019,Art/Props,prop_0071.png,PNG,planned,varies,environment prop
MM-04020,Art/Props,prop_0072.png,PNG,planned,varies,environment prop
MM-04021,Art/Props,prop_0073.png,PNG,planned,varies,environment prop
MM-04022,Art/Props,prop_0074.png,PNG,planned,varies,environment prop
MM-04023,Art/Props,prop_0075.png,PNG,planned,varies,environment prop
MM-04024,Art/Props,prop_0076.png,PNG,planned,varies,environment prop
MM-04025,Art/Props,prop_0077.png,PNG,planned,varies,environment prop
MM-04026,Art/Props,prop_0078.png,PNG,planned,varies,environment prop
MM-04027,Art/Props,prop_0079.png,PNG,planned,varies,environment prop
MM-04028,Art/Props,prop_0080.png,PNG,planned,varies,environment prop
MM-04029,Art/Props,prop_0081.png,PNG,planned,varies,environment prop
MM-04030,Art/Props,prop_0082.png,PNG,planned,varies,environment prop
MM-04031,Art/Props,prop_0083.png,PNG,planned,varies,environment prop
MM-04032,Art/Props,prop_0084.png,PNG,planned,varies,environment prop
MM-04033,Art/Props,prop_0085.png,PNG,planned,varies,environment prop
MM-04034,Art/Props,prop_0086.png,PNG,planned,varies,environment prop
MM-04035,Art/Props,prop_0087.png,PNG,planned,varies,environment prop
MM-04036,Art/Props,prop_0088.png,PNG,planned,varies,environment prop
MM-04037,Art/Props,prop_0089.png,PNG,planned,varies,environment prop
MM-04038,Art/Props,prop_0090.png,PNG,planned,varies,environment prop
MM-04039,Art/Props,prop_0091.png,PNG,planned,varies,environment prop
MM-04040,Art/Props,prop_0092.png,PNG,planned,varies,environment prop
MM-04041,Art/Props,prop_0093.png,PNG,planned,varies,environment prop
MM-04042,Art/Props,prop_0094.png,PNG,planned,varies,environment prop
MM-04043,Art/Props,prop_0095.png,PNG,planned,varies,environment prop
MM-04044,Art/Props,prop_0096.png,PNG,planned,varies,environment prop
MM-04045,Art/Props,prop_0097.png,PNG,planned,varies,environment prop
MM-04046,Art/Props,prop_0098.png,PNG,planned,varies,environment prop
MM-04047,Art/Props,prop_0099.png,PNG,planned,varies,environment prop
MM-04048,Art/Props,prop_0100.png,PNG,planned,varies,environment prop
MM-04049,Art/Props,prop_0101.png,PNG,planned,varies,environment prop
MM-04050,Art/Props,prop_0102.png,PNG,planned,varies,environment prop
MM-04051,Art/Props,prop_0103.png,PNG,planned,varies,environment prop
MM-04052,Art/Props,prop_0104.png,PNG,planned,varies,environment prop
MM-04053,Art/Props,prop_0105.png,PNG,planned,varies,environment prop
MM-04054,Art/Props,prop_0106.png,PNG,planned,varies,environment prop
MM-04055,Art/Props,prop_0107.png,PNG,planned,varies,environment prop
MM-04056,Art/Props,prop_0108.png,PNG,planned,varies,environment prop
MM-04057,Art/Props,prop_0109.png,PNG,planned,varies,environment prop
MM-04058,Art/Props,prop_0110.png,PNG,planned,varies,environment prop
MM-04059,Art/Props,prop_0111.png,PNG,planned,varies,environment prop
MM-04060,Art/Props,prop_0112.png,PNG,planned,varies,environment prop
MM-04061,Art/Props,prop_0113.png,PNG,planned,varies,environment prop
MM-04062,Art/Props,prop_0114.png,PNG,planned,varies,environment prop
MM-04063,Art/Props,prop_0115.png,PNG,planned,varies,environment prop
MM-04064,Art/Props,prop_0116.png,PNG,planned,varies,environment prop
MM-04065,Art/Props,prop_0117.png,PNG,planned,varies,environment prop
MM-04066,Art/Props,prop_0118.png,PNG,planned,varies,environment prop
MM-04067,Art/Props,prop_0119.png,PNG,planned,varies,environment prop
MM-04068,Art/Props,prop_0120.png,PNG,planned,varies,environment prop
MM-04069,Art/Props,prop_0121.png,PNG,planned,varies,environment prop
MM-04070,Art/Props,prop_0122.png,PNG,planned,varies,environment prop
MM-04071,Art/Props,prop_0123.png,PNG,planned,varies,environment prop
MM-04072,Art/Props,prop_0124.png,PNG,planned,varies,environment prop
MM-04073,Art/Props,prop_0125.png,PNG,planned,varies,environment prop
MM-04074,Art/Props,prop_0126.png,PNG,planned,varies,environment prop
MM-04075,Art/Props,prop_0127.png,PNG,planned,varies,environment prop
MM-04076,Art/Props,prop_0128.png,PNG,planned,varies,environment prop
MM-04077,Art/Props,prop_0129.png,PNG,planned,varies,environment prop
MM-04078,Art/Props,prop_0130.png,PNG,planned,varies,environment prop
MM-04079,Art/Props,prop_0131.png,PNG,planned,varies,environment prop
MM-04080,Art/Props,prop_0132.png,PNG,planned,varies,environment prop
MM-04081,Art/Props,prop_0133.png,PNG,planned,varies,environment prop
MM-04082,Art/Props,prop_0134.png,PNG,planned,varies,environment prop
MM-04083,Art/Props,prop_0135.png,PNG,planned,varies,environment prop
MM-04084,Art/Props,prop_0136.png,PNG,planned,varies,environment prop
MM-04085,Art/Props,prop_0137.png,PNG,planned,varies,environment prop
MM-04086,Art/Props,prop_0138.png,PNG,planned,varies,environment prop
MM-04087,Art/Props,prop_0139.png,PNG,planned,varies,environment prop
MM-04088,Art/Props,prop_0140.png,PNG,planned,varies,environment prop
MM-04089,Art/Props,prop_0141.png,PNG,planned,varies,environment prop
MM-04090,Art/Props,prop_0142.png,PNG,planned,varies,environment prop
MM-04091,Art/Props,prop_0143.png,PNG,planned,varies,environment prop
MM-04092,Art/Props,prop_0144.png,PNG,planned,varies,environment prop
MM-04093,Art/Props,prop_0145.png,PNG,planned,varies,environment prop
MM-04094,Art/Props,prop_0146.png,PNG,planned,varies,environment prop
MM-04095,Art/Props,prop_0147.png,PNG,planned,varies,environment prop
MM-04096,Art/Props,prop_0148.png,PNG,planned,varies,environment prop
MM-04097,Art/Props,prop_0149.png,PNG,planned,varies,environment prop
MM-04098,Art/Props,prop_0150.png,PNG,planned,varies,environment prop
MM-04099,Art/Props,prop_0151.png,PNG,planned,varies,environment prop
MM-04100,Art/Props,prop_0152.png,PNG,planned,varies,environment prop
MM-04101,Art/Props,prop_0153.png,PNG,planned,varies,environment prop
MM-04102,Art/Props,prop_0154.png,PNG,planned,varies,environment prop
MM-04103,Art/Props,prop_0155.png,PNG,planned,varies,environment prop
MM-04104,Art/Props,prop_0156.png,PNG,planned,varies,environment prop
MM-04105,Art/Props,prop_0157.png,PNG,planned,varies,environment prop
MM-04106,Art/Props,prop_0158.png,PNG,planned,varies,environment prop
MM-04107,Art/Props,prop_0159.png,PNG,planned,varies,environment prop
MM-04108,Art/Props,prop_0160.png,PNG,planned,varies,environment prop
MM-04109,Art/Props,prop_0161.png,PNG,planned,varies,environment prop
MM-04110,Art/Props,prop_0162.png,PNG,planned,varies,environment prop
MM-04111,Art/Props,prop_0163.png,PNG,planned,varies,environment prop
MM-04112,Art/Props,prop_0164.png,PNG,planned,varies,environment prop
MM-04113,Art/Props,prop_0165.png,PNG,planned,varies,environment prop
MM-04114,Art/Props,prop_0166.png,PNG,planned,varies,environment prop
MM-04115,Art/Props,prop_0167.png,PNG,planned,varies,environment prop
MM-04116,Art/Props,prop_0168.png,PNG,planned,varies,environment prop
MM-04117,Art/Props,prop_0169.png,PNG,planned,varies,environment prop
MM-04118,Art/Props,prop_0170.png,PNG,planned,varies,environment prop
MM-04119,Art/Props,prop_0171.png,PNG,planned,varies,environment prop
MM-04120,Art/Props,prop_0172.png,PNG,planned,varies,environment prop
MM-04121,Art/Props,prop_0173.png,PNG,planned,varies,environment prop
MM-04122,Art/Props,prop_0174.png,PNG,planned,varies,environment prop
MM-04123,Art/Props,prop_0175.png,PNG,planned,varies,environment prop
MM-04124,Art/Props,prop_0176.png,PNG,planned,varies,environment prop
MM-04125,Art/Props,prop_0177.png,PNG,planned,varies,environment prop
MM-04126,Art/Props,prop_0178.png,PNG,planned,varies,environment prop
MM-04127,Art/Props,prop_0179.png,PNG,planned,varies,environment prop
MM-04128,Art/Props,prop_0180.png,PNG,planned,varies,environment prop
MM-04129,Art/Props,prop_0181.png,PNG,planned,varies,environment prop
MM-04130,Art/Props,prop_0182.png,PNG,planned,varies,environment prop
MM-04131,Art/Props,prop_0183.png,PNG,planned,varies,environment prop
MM-04132,Art/Props,prop_0184.png,PNG,planned,varies,environment prop
MM-04133,Art/Props,prop_0185.png,PNG,planned,varies,environment prop
MM-04134,Art/Props,prop_0186.png,PNG,planned,varies,environment prop
MM-04135,Art/Props,prop_0187.png,PNG,planned,varies,environment prop
MM-04136,Art/Props,prop_0188.png,PNG,planned,varies,environment prop
MM-04137,Art/Props,prop_0189.png,PNG,planned,varies,environment prop
MM-04138,Art/Props,prop_0190.png,PNG,planned,varies,environment prop
MM-04139,Art/Props,prop_0191.png,PNG,planned,varies,environment prop
MM-04140,Art/Props,prop_0192.png,PNG,planned,varies,environment prop
MM-04141,Art/Props,prop_0193.png,PNG,planned,varies,environment prop
MM-04142,Art/Props,prop_0194.png,PNG,planned,varies,environment prop
MM-04143,Art/Props,prop_0195.png,PNG,planned,varies,environment prop
MM-04144,Art/Props,prop_0196.png,PNG,planned,varies,environment prop
MM-04145,Art/Props,prop_0197.png,PNG,planned,varies,environment prop
MM-04146,Art/Props,prop_0198.png,PNG,planned,varies,environment prop
MM-04147,Art/Props,prop_0199.png,PNG,planned,varies,environment prop
MM-04148,Art/Props,prop_0200.png,PNG,planned,varies,environment prop
MM-04149,Art/Props,prop_0201.png,PNG,planned,varies,environment prop
MM-04150,Art/Props,prop_0202.png,PNG,planned,varies,environment prop
MM-04151,Art/Props,prop_0203.png,PNG,planned,varies,environment prop
MM-04152,Art/Props,prop_0204.png,PNG,planned,varies,environment prop
MM-04153,Art/Props,prop_0205.png,PNG,planned,varies,environment prop
MM-04154,Art/Props,prop_0206.png,PNG,planned,varies,environment prop
MM-04155,Art/Props,prop_0207.png,PNG,planned,varies,environment prop
MM-04156,Art/Props,prop_0208.png,PNG,planned,varies,environment prop
MM-04157,Art/Props,prop_0209.png,PNG,planned,varies,environment prop
MM-04158,Art/Props,prop_0210.png,PNG,planned,varies,environment prop
MM-04159,Art/Props,prop_0211.png,PNG,planned,varies,environment prop
MM-04160,Art/Props,prop_0212.png,PNG,planned,varies,environment prop
MM-04161,Art/Props,prop_0213.png,PNG,planned,varies,environment prop
MM-04162,Art/Props,prop_0214.png,PNG,planned,varies,environment prop
MM-04163,Art/Props,prop_0215.png,PNG,planned,varies,environment prop
MM-04164,Art/Props,prop_0216.png,PNG,planned,varies,environment prop
MM-04165,Art/Props,prop_0217.png,PNG,planned,varies,environment prop
MM-04166,Art/Props,prop_0218.png,PNG,planned,varies,environment prop
MM-04167,Art/Props,prop_0219.png,PNG,planned,varies,environment prop
MM-04168,Art/Props,prop_0220.png,PNG,planned,varies,environment prop
MM-04169,Art/Props,prop_0221.png,PNG,planned,varies,environment prop
MM-04170,Art/Props,prop_0222.png,PNG,planned,varies,environment prop
MM-04171,Art/Props,prop_0223.png,PNG,planned,varies,environment prop
MM-04172,Art/Props,prop_0224.png,PNG,planned,varies,environment prop
MM-04173,Art/Props,prop_0225.png,PNG,planned,varies,environment prop
MM-04174,Art/Props,prop_0226.png,PNG,planned,varies,environment prop
MM-04175,Art/Props,prop_0227.png,PNG,planned,varies,environment prop
MM-04176,Art/Props,prop_0228.png,PNG,planned,varies,environment prop
MM-04177,Art/Props,prop_0229.png,PNG,planned,varies,environment prop
MM-04178,Art/Props,prop_0230.png,PNG,planned,varies,environment prop
MM-04179,Art/Props,prop_0231.png,PNG,planned,varies,environment prop
MM-04180,Art/Props,prop_0232.png,PNG,planned,varies,environment prop
MM-04181,Art/Props,prop_0233.png,PNG,planned,varies,environment prop
MM-04182,Art/Props,prop_0234.png,PNG,planned,varies,environment prop
MM-04183,Art/Props,prop_0235.png,PNG,planned,varies,environment prop
MM-04184,Art/Props,prop_0236.png,PNG,planned,varies,environment prop
MM-04185,Art/Props,prop_0237.png,PNG,planned,varies,environment prop
MM-04186,Art/Props,prop_0238.png,PNG,planned,varies,environment prop
MM-04187,Art/Props,prop_0239.png,PNG,planned,varies,environment prop
MM-04188,Art/Props,prop_0240.png,PNG,planned,varies,environment prop
MM-04189,Art/Props,prop_0241.png,PNG,planned,varies,environment prop
MM-04190,Art/Props,prop_0242.png,PNG,planned,varies,environment prop
MM-04191,Art/Props,prop_0243.png,PNG,planned,varies,environment prop
MM-04192,Art/Props,prop_0244.png,PNG,planned,varies,environment prop
MM-04193,Art/Props,prop_0245.png,PNG,planned,varies,environment prop
MM-04194,Art/Props,prop_0246.png,PNG,planned,varies,environment prop
MM-04195,Art/Props,prop_0247.png,PNG,planned,varies,environment prop
MM-04196,Art/Props,prop_0248.png,PNG,planned,varies,environment prop
MM-04197,Art/Props,prop_0249.png,PNG,planned,varies,environment prop
MM-04198,Art/Props,prop_0250.png,PNG,planned,varies,environment prop
MM-04199,Art/Props,prop_0251.png,PNG,planned,varies,environment prop
MM-04200,Art/Props,prop_0252.png,PNG,planned,varies,environment prop
MM-04201,Art/Props,prop_0253.png,PNG,planned,varies,environment prop
MM-04202,Art/Props,prop_0254.png,PNG,planned,varies,environment prop
MM-04203,Art/Props,prop_0255.png,PNG,planned,varies,environment prop
MM-04204,Art/Props,prop_0256.png,PNG,planned,varies,environment prop
MM-04205,Art/Props,prop_0257.png,PNG,planned,varies,environment prop
MM-04206,Art/Props,prop_0258.png,PNG,planned,varies,environment prop
MM-04207,Art/Props,prop_0259.png,PNG,planned,varies,environment prop
MM-04208,Art/Props,prop_0260.png,PNG,planned,varies,environment prop
MM-04209,Art/Props,prop_0261.png,PNG,planned,varies,environment prop
MM-04210,Art/Props,prop_0262.png,PNG,planned,varies,environment prop
MM-04211,Art/Props,prop_0263.png,PNG,planned,varies,environment prop
MM-04212,Art/Props,prop_0264.png,PNG,planned,varies,environment prop
MM-04213,Art/Props,prop_0265.png,PNG,planned,varies,environment prop
MM-04214,Art/Props,prop_0266.png,PNG,planned,varies,environment prop
MM-04215,Art/Props,prop_0267.png,PNG,planned,varies,environment prop
MM-04216,Art/Props,prop_0268.png,PNG,planned,varies,environment prop
MM-04217,Art/Props,prop_0269.png,PNG,planned,varies,environment prop
MM-04218,Art/Props,prop_0270.png,PNG,planned,varies,environment prop
MM-04219,Art/Props,prop_0271.png,PNG,planned,varies,environment prop
MM-04220,Art/Props,prop_0272.png,PNG,planned,varies,environment prop
MM-04221,Art/Props,prop_0273.png,PNG,planned,varies,environment prop
MM-04222,Art/Props,prop_0274.png,PNG,planned,varies,environment prop
MM-04223,Art/Props,prop_0275.png,PNG,planned,varies,environment prop
MM-04224,Art/Props,prop_0276.png,PNG,planned,varies,environment prop
MM-04225,Art/Props,prop_0277.png,PNG,planned,varies,environment prop
MM-04226,Art/Props,prop_0278.png,PNG,planned,varies,environment prop
MM-04227,Art/Props,prop_0279.png,PNG,planned,varies,environment prop
MM-04228,Art/Props,prop_0280.png,PNG,planned,varies,environment prop
MM-04229,Art/Props,prop_0281.png,PNG,planned,varies,environment prop
MM-04230,Art/Props,prop_0282.png,PNG,planned,varies,environment prop
MM-04231,Art/Props,prop_0283.png,PNG,planned,varies,environment prop
MM-04232,Art/Props,prop_0284.png,PNG,planned,varies,environment prop
MM-04233,Art/Props,prop_0285.png,PNG,planned,varies,environment prop
MM-04234,Art/Props,prop_0286.png,PNG,planned,varies,environment prop
MM-04235,Art/Props,prop_0287.png,PNG,planned,varies,environment prop
MM-04236,Art/Props,prop_0288.png,PNG,planned,varies,environment prop
MM-04237,Art/Props,prop_0289.png,PNG,planned,varies,environment prop
MM-04238,Art/Props,prop_0290.png,PNG,planned,varies,environment prop
MM-04239,Art/Props,prop_0291.png,PNG,planned,varies,environment prop
MM-04240,Art/Props,prop_0292.png,PNG,planned,varies,environment prop
MM-04241,Art/Props,prop_0293.png,PNG,planned,varies,environment prop
MM-04242,Art/Props,prop_0294.png,PNG,planned,varies,environment prop
MM-04243,Art/Props,prop_0295.png,PNG,planned,varies,environment prop
MM-04244,Art/Props,prop_0296.png,PNG,planned,varies,environment prop
MM-04245,Art/Props,prop_0297.png,PNG,planned,varies,environment prop
MM-04246,Art/Props,prop_0298.png,PNG,planned,varies,environment prop
MM-04247,Art/Props,prop_0299.png,PNG,planned,varies,environment prop
MM-04248,Art/Props,prop_0300.png,PNG,planned,varies,environment prop
MM-04249,Art/Props,prop_0301.png,PNG,planned,varies,environment prop
MM-04250,Art/Props,prop_0302.png,PNG,planned,varies,environment prop
MM-04251,Art/Props,prop_0303.png,PNG,planned,varies,environment prop
MM-04252,Art/Props,prop_0304.png,PNG,planned,varies,environment prop
MM-04253,Art/Props,prop_0305.png,PNG,planned,varies,environment prop
MM-04254,Art/Props,prop_0306.png,PNG,planned,varies,environment prop
MM-04255,Art/Props,prop_0307.png,PNG,planned,varies,environment prop
MM-04256,Art/Props,prop_0308.png,PNG,planned,varies,environment prop
MM-04257,Art/Props,prop_0309.png,PNG,planned,varies,environment prop
MM-04258,Art/Props,prop_0310.png,PNG,planned,varies,environment prop
MM-04259,Art/Props,prop_0311.png,PNG,planned,varies,environment prop
MM-04260,Art/Props,prop_0312.png,PNG,planned,varies,environment prop
MM-04261,Art/Props,prop_0313.png,PNG,planned,varies,environment prop
MM-04262,Art/Props,prop_0314.png,PNG,planned,varies,environment prop
MM-04263,Art/Props,prop_0315.png,PNG,planned,varies,environment prop
MM-04264,Art/Props,prop_0316.png,PNG,planned,varies,environment prop
MM-04265,Art/Props,prop_0317.png,PNG,planned,varies,environment prop
MM-04266,Art/Props,prop_0318.png,PNG,planned,varies,environment prop
MM-04267,Art/Props,prop_0319.png,PNG,planned,varies,environment prop
MM-04268,Art/Props,prop_0320.png,PNG,planned,varies,environment prop
MM-04269,Art/Props,prop_0321.png,PNG,planned,varies,environment prop
MM-04270,Art/Props,prop_0322.png,PNG,planned,varies,environment prop
MM-04271,Art/Props,prop_0323.png,PNG,planned,varies,environment prop
MM-04272,Art/Props,prop_0324.png,PNG,planned,varies,environment prop
MM-04273,Art/Props,prop_0325.png,PNG,planned,varies,environment prop
MM-04274,Art/Props,prop_0326.png,PNG,planned,varies,environment prop
MM-04275,Art/Props,prop_0327.png,PNG,planned,varies,environment prop
MM-04276,Art/Props,prop_0328.png,PNG,planned,varies,environment prop
MM-04277,Art/Props,prop_0329.png,PNG,planned,varies,environment prop
MM-04278,Art/Props,prop_0330.png,PNG,planned,varies,environment prop
MM-04279,Art/Props,prop_0331.png,PNG,planned,varies,environment prop
MM-04280,Art/Props,prop_0332.png,PNG,planned,varies,environment prop
MM-04281,Art/Props,prop_0333.png,PNG,planned,varies,environment prop
MM-04282,Art/Props,prop_0334.png,PNG,planned,varies,environment prop
MM-04283,Art/Props,prop_0335.png,PNG,planned,varies,environment prop
MM-04284,Art/Props,prop_0336.png,PNG,planned,varies,environment prop
MM-04285,Art/Props,prop_0337.png,PNG,planned,varies,environment prop
MM-04286,Art/Props,prop_0338.png,PNG,planned,varies,environment prop
MM-04287,Art/Props,prop_0339.png,PNG,planned,varies,environment prop
MM-04288,Art/Props,prop_0340.png,PNG,planned,varies,environment prop
MM-04289,Art/Props,prop_0341.png,PNG,planned,varies,environment prop
MM-04290,Art/Props,prop_0342.png,PNG,planned,varies,environment prop
MM-04291,Art/Props,prop_0343.png,PNG,planned,varies,environment prop
MM-04292,Art/Props,prop_0344.png,PNG,planned,varies,environment prop
MM-04293,Art/Props,prop_0345.png,PNG,planned,varies,environment prop
MM-04294,Art/Props,prop_0346.png,PNG,planned,varies,environment prop
MM-04295,Art/Props,prop_0347.png,PNG,planned,varies,environment prop
MM-04296,Art/Props,prop_0348.png,PNG,planned,varies,environment prop
MM-04297,Art/Props,prop_0349.png,PNG,planned,varies,environment prop
MM-04298,Art/Props,prop_0350.png,PNG,planned,varies,environment prop
MM-04299,Art/Props,prop_0351.png,PNG,planned,varies,environment prop
MM-04300,Art/Props,prop_0352.png,PNG,planned,varies,environment prop
MM-04301,Art/Props,prop_0353.png,PNG,planned,varies,environment prop
MM-04302,Art/Props,prop_0354.png,PNG,planned,varies,environment prop
MM-04303,Art/Props,prop_0355.png,PNG,planned,varies,environment prop
MM-04304,Art/Props,prop_0356.png,PNG,planned,varies,environment prop
MM-04305,Art/Props,prop_0357.png,PNG,planned,varies,environment prop
MM-04306,Art/Props,prop_0358.png,PNG,planned,varies,environment prop
MM-04307,Art/Props,prop_0359.png,PNG,planned,varies,environment prop
MM-04308,Art/Props,prop_0360.png,PNG,planned,varies,environment prop
MM-04309,Art/Props,prop_0361.png,PNG,planned,varies,environment prop
MM-04310,Art/Props,prop_0362.png,PNG,planned,varies,environment prop
MM-04311,Art/Props,prop_0363.png,PNG,planned,varies,environment prop
MM-04312,Art/Props,prop_0364.png,PNG,planned,varies,environment prop
MM-04313,Art/Props,prop_0365.png,PNG,planned,varies,environment prop
MM-04314,Art/Props,prop_0366.png,PNG,planned,varies,environment prop
MM-04315,Art/Props,prop_0367.png,PNG,planned,varies,environment prop
MM-04316,Art/Props,prop_0368.png,PNG,planned,varies,environment prop
MM-04317,Art/Props,prop_0369.png,PNG,planned,varies,environment prop
MM-04318,Art/Props,prop_0370.png,PNG,planned,varies,environment prop
MM-04319,Art/Props,prop_0371.png,PNG,planned,varies,environment prop
MM-04320,Art/Props,prop_0372.png,PNG,planned,varies,environment prop
MM-04321,Art/Props,prop_0373.png,PNG,planned,varies,environment prop
MM-04322,Art/Props,prop_0374.png,PNG,planned,varies,environment prop
MM-04323,Art/Props,prop_0375.png,PNG,planned,varies,environment prop
MM-04324,Art/Props,prop_0376.png,PNG,planned,varies,environment prop
MM-04325,Art/Props,prop_0377.png,PNG,planned,varies,environment prop
MM-04326,Art/Props,prop_0378.png,PNG,planned,varies,environment prop
MM-04327,Art/Props,prop_0379.png,PNG,planned,varies,environment prop
MM-04328,Art/Props,prop_0380.png,PNG,planned,varies,environment prop
MM-04329,Art/Props,prop_0381.png,PNG,planned,varies,environment prop
MM-04330,Art/Props,prop_0382.png,PNG,planned,varies,environment prop
MM-04331,Art/Props,prop_0383.png,PNG,planned,varies,environment prop
MM-04332,Art/Props,prop_0384.png,PNG,planned,varies,environment prop
MM-04333,Art/Props,prop_0385.png,PNG,planned,varies,environment prop
MM-04334,Art/Props,prop_0386.png,PNG,planned,varies,environment prop
MM-04335,Art/Props,prop_0387.png,PNG,planned,varies,environment prop
MM-04336,Art/Props,prop_0388.png,PNG,planned,varies,environment prop
MM-04337,Art/Props,prop_0389.png,PNG,planned,varies,environment prop
MM-04338,Art/Props,prop_0390.png,PNG,planned,varies,environment prop
MM-04339,Art/Props,prop_0391.png,PNG,planned,varies,environment prop
MM-04340,Art/Props,prop_0392.png,PNG,planned,varies,environment prop
MM-04341,Art/Props,prop_0393.png,PNG,planned,varies,environment prop
MM-04342,Art/Props,prop_0394.png,PNG,planned,varies,environment prop
MM-04343,Art/Props,prop_0395.png,PNG,planned,varies,environment prop
MM-04344,Art/Props,prop_0396.png,PNG,planned,varies,environment prop
MM-04345,Art/Props,prop_0397.png,PNG,planned,varies,environment prop
MM-04346,Art/Props,prop_0398.png,PNG,planned,varies,environment prop
MM-04347,Art/Props,prop_0399.png,PNG,planned,varies,environment prop
MM-04348,Art/Props,prop_0400.png,PNG,planned,varies,environment prop
MM-04349,Art/Props,prop_0401.png,PNG,planned,varies,environment prop
MM-04350,Art/Props,prop_0402.png,PNG,planned,varies,environment prop
MM-04351,Art/Props,prop_0403.png,PNG,planned,varies,environment prop
MM-04352,Art/Props,prop_0404.png,PNG,planned,varies,environment prop
MM-04353,Art/Props,prop_0405.png,PNG,planned,varies,environment prop
MM-04354,Art/Props,prop_0406.png,PNG,planned,varies,environment prop
MM-04355,Art/Props,prop_0407.png,PNG,planned,varies,environment prop
MM-04356,Art/Props,prop_0408.png,PNG,planned,varies,environment prop
MM-04357,Art/Props,prop_0409.png,PNG,planned,varies,environment prop
MM-04358,Art/Props,prop_0410.png,PNG,planned,varies,environment prop
MM-04359,Art/Props,prop_0411.png,PNG,planned,varies,environment prop
MM-04360,Art/Props,prop_0412.png,PNG,planned,varies,environment prop
MM-04361,Art/Props,prop_0413.png,PNG,planned,varies,environment prop
MM-04362,Art/Props,prop_0414.png,PNG,planned,varies,environment prop
MM-04363,Art/Props,prop_0415.png,PNG,planned,varies,environment prop
MM-04364,Art/Props,prop_0416.png,PNG,planned,varies,environment prop
MM-04365,Art/Props,prop_0417.png,PNG,planned,varies,environment prop
MM-04366,Art/Props,prop_0418.png,PNG,planned,varies,environment prop
MM-04367,Art/Props,prop_0419.png,PNG,planned,varies,environment prop
MM-04368,Art/Props,prop_0420.png,PNG,planned,varies,environment prop
MM-04369,Art/Props,prop_0421.png,PNG,planned,varies,environment prop
MM-04370,Art/Props,prop_0422.png,PNG,planned,varies,environment prop
MM-04371,Art/Props,prop_0423.png,PNG,planned,varies,environment prop
MM-04372,Art/Props,prop_0424.png,PNG,planned,varies,environment prop
MM-04373,Art/Props,prop_0425.png,PNG,planned,varies,environment prop
MM-04374,Art/Props,prop_0426.png,PNG,planned,varies,environment prop
MM-04375,Art/Props,prop_0427.png,PNG,planned,varies,environment prop
MM-04376,Art/Props,prop_0428.png,PNG,planned,varies,environment prop
MM-04377,Art/Props,prop_0429.png,PNG,planned,varies,environment prop
MM-04378,Art/Props,prop_0430.png,PNG,planned,varies,environment prop
MM-04379,Art/Props,prop_0431.png,PNG,planned,varies,environment prop
MM-04380,Art/Props,prop_0432.png,PNG,planned,varies,environment prop
MM-04381,Art/Props,prop_0433.png,PNG,planned,varies,environment prop
MM-04382,Art/Props,prop_0434.png,PNG,planned,varies,environment prop
MM-04383,Art/Props,prop_0435.png,PNG,planned,varies,environment prop
MM-04384,Art/Props,prop_0436.png,PNG,planned,varies,environment prop
MM-04385,Art/Props,prop_0437.png,PNG,planned,varies,environment prop
MM-04386,Art/Props,prop_0438.png,PNG,planned,varies,environment prop
MM-04387,Art/Props,prop_0439.png,PNG,planned,varies,environment prop
MM-04388,Art/Props,prop_0440.png,PNG,planned,varies,environment prop
MM-04389,Art/Props,prop_0441.png,PNG,planned,varies,environment prop
MM-04390,Art/Props,prop_0442.png,PNG,planned,varies,environment prop
MM-04391,Art/Props,prop_0443.png,PNG,planned,varies,environment prop
MM-04392,Art/Props,prop_0444.png,PNG,planned,varies,environment prop
MM-04393,Art/Props,prop_0445.png,PNG,planned,varies,environment prop
MM-04394,Art/Props,prop_0446.png,PNG,planned,varies,environment prop
MM-04395,Art/Props,prop_0447.png,PNG,planned,varies,environment prop
MM-04396,Art/Props,prop_0448.png,PNG,planned,varies,environment prop
MM-04397,Art/Props,prop_0449.png,PNG,planned,varies,environment prop
MM-04398,Art/Props,prop_0450.png,PNG,planned,varies,environment prop
MM-04399,Art/UI/Buttons,btn_0001.png,PNG,planned,varies,ui button
MM-04400,Art/UI/Buttons,btn_0002.png,PNG,planned,varies,ui button
MM-04401,Art/UI/Buttons,btn_0003.png,PNG,planned,varies,ui button
MM-04402,Art/UI/Buttons,btn_0004.png,PNG,planned,varies,ui button
MM-04403,Art/UI/Buttons,btn_0005.png,PNG,planned,varies,ui button
MM-04404,Art/UI/Buttons,btn_0006.png,PNG,planned,varies,ui button
MM-04405,Art/UI/Buttons,btn_0007.png,PNG,planned,varies,ui button
MM-04406,Art/UI/Buttons,btn_0008.png,PNG,planned,varies,ui button
MM-04407,Art/UI/Buttons,btn_0009.png,PNG,planned,varies,ui button
MM-04408,Art/UI/Buttons,btn_0010.png,PNG,planned,varies,ui button
MM-04409,Art/UI/Buttons,btn_0011.png,PNG,planned,varies,ui button
MM-04410,Art/UI/Buttons,btn_0012.png,PNG,planned,varies,ui button
MM-04411,Art/UI/Buttons,btn_0013.png,PNG,planned,varies,ui button
MM-04412,Art/UI/Buttons,btn_0014.png,PNG,planned,varies,ui button
MM-04413,Art/UI/Buttons,btn_0015.png,PNG,planned,varies,ui button
MM-04414,Art/UI/Buttons,btn_0016.png,PNG,planned,varies,ui button
MM-04415,Art/UI/Buttons,btn_0017.png,PNG,planned,varies,ui button
MM-04416,Art/UI/Buttons,btn_0018.png,PNG,planned,varies,ui button
MM-04417,Art/UI/Buttons,btn_0019.png,PNG,planned,varies,ui button
MM-04418,Art/UI/Buttons,btn_0020.png,PNG,planned,varies,ui button
MM-04419,Art/UI/Buttons,btn_0021.png,PNG,planned,varies,ui button
MM-04420,Art/UI/Buttons,btn_0022.png,PNG,planned,varies,ui button
MM-04421,Art/UI/Buttons,btn_0023.png,PNG,planned,varies,ui button
MM-04422,Art/UI/Buttons,btn_0024.png,PNG,planned,varies,ui button
MM-04423,Art/UI/Buttons,btn_0025.png,PNG,planned,varies,ui button
MM-04424,Art/UI/Buttons,btn_0026.png,PNG,planned,varies,ui button
MM-04425,Art/UI/Buttons,btn_0027.png,PNG,planned,varies,ui button
MM-04426,Art/UI/Buttons,btn_0028.png,PNG,planned,varies,ui button
MM-04427,Art/UI/Buttons,btn_0029.png,PNG,planned,varies,ui button
MM-04428,Art/UI/Buttons,btn_0030.png,PNG,planned,varies,ui button
MM-04429,Art/UI/Buttons,btn_0031.png,PNG,planned,varies,ui button
MM-04430,Art/UI/Buttons,btn_0032.png,PNG,planned,varies,ui button
MM-04431,Art/UI/Buttons,btn_0033.png,PNG,planned,varies,ui button
MM-04432,Art/UI/Buttons,btn_0034.png,PNG,planned,varies,ui button
MM-04433,Art/UI/Buttons,btn_0035.png,PNG,planned,varies,ui button
MM-04434,Art/UI/Buttons,btn_0036.png,PNG,planned,varies,ui button
MM-04435,Art/UI/Buttons,btn_0037.png,PNG,planned,varies,ui button
MM-04436,Art/UI/Buttons,btn_0038.png,PNG,planned,varies,ui button
MM-04437,Art/UI/Buttons,btn_0039.png,PNG,planned,varies,ui button
MM-04438,Art/UI/Buttons,btn_0040.png,PNG,planned,varies,ui button
MM-04439,Art/UI/Buttons,btn_0041.png,PNG,planned,varies,ui button
MM-04440,Art/UI/Buttons,btn_0042.png,PNG,planned,varies,ui button
MM-04441,Art/UI/Buttons,btn_0043.png,PNG,planned,varies,ui button
MM-04442,Art/UI/Buttons,btn_0044.png,PNG,planned,varies,ui button
MM-04443,Art/UI/Buttons,btn_0045.png,PNG,planned,varies,ui button
MM-04444,Art/UI/Buttons,btn_0046.png,PNG,planned,varies,ui button
MM-04445,Art/UI/Buttons,btn_0047.png,PNG,planned,varies,ui button
MM-04446,Art/UI/Buttons,btn_0048.png,PNG,planned,varies,ui button
MM-04447,Art/UI/Buttons,btn_0049.png,PNG,planned,varies,ui button
MM-04448,Art/UI/Buttons,btn_0050.png,PNG,planned,varies,ui button
MM-04449,Art/UI/Buttons,btn_0051.png,PNG,planned,varies,ui button
MM-04450,Art/UI/Buttons,btn_0052.png,PNG,planned,varies,ui button
MM-04451,Art/UI/Buttons,btn_0053.png,PNG,planned,varies,ui button
MM-04452,Art/UI/Buttons,btn_0054.png,PNG,planned,varies,ui button
MM-04453,Art/UI/Buttons,btn_0055.png,PNG,planned,varies,ui button
MM-04454,Art/UI/Buttons,btn_0056.png,PNG,planned,varies,ui button
MM-04455,Art/UI/Buttons,btn_0057.png,PNG,planned,varies,ui button
MM-04456,Art/UI/Buttons,btn_0058.png,PNG,planned,varies,ui button
MM-04457,Art/UI/Buttons,btn_0059.png,PNG,planned,varies,ui button
MM-04458,Art/UI/Buttons,btn_0060.png,PNG,planned,varies,ui button
MM-04459,Art/UI/Buttons,btn_0061.png,PNG,planned,varies,ui button
MM-04460,Art/UI/Buttons,btn_0062.png,PNG,planned,varies,ui button
MM-04461,Art/UI/Buttons,btn_0063.png,PNG,planned,varies,ui button
MM-04462,Art/UI/Buttons,btn_0064.png,PNG,planned,varies,ui button
MM-04463,Art/UI/Buttons,btn_0065.png,PNG,planned,varies,ui button
MM-04464,Art/UI/Buttons,btn_0066.png,PNG,planned,varies,ui button
MM-04465,Art/UI/Buttons,btn_0067.png,PNG,planned,varies,ui button
MM-04466,Art/UI/Buttons,btn_0068.png,PNG,planned,varies,ui button
MM-04467,Art/UI/Buttons,btn_0069.png,PNG,planned,varies,ui button
MM-04468,Art/UI/Buttons,btn_0070.png,PNG,planned,varies,ui button
MM-04469,Art/UI/Buttons,btn_0071.png,PNG,planned,varies,ui button
MM-04470,Art/UI/Buttons,btn_0072.png,PNG,planned,varies,ui button
MM-04471,Art/UI/Buttons,btn_0073.png,PNG,planned,varies,ui button
MM-04472,Art/UI/Buttons,btn_0074.png,PNG,planned,varies,ui button
MM-04473,Art/UI/Buttons,btn_0075.png,PNG,planned,varies,ui button
MM-04474,Art/UI/Buttons,btn_0076.png,PNG,planned,varies,ui button
MM-04475,Art/UI/Buttons,btn_0077.png,PNG,planned,varies,ui button
MM-04476,Art/UI/Buttons,btn_0078.png,PNG,planned,varies,ui button
MM-04477,Art/UI/Buttons,btn_0079.png,PNG,planned,varies,ui button
MM-04478,Art/UI/Buttons,btn_0080.png,PNG,planned,varies,ui button
MM-04479,Art/UI/Buttons,btn_0081.png,PNG,planned,varies,ui button
MM-04480,Art/UI/Buttons,btn_0082.png,PNG,planned,varies,ui button
MM-04481,Art/UI/Buttons,btn_0083.png,PNG,planned,varies,ui button
MM-04482,Art/UI/Buttons,btn_0084.png,PNG,planned,varies,ui button
MM-04483,Art/UI/Buttons,btn_0085.png,PNG,planned,varies,ui button
MM-04484,Art/UI/Buttons,btn_0086.png,PNG,planned,varies,ui button
MM-04485,Art/UI/Buttons,btn_0087.png,PNG,planned,varies,ui button
MM-04486,Art/UI/Buttons,btn_0088.png,PNG,planned,varies,ui button
MM-04487,Art/UI/Buttons,btn_0089.png,PNG,planned,varies,ui button
MM-04488,Art/UI/Buttons,btn_0090.png,PNG,planned,varies,ui button
MM-04489,Art/UI/Buttons,btn_0091.png,PNG,planned,varies,ui button
MM-04490,Art/UI/Buttons,btn_0092.png,PNG,planned,varies,ui button
MM-04491,Art/UI/Buttons,btn_0093.png,PNG,planned,varies,ui button
MM-04492,Art/UI/Buttons,btn_0094.png,PNG,planned,varies,ui button
MM-04493,Art/UI/Buttons,btn_0095.png,PNG,planned,varies,ui button
MM-04494,Art/UI/Buttons,btn_0096.png,PNG,planned,varies,ui button
MM-04495,Art/UI/Buttons,btn_0097.png,PNG,planned,varies,ui button
MM-04496,Art/UI/Buttons,btn_0098.png,PNG,planned,varies,ui button
MM-04497,Art/UI/Buttons,btn_0099.png,PNG,planned,varies,ui button
MM-04498,Art/UI/Buttons,btn_0100.png,PNG,planned,varies,ui button
MM-04499,Art/UI/Buttons,btn_0101.png,PNG,planned,varies,ui button
MM-04500,Art/UI/Buttons,btn_0102.png,PNG,planned,varies,ui button
MM-04501,Art/UI/Buttons,btn_0103.png,PNG,planned,varies,ui button
MM-04502,Art/UI/Buttons,btn_0104.png,PNG,planned,varies,ui button
MM-04503,Art/UI/Buttons,btn_0105.png,PNG,planned,varies,ui button
MM-04504,Art/UI/Buttons,btn_0106.png,PNG,planned,varies,ui button
MM-04505,Art/UI/Buttons,btn_0107.png,PNG,planned,varies,ui button
MM-04506,Art/UI/Buttons,btn_0108.png,PNG,planned,varies,ui button
MM-04507,Art/UI/Buttons,btn_0109.png,PNG,planned,varies,ui button
MM-04508,Art/UI/Buttons,btn_0110.png,PNG,planned,varies,ui button
MM-04509,Art/UI/Buttons,btn_0111.png,PNG,planned,varies,ui button
MM-04510,Art/UI/Buttons,btn_0112.png,PNG,planned,varies,ui button
MM-04511,Art/UI/Buttons,btn_0113.png,PNG,planned,varies,ui button
MM-04512,Art/UI/Buttons,btn_0114.png,PNG,planned,varies,ui button
MM-04513,Art/UI/Buttons,btn_0115.png,PNG,planned,varies,ui button
MM-04514,Art/UI/Buttons,btn_0116.png,PNG,planned,varies,ui button
MM-04515,Art/UI/Buttons,btn_0117.png,PNG,planned,varies,ui button
MM-04516,Art/UI/Buttons,btn_0118.png,PNG,planned,varies,ui button
MM-04517,Art/UI/Buttons,btn_0119.png,PNG,planned,varies,ui button
MM-04518,Art/UI/Buttons,btn_0120.png,PNG,planned,varies,ui button
MM-04519,Art/UI/Buttons,btn_0121.png,PNG,planned,varies,ui button
MM-04520,Art/UI/Buttons,btn_0122.png,PNG,planned,varies,ui button
MM-04521,Art/UI/Buttons,btn_0123.png,PNG,planned,varies,ui button
MM-04522,Art/UI/Buttons,btn_0124.png,PNG,planned,varies,ui button
MM-04523,Art/UI/Buttons,btn_0125.png,PNG,planned,varies,ui button
MM-04524,Art/UI/Buttons,btn_0126.png,PNG,planned,varies,ui button
MM-04525,Art/UI/Buttons,btn_0127.png,PNG,planned,varies,ui button
MM-04526,Art/UI/Buttons,btn_0128.png,PNG,planned,varies,ui button
MM-04527,Art/UI/Buttons,btn_0129.png,PNG,planned,varies,ui button
MM-04528,Art/UI/Buttons,btn_0130.png,PNG,planned,varies,ui button
MM-04529,Art/UI/Buttons,btn_0131.png,PNG,planned,varies,ui button
MM-04530,Art/UI/Buttons,btn_0132.png,PNG,planned,varies,ui button
MM-04531,Art/UI/Buttons,btn_0133.png,PNG,planned,varies,ui button
MM-04532,Art/UI/Buttons,btn_0134.png,PNG,planned,varies,ui button
MM-04533,Art/UI/Buttons,btn_0135.png,PNG,planned,varies,ui button
MM-04534,Art/UI/Buttons,btn_0136.png,PNG,planned,varies,ui button
MM-04535,Art/UI/Buttons,btn_0137.png,PNG,planned,varies,ui button
MM-04536,Art/UI/Buttons,btn_0138.png,PNG,planned,varies,ui button
MM-04537,Art/UI/Buttons,btn_0139.png,PNG,planned,varies,ui button
MM-04538,Art/UI/Buttons,btn_0140.png,PNG,planned,varies,ui button
MM-04539,Art/UI/Buttons,btn_0141.png,PNG,planned,varies,ui button
MM-04540,Art/UI/Buttons,btn_0142.png,PNG,planned,varies,ui button
MM-04541,Art/UI/Buttons,btn_0143.png,PNG,planned,varies,ui button
MM-04542,Art/UI/Buttons,btn_0144.png,PNG,planned,varies,ui button
MM-04543,Art/UI/Buttons,btn_0145.png,PNG,planned,varies,ui button
MM-04544,Art/UI/Buttons,btn_0146.png,PNG,planned,varies,ui button
MM-04545,Art/UI/Buttons,btn_0147.png,PNG,planned,varies,ui button
MM-04546,Art/UI/Buttons,btn_0148.png,PNG,planned,varies,ui button
MM-04547,Art/UI/Buttons,btn_0149.png,PNG,planned,varies,ui button
MM-04548,Art/UI/Buttons,btn_0150.png,PNG,planned,varies,ui button
MM-04549,Art/UI/Buttons,btn_0151.png,PNG,planned,varies,ui button
MM-04550,Art/UI/Buttons,btn_0152.png,PNG,planned,varies,ui button
MM-04551,Art/UI/Buttons,btn_0153.png,PNG,planned,varies,ui button
MM-04552,Art/UI/Buttons,btn_0154.png,PNG,planned,varies,ui button
MM-04553,Art/UI/Buttons,btn_0155.png,PNG,planned,varies,ui button
MM-04554,Art/UI/Buttons,btn_0156.png,PNG,planned,varies,ui button
MM-04555,Art/UI/Buttons,btn_0157.png,PNG,planned,varies,ui button
MM-04556,Art/UI/Buttons,btn_0158.png,PNG,planned,varies,ui button
MM-04557,Art/UI/Buttons,btn_0159.png,PNG,planned,varies,ui button
MM-04558,Art/UI/Buttons,btn_0160.png,PNG,planned,varies,ui button
MM-04559,Art/UI/Buttons,btn_0161.png,PNG,planned,varies,ui button
MM-04560,Art/UI/Buttons,btn_0162.png,PNG,planned,varies,ui button
MM-04561,Art/UI/Buttons,btn_0163.png,PNG,planned,varies,ui button
MM-04562,Art/UI/Buttons,btn_0164.png,PNG,planned,varies,ui button
MM-04563,Art/UI/Buttons,btn_0165.png,PNG,planned,varies,ui button
MM-04564,Art/UI/Buttons,btn_0166.png,PNG,planned,varies,ui button
MM-04565,Art/UI/Buttons,btn_0167.png,PNG,planned,varies,ui button
MM-04566,Art/UI/Buttons,btn_0168.png,PNG,planned,varies,ui button
MM-04567,Art/UI/Buttons,btn_0169.png,PNG,planned,varies,ui button
MM-04568,Art/UI/Buttons,btn_0170.png,PNG,planned,varies,ui button
MM-04569,Art/UI/Buttons,btn_0171.png,PNG,planned,varies,ui button
MM-04570,Art/UI/Buttons,btn_0172.png,PNG,planned,varies,ui button
MM-04571,Art/UI/Buttons,btn_0173.png,PNG,planned,varies,ui button
MM-04572,Art/UI/Buttons,btn_0174.png,PNG,planned,varies,ui button
MM-04573,Art/UI/Buttons,btn_0175.png,PNG,planned,varies,ui button
MM-04574,Art/UI/Buttons,btn_0176.png,PNG,planned,varies,ui button
MM-04575,Art/UI/Buttons,btn_0177.png,PNG,planned,varies,ui button
MM-04576,Art/UI/Buttons,btn_0178.png,PNG,planned,varies,ui button
MM-04577,Art/UI/Buttons,btn_0179.png,PNG,planned,varies,ui button
MM-04578,Art/UI/Buttons,btn_0180.png,PNG,planned,varies,ui button
MM-04579,Art/UI/Panels,panel_0001.png,PNG,planned,varies,ui panel
MM-04580,Art/UI/Panels,panel_0002.png,PNG,planned,varies,ui panel
MM-04581,Art/UI/Panels,panel_0003.png,PNG,planned,varies,ui panel
MM-04582,Art/UI/Panels,panel_0004.png,PNG,planned,varies,ui panel
MM-04583,Art/UI/Panels,panel_0005.png,PNG,planned,varies,ui panel
MM-04584,Art/UI/Panels,panel_0006.png,PNG,planned,varies,ui panel
MM-04585,Art/UI/Panels,panel_0007.png,PNG,planned,varies,ui panel
MM-04586,Art/UI/Panels,panel_0008.png,PNG,planned,varies,ui panel
MM-04587,Art/UI/Panels,panel_0009.png,PNG,planned,varies,ui panel
MM-04588,Art/UI/Panels,panel_0010.png,PNG,planned,varies,ui panel
MM-04589,Art/UI/Panels,panel_0011.png,PNG,planned,varies,ui panel
MM-04590,Art/UI/Panels,panel_0012.png,PNG,planned,varies,ui panel
MM-04591,Art/UI/Panels,panel_0013.png,PNG,planned,varies,ui panel
MM-04592,Art/UI/Panels,panel_0014.png,PNG,planned,varies,ui panel
MM-04593,Art/UI/Panels,panel_0015.png,PNG,planned,varies,ui panel
MM-04594,Art/UI/Panels,panel_0016.png,PNG,planned,varies,ui panel
MM-04595,Art/UI/Panels,panel_0017.png,PNG,planned,varies,ui panel
MM-04596,Art/UI/Panels,panel_0018.png,PNG,planned,varies,ui panel
MM-04597,Art/UI/Panels,panel_0019.png,PNG,planned,varies,ui panel
MM-04598,Art/UI/Panels,panel_0020.png,PNG,planned,varies,ui panel
MM-04599,Art/UI/Panels,panel_0021.png,PNG,planned,varies,ui panel
MM-04600,Art/UI/Panels,panel_0022.png,PNG,planned,varies,ui panel
MM-04601,Art/UI/Panels,panel_0023.png,PNG,planned,varies,ui panel
MM-04602,Art/UI/Panels,panel_0024.png,PNG,planned,varies,ui panel
MM-04603,Art/UI/Panels,panel_0025.png,PNG,planned,varies,ui panel
MM-04604,Art/UI/Panels,panel_0026.png,PNG,planned,varies,ui panel
MM-04605,Art/UI/Panels,panel_0027.png,PNG,planned,varies,ui panel
MM-04606,Art/UI/Panels,panel_0028.png,PNG,planned,varies,ui panel
MM-04607,Art/UI/Panels,panel_0029.png,PNG,planned,varies,ui panel
MM-04608,Art/UI/Panels,panel_0030.png,PNG,planned,varies,ui panel
MM-04609,Art/UI/Panels,panel_0031.png,PNG,planned,varies,ui panel
MM-04610,Art/UI/Panels,panel_0032.png,PNG,planned,varies,ui panel
MM-04611,Art/UI/Panels,panel_0033.png,PNG,planned,varies,ui panel
MM-04612,Art/UI/Panels,panel_0034.png,PNG,planned,varies,ui panel
MM-04613,Art/UI/Panels,panel_0035.png,PNG,planned,varies,ui panel
MM-04614,Art/UI/Panels,panel_0036.png,PNG,planned,varies,ui panel
MM-04615,Art/UI/Panels,panel_0037.png,PNG,planned,varies,ui panel
MM-04616,Art/UI/Panels,panel_0038.png,PNG,planned,varies,ui panel
MM-04617,Art/UI/Panels,panel_0039.png,PNG,planned,varies,ui panel
MM-04618,Art/UI/Panels,panel_0040.png,PNG,planned,varies,ui panel
MM-04619,Art/UI/Panels,panel_0041.png,PNG,planned,varies,ui panel
MM-04620,Art/UI/Panels,panel_0042.png,PNG,planned,varies,ui panel
MM-04621,Art/UI/Panels,panel_0043.png,PNG,planned,varies,ui panel
MM-04622,Art/UI/Panels,panel_0044.png,PNG,planned,varies,ui panel
MM-04623,Art/UI/Panels,panel_0045.png,PNG,planned,varies,ui panel
MM-04624,Art/UI/Panels,panel_0046.png,PNG,planned,varies,ui panel
MM-04625,Art/UI/Panels,panel_0047.png,PNG,planned,varies,ui panel
MM-04626,Art/UI/Panels,panel_0048.png,PNG,planned,varies,ui panel
MM-04627,Art/UI/Panels,panel_0049.png,PNG,planned,varies,ui panel
MM-04628,Art/UI/Panels,panel_0050.png,PNG,planned,varies,ui panel
MM-04629,Art/UI/Panels,panel_0051.png,PNG,planned,varies,ui panel
MM-04630,Art/UI/Panels,panel_0052.png,PNG,planned,varies,ui panel
MM-04631,Art/UI/Panels,panel_0053.png,PNG,planned,varies,ui panel
MM-04632,Art/UI/Panels,panel_0054.png,PNG,planned,varies,ui panel
MM-04633,Art/UI/Panels,panel_0055.png,PNG,planned,varies,ui panel
MM-04634,Art/UI/Panels,panel_0056.png,PNG,planned,varies,ui panel
MM-04635,Art/UI/Panels,panel_0057.png,PNG,planned,varies,ui panel
MM-04636,Art/UI/Panels,panel_0058.png,PNG,planned,varies,ui panel
MM-04637,Art/UI/Panels,panel_0059.png,PNG,planned,varies,ui panel
MM-04638,Art/UI/Panels,panel_0060.png,PNG,planned,varies,ui panel
MM-04639,Art/UI/Panels,panel_0061.png,PNG,planned,varies,ui panel
MM-04640,Art/UI/Panels,panel_0062.png,PNG,planned,varies,ui panel
MM-04641,Art/UI/Panels,panel_0063.png,PNG,planned,varies,ui panel
MM-04642,Art/UI/Panels,panel_0064.png,PNG,planned,varies,ui panel
MM-04643,Art/UI/Panels,panel_0065.png,PNG,planned,varies,ui panel
MM-04644,Art/UI/Panels,panel_0066.png,PNG,planned,varies,ui panel
MM-04645,Art/UI/Panels,panel_0067.png,PNG,planned,varies,ui panel
MM-04646,Art/UI/Panels,panel_0068.png,PNG,planned,varies,ui panel
MM-04647,Art/UI/Panels,panel_0069.png,PNG,planned,varies,ui panel
MM-04648,Art/UI/Panels,panel_0070.png,PNG,planned,varies,ui panel
MM-04649,Art/UI/Panels,panel_0071.png,PNG,planned,varies,ui panel
MM-04650,Art/UI/Panels,panel_0072.png,PNG,planned,varies,ui panel
MM-04651,Art/UI/Panels,panel_0073.png,PNG,planned,varies,ui panel
MM-04652,Art/UI/Panels,panel_0074.png,PNG,planned,varies,ui panel
MM-04653,Art/UI/Panels,panel_0075.png,PNG,planned,varies,ui panel
MM-04654,Art/UI/Panels,panel_0076.png,PNG,planned,varies,ui panel
MM-04655,Art/UI/Panels,panel_0077.png,PNG,planned,varies,ui panel
MM-04656,Art/UI/Panels,panel_0078.png,PNG,planned,varies,ui panel
MM-04657,Art/UI/Panels,panel_0079.png,PNG,planned,varies,ui panel
MM-04658,Art/UI/Panels,panel_0080.png,PNG,planned,varies,ui panel
MM-04659,Art/UI/Panels,panel_0081.png,PNG,planned,varies,ui panel
MM-04660,Art/UI/Panels,panel_0082.png,PNG,planned,varies,ui panel
MM-04661,Art/UI/Panels,panel_0083.png,PNG,planned,varies,ui panel
MM-04662,Art/UI/Panels,panel_0084.png,PNG,planned,varies,ui panel
MM-04663,Art/UI/Panels,panel_0085.png,PNG,planned,varies,ui panel
MM-04664,Art/UI/Panels,panel_0086.png,PNG,planned,varies,ui panel
MM-04665,Art/UI/Panels,panel_0087.png,PNG,planned,varies,ui panel
MM-04666,Art/UI/Panels,panel_0088.png,PNG,planned,varies,ui panel
MM-04667,Art/UI/Panels,panel_0089.png,PNG,planned,varies,ui panel
MM-04668,Art/UI/Panels,panel_0090.png,PNG,planned,varies,ui panel
MM-04669,Art/UI/Panels,panel_0091.png,PNG,planned,varies,ui panel
MM-04670,Art/UI/Panels,panel_0092.png,PNG,planned,varies,ui panel
MM-04671,Art/UI/Panels,panel_0093.png,PNG,planned,varies,ui panel
MM-04672,Art/UI/Panels,panel_0094.png,PNG,planned,varies,ui panel
MM-04673,Art/UI/Panels,panel_0095.png,PNG,planned,varies,ui panel
MM-04674,Art/UI/Panels,panel_0096.png,PNG,planned,varies,ui panel
MM-04675,Art/UI/Panels,panel_0097.png,PNG,planned,varies,ui panel
MM-04676,Art/UI/Panels,panel_0098.png,PNG,planned,varies,ui panel
MM-04677,Art/UI/Panels,panel_0099.png,PNG,planned,varies,ui panel
MM-04678,Art/UI/Panels,panel_0100.png,PNG,planned,varies,ui panel
MM-04679,Art/UI/Panels,panel_0101.png,PNG,planned,varies,ui panel
MM-04680,Art/UI/Panels,panel_0102.png,PNG,planned,varies,ui panel
MM-04681,Art/UI/Panels,panel_0103.png,PNG,planned,varies,ui panel
MM-04682,Art/UI/Panels,panel_0104.png,PNG,planned,varies,ui panel
MM-04683,Art/UI/Panels,panel_0105.png,PNG,planned,varies,ui panel
MM-04684,Art/UI/Panels,panel_0106.png,PNG,planned,varies,ui panel
MM-04685,Art/UI/Panels,panel_0107.png,PNG,planned,varies,ui panel
MM-04686,Art/UI/Panels,panel_0108.png,PNG,planned,varies,ui panel
MM-04687,Art/UI/Panels,panel_0109.png,PNG,planned,varies,ui panel
MM-04688,Art/UI/Panels,panel_0110.png,PNG,planned,varies,ui panel
MM-04689,Art/UI/Panels,panel_0111.png,PNG,planned,varies,ui panel
MM-04690,Art/UI/Panels,panel_0112.png,PNG,planned,varies,ui panel
MM-04691,Art/UI/Panels,panel_0113.png,PNG,planned,varies,ui panel
MM-04692,Art/UI/Panels,panel_0114.png,PNG,planned,varies,ui panel
MM-04693,Art/UI/Panels,panel_0115.png,PNG,planned,varies,ui panel
MM-04694,Art/UI/Panels,panel_0116.png,PNG,planned,varies,ui panel
MM-04695,Art/UI/Panels,panel_0117.png,PNG,planned,varies,ui panel
MM-04696,Art/UI/Panels,panel_0118.png,PNG,planned,varies,ui panel
MM-04697,Art/UI/Panels,panel_0119.png,PNG,planned,varies,ui panel
MM-04698,Art/UI/Panels,panel_0120.png,PNG,planned,varies,ui panel
MM-04699,Art/UI/Panels,panel_0121.png,PNG,planned,varies,ui panel
MM-04700,Art/UI/Panels,panel_0122.png,PNG,planned,varies,ui panel
MM-04701,Art/UI/Panels,panel_0123.png,PNG,planned,varies,ui panel
MM-04702,Art/UI/Panels,panel_0124.png,PNG,planned,varies,ui panel
MM-04703,Art/UI/Panels,panel_0125.png,PNG,planned,varies,ui panel
MM-04704,Art/UI/Panels,panel_0126.png,PNG,planned,varies,ui panel
MM-04705,Art/UI/Panels,panel_0127.png,PNG,planned,varies,ui panel
MM-04706,Art/UI/Panels,panel_0128.png,PNG,planned,varies,ui panel
MM-04707,Art/UI/Panels,panel_0129.png,PNG,planned,varies,ui panel
MM-04708,Art/UI/Panels,panel_0130.png,PNG,planned,varies,ui panel
MM-04709,Art/UI/Panels,panel_0131.png,PNG,planned,varies,ui panel
MM-04710,Art/UI/Panels,panel_0132.png,PNG,planned,varies,ui panel
MM-04711,Art/UI/Panels,panel_0133.png,PNG,planned,varies,ui panel
MM-04712,Art/UI/Panels,panel_0134.png,PNG,planned,varies,ui panel
MM-04713,Art/UI/Panels,panel_0135.png,PNG,planned,varies,ui panel
MM-04714,Art/UI/Panels,panel_0136.png,PNG,planned,varies,ui panel
MM-04715,Art/UI/Panels,panel_0137.png,PNG,planned,varies,ui panel
MM-04716,Art/UI/Panels,panel_0138.png,PNG,planned,varies,ui panel
MM-04717,Art/UI/Panels,panel_0139.png,PNG,planned,varies,ui panel
MM-04718,Art/UI/Panels,panel_0140.png,PNG,planned,varies,ui panel
MM-04719,Art/UI/Panels,panel_0141.png,PNG,planned,varies,ui panel
MM-04720,Art/UI/Panels,panel_0142.png,PNG,planned,varies,ui panel
MM-04721,Art/UI/Panels,panel_0143.png,PNG,planned,varies,ui panel
MM-04722,Art/UI/Panels,panel_0144.png,PNG,planned,varies,ui panel
MM-04723,Art/UI/Panels,panel_0145.png,PNG,planned,varies,ui panel
MM-04724,Art/UI/Panels,panel_0146.png,PNG,planned,varies,ui panel
MM-04725,Art/UI/Panels,panel_0147.png,PNG,planned,varies,ui panel
MM-04726,Art/UI/Panels,panel_0148.png,PNG,planned,varies,ui panel
MM-04727,Art/UI/Panels,panel_0149.png,PNG,planned,varies,ui panel
MM-04728,Art/UI/Panels,panel_0150.png,PNG,planned,varies,ui panel
MM-04729,Art/UI/Panels,panel_0151.png,PNG,planned,varies,ui panel
MM-04730,Art/UI/Panels,panel_0152.png,PNG,planned,varies,ui panel
MM-04731,Art/UI/Panels,panel_0153.png,PNG,planned,varies,ui panel
MM-04732,Art/UI/Panels,panel_0154.png,PNG,planned,varies,ui panel
MM-04733,Art/UI/Panels,panel_0155.png,PNG,planned,varies,ui panel
MM-04734,Art/UI/Panels,panel_0156.png,PNG,planned,varies,ui panel
MM-04735,Art/UI/Panels,panel_0157.png,PNG,planned,varies,ui panel
MM-04736,Art/UI/Panels,panel_0158.png,PNG,planned,varies,ui panel
MM-04737,Art/UI/Panels,panel_0159.png,PNG,planned,varies,ui panel
MM-04738,Art/UI/Panels,panel_0160.png,PNG,planned,varies,ui panel
MM-04739,Art/UI/Panels,panel_0161.png,PNG,planned,varies,ui panel
MM-04740,Art/UI/Panels,panel_0162.png,PNG,planned,varies,ui panel
MM-04741,Art/UI/Panels,panel_0163.png,PNG,planned,varies,ui panel
MM-04742,Art/UI/Panels,panel_0164.png,PNG,planned,varies,ui panel
MM-04743,Art/UI/Panels,panel_0165.png,PNG,planned,varies,ui panel
MM-04744,Art/UI/Panels,panel_0166.png,PNG,planned,varies,ui panel
MM-04745,Art/UI/Panels,panel_0167.png,PNG,planned,varies,ui panel
MM-04746,Art/UI/Panels,panel_0168.png,PNG,planned,varies,ui panel
MM-04747,Art/UI/Panels,panel_0169.png,PNG,planned,varies,ui panel
MM-04748,Art/UI/Panels,panel_0170.png,PNG,planned,varies,ui panel
MM-04749,Art/UI/Panels,panel_0171.png,PNG,planned,varies,ui panel
MM-04750,Art/UI/Panels,panel_0172.png,PNG,planned,varies,ui panel
MM-04751,Art/UI/Panels,panel_0173.png,PNG,planned,varies,ui panel
MM-04752,Art/UI/Panels,panel_0174.png,PNG,planned,varies,ui panel
MM-04753,Art/UI/Panels,panel_0175.png,PNG,planned,varies,ui panel
MM-04754,Art/UI/Panels,panel_0176.png,PNG,planned,varies,ui panel
MM-04755,Art/UI/Panels,panel_0177.png,PNG,planned,varies,ui panel
MM-04756,Art/UI/Panels,panel_0178.png,PNG,planned,varies,ui panel
MM-04757,Art/UI/Panels,panel_0179.png,PNG,planned,varies,ui panel
MM-04758,Art/UI/Panels,panel_0180.png,PNG,planned,varies,ui panel
MM-04759,Art/UI/Panels,panel_0181.png,PNG,planned,varies,ui panel
MM-04760,Art/UI/Panels,panel_0182.png,PNG,planned,varies,ui panel
MM-04761,Art/UI/Panels,panel_0183.png,PNG,planned,varies,ui panel
MM-04762,Art/UI/Panels,panel_0184.png,PNG,planned,varies,ui panel
MM-04763,Art/UI/Panels,panel_0185.png,PNG,planned,varies,ui panel
MM-04764,Art/UI/Panels,panel_0186.png,PNG,planned,varies,ui panel
MM-04765,Art/UI/Panels,panel_0187.png,PNG,planned,varies,ui panel
MM-04766,Art/UI/Panels,panel_0188.png,PNG,planned,varies,ui panel
MM-04767,Art/UI/Panels,panel_0189.png,PNG,planned,varies,ui panel
MM-04768,Art/UI/Panels,panel_0190.png,PNG,planned,varies,ui panel
MM-04769,Art/UI/Panels,panel_0191.png,PNG,planned,varies,ui panel
MM-04770,Art/UI/Panels,panel_0192.png,PNG,planned,varies,ui panel
MM-04771,Art/UI/Panels,panel_0193.png,PNG,planned,varies,ui panel
MM-04772,Art/UI/Panels,panel_0194.png,PNG,planned,varies,ui panel
MM-04773,Art/UI/Panels,panel_0195.png,PNG,planned,varies,ui panel
MM-04774,Art/UI/Panels,panel_0196.png,PNG,planned,varies,ui panel
MM-04775,Art/UI/Panels,panel_0197.png,PNG,planned,varies,ui panel
MM-04776,Art/UI/Panels,panel_0198.png,PNG,planned,varies,ui panel
MM-04777,Art/UI/Panels,panel_0199.png,PNG,planned,varies,ui panel
MM-04778,Art/UI/Panels,panel_0200.png,PNG,planned,varies,ui panel
MM-04779,Art/UI/Panels,panel_0201.png,PNG,planned,varies,ui panel
MM-04780,Art/UI/Panels,panel_0202.png,PNG,planned,varies,ui panel
MM-04781,Art/UI/Panels,panel_0203.png,PNG,planned,varies,ui panel
MM-04782,Art/UI/Panels,panel_0204.png,PNG,planned,varies,ui panel
MM-04783,Art/UI/Panels,panel_0205.png,PNG,planned,varies,ui panel
MM-04784,Art/UI/Panels,panel_0206.png,PNG,planned,varies,ui panel
MM-04785,Art/UI/Panels,panel_0207.png,PNG,planned,varies,ui panel
MM-04786,Art/UI/Panels,panel_0208.png,PNG,planned,varies,ui panel
MM-04787,Art/UI/Panels,panel_0209.png,PNG,planned,varies,ui panel
MM-04788,Art/UI/Panels,panel_0210.png,PNG,planned,varies,ui panel
MM-04789,Art/UI/Panels,panel_0211.png,PNG,planned,varies,ui panel
MM-04790,Art/UI/Panels,panel_0212.png,PNG,planned,varies,ui panel
MM-04791,Art/UI/Panels,panel_0213.png,PNG,planned,varies,ui panel
MM-04792,Art/UI/Panels,panel_0214.png,PNG,planned,varies,ui panel
MM-04793,Art/UI/Panels,panel_0215.png,PNG,planned,varies,ui panel
MM-04794,Art/UI/Panels,panel_0216.png,PNG,planned,varies,ui panel
MM-04795,Art/UI/Panels,panel_0217.png,PNG,planned,varies,ui panel
MM-04796,Art/UI/Panels,panel_0218.png,PNG,planned,varies,ui panel
MM-04797,Art/UI/Panels,panel_0219.png,PNG,planned,varies,ui panel
MM-04798,Art/UI/Panels,panel_0220.png,PNG,planned,varies,ui panel
MM-04799,Art/UI/HUD,hud_0001.png,PNG,planned,varies,hud element
MM-04800,Art/UI/HUD,hud_0002.png,PNG,planned,varies,hud element
MM-04801,Art/UI/HUD,hud_0003.png,PNG,planned,varies,hud element
MM-04802,Art/UI/HUD,hud_0004.png,PNG,planned,varies,hud element
MM-04803,Art/UI/HUD,hud_0005.png,PNG,planned,varies,hud element
MM-04804,Art/UI/HUD,hud_0006.png,PNG,planned,varies,hud element
MM-04805,Art/UI/HUD,hud_0007.png,PNG,planned,varies,hud element
MM-04806,Art/UI/HUD,hud_0008.png,PNG,planned,varies,hud element
MM-04807,Art/UI/HUD,hud_0009.png,PNG,planned,varies,hud element
MM-04808,Art/UI/HUD,hud_0010.png,PNG,planned,varies,hud element
MM-04809,Art/UI/HUD,hud_0011.png,PNG,planned,varies,hud element
MM-04810,Art/UI/HUD,hud_0012.png,PNG,planned,varies,hud element
MM-04811,Art/UI/HUD,hud_0013.png,PNG,planned,varies,hud element
MM-04812,Art/UI/HUD,hud_0014.png,PNG,planned,varies,hud element
MM-04813,Art/UI/HUD,hud_0015.png,PNG,planned,varies,hud element
MM-04814,Art/UI/HUD,hud_0016.png,PNG,planned,varies,hud element
MM-04815,Art/UI/HUD,hud_0017.png,PNG,planned,varies,hud element
MM-04816,Art/UI/HUD,hud_0018.png,PNG,planned,varies,hud element
MM-04817,Art/UI/HUD,hud_0019.png,PNG,planned,varies,hud element
MM-04818,Art/UI/HUD,hud_0020.png,PNG,planned,varies,hud element
MM-04819,Art/UI/HUD,hud_0021.png,PNG,planned,varies,hud element
MM-04820,Art/UI/HUD,hud_0022.png,PNG,planned,varies,hud element
MM-04821,Art/UI/HUD,hud_0023.png,PNG,planned,varies,hud element
MM-04822,Art/UI/HUD,hud_0024.png,PNG,planned,varies,hud element
MM-04823,Art/UI/HUD,hud_0025.png,PNG,planned,varies,hud element
MM-04824,Art/UI/HUD,hud_0026.png,PNG,planned,varies,hud element
MM-04825,Art/UI/HUD,hud_0027.png,PNG,planned,varies,hud element
MM-04826,Art/UI/HUD,hud_0028.png,PNG,planned,varies,hud element
MM-04827,Art/UI/HUD,hud_0029.png,PNG,planned,varies,hud element
MM-04828,Art/UI/HUD,hud_0030.png,PNG,planned,varies,hud element
MM-04829,Art/UI/HUD,hud_0031.png,PNG,planned,varies,hud element
MM-04830,Art/UI/HUD,hud_0032.png,PNG,planned,varies,hud element
MM-04831,Art/UI/HUD,hud_0033.png,PNG,planned,varies,hud element
MM-04832,Art/UI/HUD,hud_0034.png,PNG,planned,varies,hud element
MM-04833,Art/UI/HUD,hud_0035.png,PNG,planned,varies,hud element
MM-04834,Art/UI/HUD,hud_0036.png,PNG,planned,varies,hud element
MM-04835,Art/UI/HUD,hud_0037.png,PNG,planned,varies,hud element
MM-04836,Art/UI/HUD,hud_0038.png,PNG,planned,varies,hud element
MM-04837,Art/UI/HUD,hud_0039.png,PNG,planned,varies,hud element
MM-04838,Art/UI/HUD,hud_0040.png,PNG,planned,varies,hud element
MM-04839,Art/UI/HUD,hud_0041.png,PNG,planned,varies,hud element
MM-04840,Art/UI/HUD,hud_0042.png,PNG,planned,varies,hud element
MM-04841,Art/UI/HUD,hud_0043.png,PNG,planned,varies,hud element
MM-04842,Art/UI/HUD,hud_0044.png,PNG,planned,varies,hud element
MM-04843,Art/UI/HUD,hud_0045.png,PNG,planned,varies,hud element
MM-04844,Art/UI/HUD,hud_0046.png,PNG,planned,varies,hud element
MM-04845,Art/UI/HUD,hud_0047.png,PNG,planned,varies,hud element
MM-04846,Art/UI/HUD,hud_0048.png,PNG,planned,varies,hud element
MM-04847,Art/UI/HUD,hud_0049.png,PNG,planned,varies,hud element
MM-04848,Art/UI/HUD,hud_0050.png,PNG,planned,varies,hud element
MM-04849,Art/UI/HUD,hud_0051.png,PNG,planned,varies,hud element
MM-04850,Art/UI/HUD,hud_0052.png,PNG,planned,varies,hud element
MM-04851,Art/UI/HUD,hud_0053.png,PNG,planned,varies,hud element
MM-04852,Art/UI/HUD,hud_0054.png,PNG,planned,varies,hud element
MM-04853,Art/UI/HUD,hud_0055.png,PNG,planned,varies,hud element
MM-04854,Art/UI/HUD,hud_0056.png,PNG,planned,varies,hud element
MM-04855,Art/UI/HUD,hud_0057.png,PNG,planned,varies,hud element
MM-04856,Art/UI/HUD,hud_0058.png,PNG,planned,varies,hud element
MM-04857,Art/UI/HUD,hud_0059.png,PNG,planned,varies,hud element
MM-04858,Art/UI/HUD,hud_0060.png,PNG,planned,varies,hud element
MM-04859,Art/UI/HUD,hud_0061.png,PNG,planned,varies,hud element
MM-04860,Art/UI/HUD,hud_0062.png,PNG,planned,varies,hud element
MM-04861,Art/UI/HUD,hud_0063.png,PNG,planned,varies,hud element
MM-04862,Art/UI/HUD,hud_0064.png,PNG,planned,varies,hud element
MM-04863,Art/UI/HUD,hud_0065.png,PNG,planned,varies,hud element
MM-04864,Art/UI/HUD,hud_0066.png,PNG,planned,varies,hud element
MM-04865,Art/UI/HUD,hud_0067.png,PNG,planned,varies,hud element
MM-04866,Art/UI/HUD,hud_0068.png,PNG,planned,varies,hud element
MM-04867,Art/UI/HUD,hud_0069.png,PNG,planned,varies,hud element
MM-04868,Art/UI/HUD,hud_0070.png,PNG,planned,varies,hud element
MM-04869,Art/UI/HUD,hud_0071.png,PNG,planned,varies,hud element
MM-04870,Art/UI/HUD,hud_0072.png,PNG,planned,varies,hud element
MM-04871,Art/UI/HUD,hud_0073.png,PNG,planned,varies,hud element
MM-04872,Art/UI/HUD,hud_0074.png,PNG,planned,varies,hud element
MM-04873,Art/UI/HUD,hud_0075.png,PNG,planned,varies,hud element
MM-04874,Art/UI/HUD,hud_0076.png,PNG,planned,varies,hud element
MM-04875,Art/UI/HUD,hud_0077.png,PNG,planned,varies,hud element
MM-04876,Art/UI/HUD,hud_0078.png,PNG,planned,varies,hud element
MM-04877,Art/UI/HUD,hud_0079.png,PNG,planned,varies,hud element
MM-04878,Art/UI/HUD,hud_0080.png,PNG,planned,varies,hud element
MM-04879,Art/UI/HUD,hud_0081.png,PNG,planned,varies,hud element
MM-04880,Art/UI/HUD,hud_0082.png,PNG,planned,varies,hud element
MM-04881,Art/UI/HUD,hud_0083.png,PNG,planned,varies,hud element
MM-04882,Art/UI/HUD,hud_0084.png,PNG,planned,varies,hud element
MM-04883,Art/UI/HUD,hud_0085.png,PNG,planned,varies,hud element
MM-04884,Art/UI/HUD,hud_0086.png,PNG,planned,varies,hud element
MM-04885,Art/UI/HUD,hud_0087.png,PNG,planned,varies,hud element
MM-04886,Art/UI/HUD,hud_0088.png,PNG,planned,varies,hud element
MM-04887,Art/UI/HUD,hud_0089.png,PNG,planned,varies,hud element
MM-04888,Art/UI/HUD,hud_0090.png,PNG,planned,varies,hud element
MM-04889,Art/UI/HUD,hud_0091.png,PNG,planned,varies,hud element
MM-04890,Art/UI/HUD,hud_0092.png,PNG,planned,varies,hud element
MM-04891,Art/UI/HUD,hud_0093.png,PNG,planned,varies,hud element
MM-04892,Art/UI/HUD,hud_0094.png,PNG,planned,varies,hud element
MM-04893,Art/UI/HUD,hud_0095.png,PNG,planned,varies,hud element
MM-04894,Art/UI/HUD,hud_0096.png,PNG,planned,varies,hud element
MM-04895,Art/UI/HUD,hud_0097.png,PNG,planned,varies,hud element
MM-04896,Art/UI/HUD,hud_0098.png,PNG,planned,varies,hud element
MM-04897,Art/UI/HUD,hud_0099.png,PNG,planned,varies,hud element
MM-04898,Art/UI/HUD,hud_0100.png,PNG,planned,varies,hud element
MM-04899,Art/UI/HUD,hud_0101.png,PNG,planned,varies,hud element
MM-04900,Art/UI/HUD,hud_0102.png,PNG,planned,varies,hud element
MM-04901,Art/UI/HUD,hud_0103.png,PNG,planned,varies,hud element
MM-04902,Art/UI/HUD,hud_0104.png,PNG,planned,varies,hud element
MM-04903,Art/UI/HUD,hud_0105.png,PNG,planned,varies,hud element
MM-04904,Art/UI/HUD,hud_0106.png,PNG,planned,varies,hud element
MM-04905,Art/UI/HUD,hud_0107.png,PNG,planned,varies,hud element
MM-04906,Art/UI/HUD,hud_0108.png,PNG,planned,varies,hud element
MM-04907,Art/UI/HUD,hud_0109.png,PNG,planned,varies,hud element
MM-04908,Art/UI/HUD,hud_0110.png,PNG,planned,varies,hud element
MM-04909,Art/UI/HUD,hud_0111.png,PNG,planned,varies,hud element
MM-04910,Art/UI/HUD,hud_0112.png,PNG,planned,varies,hud element
MM-04911,Art/UI/HUD,hud_0113.png,PNG,planned,varies,hud element
MM-04912,Art/UI/HUD,hud_0114.png,PNG,planned,varies,hud element
MM-04913,Art/UI/HUD,hud_0115.png,PNG,planned,varies,hud element
MM-04914,Art/UI/HUD,hud_0116.png,PNG,planned,varies,hud element
MM-04915,Art/UI/HUD,hud_0117.png,PNG,planned,varies,hud element
MM-04916,Art/UI/HUD,hud_0118.png,PNG,planned,varies,hud element
MM-04917,Art/UI/HUD,hud_0119.png,PNG,planned,varies,hud element
MM-04918,Art/UI/HUD,hud_0120.png,PNG,planned,varies,hud element
MM-04919,Art/UI/HUD,hud_0121.png,PNG,planned,varies,hud element
MM-04920,Art/UI/HUD,hud_0122.png,PNG,planned,varies,hud element
MM-04921,Art/UI/HUD,hud_0123.png,PNG,planned,varies,hud element
MM-04922,Art/UI/HUD,hud_0124.png,PNG,planned,varies,hud element
MM-04923,Art/UI/HUD,hud_0125.png,PNG,planned,varies,hud element
MM-04924,Art/UI/HUD,hud_0126.png,PNG,planned,varies,hud element
MM-04925,Art/UI/HUD,hud_0127.png,PNG,planned,varies,hud element
MM-04926,Art/UI/HUD,hud_0128.png,PNG,planned,varies,hud element
MM-04927,Art/UI/HUD,hud_0129.png,PNG,planned,varies,hud element
MM-04928,Art/UI/HUD,hud_0130.png,PNG,planned,varies,hud element
MM-04929,Art/UI/HUD,hud_0131.png,PNG,planned,varies,hud element
MM-04930,Art/UI/HUD,hud_0132.png,PNG,planned,varies,hud element
MM-04931,Art/UI/HUD,hud_0133.png,PNG,planned,varies,hud element
MM-04932,Art/UI/HUD,hud_0134.png,PNG,planned,varies,hud element
MM-04933,Art/UI/HUD,hud_0135.png,PNG,planned,varies,hud element
MM-04934,Art/UI/HUD,hud_0136.png,PNG,planned,varies,hud element
MM-04935,Art/UI/HUD,hud_0137.png,PNG,planned,varies,hud element
MM-04936,Art/UI/HUD,hud_0138.png,PNG,planned,varies,hud element
MM-04937,Art/UI/HUD,hud_0139.png,PNG,planned,varies,hud element
MM-04938,Art/UI/HUD,hud_0140.png,PNG,planned,varies,hud element
MM-04939,Art/UI/HUD,hud_0141.png,PNG,planned,varies,hud element
MM-04940,Art/UI/HUD,hud_0142.png,PNG,planned,varies,hud element
MM-04941,Art/UI/HUD,hud_0143.png,PNG,planned,varies,hud element
MM-04942,Art/UI/HUD,hud_0144.png,PNG,planned,varies,hud element
MM-04943,Art/UI/HUD,hud_0145.png,PNG,planned,varies,hud element
MM-04944,Art/UI/HUD,hud_0146.png,PNG,planned,varies,hud element
MM-04945,Art/UI/HUD,hud_0147.png,PNG,planned,varies,hud element
MM-04946,Art/UI/HUD,hud_0148.png,PNG,planned,varies,hud element
MM-04947,Art/UI/HUD,hud_0149.png,PNG,planned,varies,hud element
MM-04948,Art/UI/HUD,hud_0150.png,PNG,planned,varies,hud element
MM-04949,Art/UI/HUD,hud_0151.png,PNG,planned,varies,hud element
MM-04950,Art/UI/HUD,hud_0152.png,PNG,planned,varies,hud element
MM-04951,Art/UI/HUD,hud_0153.png,PNG,planned,varies,hud element
MM-04952,Art/UI/HUD,hud_0154.png,PNG,planned,varies,hud element
MM-04953,Art/UI/HUD,hud_0155.png,PNG,planned,varies,hud element
MM-04954,Art/UI/HUD,hud_0156.png,PNG,planned,varies,hud element
MM-04955,Art/UI/HUD,hud_0157.png,PNG,planned,varies,hud element
MM-04956,Art/UI/HUD,hud_0158.png,PNG,planned,varies,hud element
MM-04957,Art/UI/HUD,hud_0159.png,PNG,planned,varies,hud element
MM-04958,Art/UI/HUD,hud_0160.png,PNG,planned,varies,hud element
MM-04959,Art/UI/HUD,hud_0161.png,PNG,planned,varies,hud element
MM-04960,Art/UI/HUD,hud_0162.png,PNG,planned,varies,hud element
MM-04961,Art/UI/HUD,hud_0163.png,PNG,planned,varies,hud element
MM-04962,Art/UI/HUD,hud_0164.png,PNG,planned,varies,hud element
MM-04963,Art/UI/HUD,hud_0165.png,PNG,planned,varies,hud element
MM-04964,Art/UI/HUD,hud_0166.png,PNG,planned,varies,hud element
MM-04965,Art/UI/HUD,hud_0167.png,PNG,planned,varies,hud element
MM-04966,Art/UI/HUD,hud_0168.png,PNG,planned,varies,hud element
MM-04967,Art/UI/HUD,hud_0169.png,PNG,planned,varies,hud element
MM-04968,Art/UI/HUD,hud_0170.png,PNG,planned,varies,hud element
MM-04969,Art/UI/HUD,hud_0171.png,PNG,planned,varies,hud element
MM-04970,Art/UI/HUD,hud_0172.png,PNG,planned,varies,hud element
MM-04971,Art/UI/HUD,hud_0173.png,PNG,planned,varies,hud element
MM-04972,Art/UI/HUD,hud_0174.png,PNG,planned,varies,hud element
MM-04973,Art/UI/HUD,hud_0175.png,PNG,planned,varies,hud element
MM-04974,Art/UI/HUD,hud_0176.png,PNG,planned,varies,hud element
MM-04975,Art/UI/HUD,hud_0177.png,PNG,planned,varies,hud element
MM-04976,Art/UI/HUD,hud_0178.png,PNG,planned,varies,hud element
MM-04977,Art/UI/HUD,hud_0179.png,PNG,planned,varies,hud element
MM-04978,Art/UI/HUD,hud_0180.png,PNG,planned,varies,hud element
MM-04979,Art/UI/ProgressBars,progress_0001.png,PNG,planned,varies,progress bar
MM-04980,Art/UI/ProgressBars,progress_0002.png,PNG,planned,varies,progress bar
MM-04981,Art/UI/ProgressBars,progress_0003.png,PNG,planned,varies,progress bar
MM-04982,Art/UI/ProgressBars,progress_0004.png,PNG,planned,varies,progress bar
MM-04983,Art/UI/ProgressBars,progress_0005.png,PNG,planned,varies,progress bar
MM-04984,Art/UI/ProgressBars,progress_0006.png,PNG,planned,varies,progress bar
MM-04985,Art/UI/ProgressBars,progress_0007.png,PNG,planned,varies,progress bar
MM-04986,Art/UI/ProgressBars,progress_0008.png,PNG,planned,varies,progress bar
MM-04987,Art/UI/ProgressBars,progress_0009.png,PNG,planned,varies,progress bar
MM-04988,Art/UI/ProgressBars,progress_0010.png,PNG,planned,varies,progress bar
MM-04989,Art/UI/ProgressBars,progress_0011.png,PNG,planned,varies,progress bar
MM-04990,Art/UI/ProgressBars,progress_0012.png,PNG,planned,varies,progress bar
MM-04991,Art/UI/ProgressBars,progress_0013.png,PNG,planned,varies,progress bar
MM-04992,Art/UI/ProgressBars,progress_0014.png,PNG,planned,varies,progress bar
MM-04993,Art/UI/ProgressBars,progress_0015.png,PNG,planned,varies,progress bar
MM-04994,Art/UI/ProgressBars,progress_0016.png,PNG,planned,varies,progress bar
MM-04995,Art/UI/ProgressBars,progress_0017.png,PNG,planned,varies,progress bar
MM-04996,Art/UI/ProgressBars,progress_0018.png,PNG,planned,varies,progress bar
MM-04997,Art/UI/ProgressBars,progress_0019.png,PNG,planned,varies,progress bar
MM-04998,Art/UI/ProgressBars,progress_0020.png,PNG,planned,varies,progress bar
MM-04999,Art/UI/ProgressBars,progress_0021.png,PNG,planned,varies,progress bar
MM-05000,Art/UI/ProgressBars,progress_0022.png,PNG,planned,varies,progress bar
